Insert into ETX_WEB_BUSINESS (BUS_ID,BUS_NAME,BUS_DESCRIPTION,BUS_CREATED_BY,BUS_CREATED_ON,BUS_UPDATED_BY,BUS_UPDATED_ON,BUS_ACTIVE_STATE) values (61,'edma',null,22,str_to_date('16-10-13 10:16','%d-%m-%Y %H:%i'),null,null,1);
Insert into ETX_WEB_BUSINESS (BUS_ID,BUS_NAME,BUS_DESCRIPTION,BUS_CREATED_BY,BUS_CREATED_ON,BUS_UPDATED_BY,BUS_UPDATED_ON,BUS_ACTIVE_STATE) values (62,'egreffe',null,22,str_to_date('16-10-13 10:16','%d-%m-%Y %H:%i'),null,null,1);

Insert into ETX_WEB_BUSINESS_CONFIG (BCG_ID,BUS_ID,BCG_PROPERTY_NAME,BCG_PROPERTY_VALUE) values (1,61,'etx.business.receiver.node.party.name','LOCAL-TIRDEAL-EDMA-APP-PARTY');
Insert into ETX_WEB_BUSINESS_CONFIG (BCG_ID,BUS_ID,BCG_PROPERTY_NAME,BCG_PROPERTY_VALUE) values (2,61,'etx.business.custom.view.name','edma');
Insert into ETX_WEB_BUSINESS_CONFIG (BCG_ID,BUS_ID,BCG_PROPERTY_NAME,BCG_PROPERTY_VALUE) values (3,61,'etx.business.warn.email.notif.enabled','true');
Insert into ETX_WEB_BUSINESS_CONFIG (BCG_ID,BUS_ID,BCG_PROPERTY_NAME,BCG_PROPERTY_VALUE) values (4,62,'etx.business.receiver.node.party.name',null);
Insert into ETX_WEB_BUSINESS_CONFIG (BCG_ID,BUS_ID,BCG_PROPERTY_NAME,BCG_PROPERTY_VALUE) values (5,62,'etx.business.custom.view.name','egreffe');
Insert into ETX_WEB_BUSINESS_CONFIG (BCG_ID,BUS_ID,BCG_PROPERTY_NAME,BCG_PROPERTY_VALUE) values (6,62,'etx.business.warn.email.notif.enabled','true');
Insert into ETX_WEB_BUSINESS_CONFIG (BCG_ID,BUS_ID,BCG_PROPERTY_NAME,BCG_PROPERTY_VALUE) values (13,62,'etx.business.enforce.one.email.notif.enabled','true');
INSERT INTO ETX_WEB_BUSINESS_CONFIG (BCG_ID, BUS_ID, BCG_PROPERTY_NAME, BCG_PROPERTY_VALUE)VALUES (14, 61,'etx.business.sending.enabled','true');
INSERT INTO ETX_WEB_BUSINESS_CONFIG (BCG_ID, BUS_ID, BCG_PROPERTY_NAME, BCG_PROPERTY_VALUE)VALUES (15, 62,'etx.business.sending.enabled','true');
/

Insert into ETX_WEB_PARTY (PAR_ID,PAR_EMAIL,PAR_CREATED_ON,PAR_NODE_NAME,PAR_NODE_USR,PAR_NODE_PASS,PAR_DISPLAY_NAME,BUS_ID,PAR_NOTIFICATIONS_ENABLED,PAR_CREATED_BY,PAR_UPDATED_BY,PAR_UPDATED_ON,PAR_ACTIVE_STATE) values (9,'Alexandru.TIRDEA@ext.ec.europa.eu',str_to_date('21-10-14 00:00','%d-%m-%Y %H:%i'),'LOCAL-MICLEVA-ENCR-PARTY','LOCAL-MICLEVA-ENCR','micleva','LOCAL-MICLEVA-ENCR-PARTY',61,1,22,1,null,1);
Insert into ETX_WEB_PARTY (PAR_ID,PAR_EMAIL,PAR_CREATED_ON,PAR_NODE_NAME,PAR_NODE_USR,PAR_NODE_PASS,PAR_DISPLAY_NAME,BUS_ID,PAR_NOTIFICATIONS_ENABLED,PAR_CREATED_BY,PAR_UPDATED_BY,PAR_UPDATED_ON,PAR_ACTIVE_STATE) values (6,null,str_to_date('23-06-14 14:32','%d-%m-%Y %H:%i'),'LOCAL-TENAPJU-NOTENCR-PARTY','LOCAL-TENAPJU-NOTENCR','tenapju','LOCAL-TENAPJU-NOTENCR-PARTY',61,0,22,null,null,1);
Insert into ETX_WEB_PARTY (PAR_ID,PAR_EMAIL,PAR_CREATED_ON,PAR_NODE_NAME,PAR_NODE_USR,PAR_NODE_PASS,PAR_DISPLAY_NAME,BUS_ID,PAR_NOTIFICATIONS_ENABLED,PAR_CREATED_BY,PAR_UPDATED_BY,PAR_UPDATED_ON,PAR_ACTIVE_STATE) values (7,null,str_to_date('23-06-14 14:32','%d-%m-%Y %H:%i'),'LOCAL-TENAPJU-ENCR-PARTY','LOCAL-TENAPJU-ENCR','tenapju','LOCAL-TENAPJU-ENCR-PARTY',61,0,22,null,null,1);
Insert into ETX_WEB_PARTY (PAR_ID,PAR_EMAIL,PAR_CREATED_ON,PAR_NODE_NAME,PAR_NODE_USR,PAR_NODE_PASS,PAR_DISPLAY_NAME,BUS_ID,PAR_NOTIFICATIONS_ENABLED,PAR_CREATED_BY,PAR_UPDATED_BY,PAR_UPDATED_ON,PAR_ACTIVE_STATE) values (1,'bbbccd',str_to_date('16-10-13 10:16','%d-%m-%Y %H:%i'),'ref1','AS','AS','EDMA_SOM',61,1,22,5,str_to_date('22-06-15 10:09','%d-%m-%Y %H:%i'),1);
Insert into ETX_WEB_PARTY (PAR_ID,PAR_EMAIL,PAR_CREATED_ON,PAR_NODE_NAME,PAR_NODE_USR,PAR_NODE_PASS,PAR_DISPLAY_NAME,BUS_ID,PAR_NOTIFICATIONS_ENABLED,PAR_CREATED_BY,PAR_UPDATED_BY,PAR_UPDATED_ON,PAR_ACTIVE_STATE) values (2,'sdfdsf@sadf.com',str_to_date('16-10-13 10:16','%d-%m-%Y %H:%i'),'REF2','AS','AS','2edma2',62,0,22,5,str_to_date('06-07-15 15:05','%d-%m-%Y %H:%i'),1);
Insert into ETX_WEB_PARTY (PAR_ID,PAR_EMAIL,PAR_CREATED_ON,PAR_NODE_NAME,PAR_NODE_USR,PAR_NODE_PASS,PAR_DISPLAY_NAME,BUS_ID,PAR_NOTIFICATIONS_ENABLED,PAR_CREATED_BY,PAR_UPDATED_BY,PAR_UPDATED_ON,PAR_ACTIVE_STATE) values (3,'ahmed@commission32.be',str_to_date('16-10-13 13:13','%d-%m-%Y %H:%i'),'ref3','NA','NA','Party 3',62,0,22,5,str_to_date('22-06-15 11:09','%d-%m-%Y %H:%i'),1);
Insert into ETX_WEB_PARTY (PAR_ID,PAR_EMAIL,PAR_CREATED_ON,PAR_NODE_NAME,PAR_NODE_USR,PAR_NODE_PASS,PAR_DISPLAY_NAME,BUS_ID,PAR_NOTIFICATIONS_ENABLED,PAR_CREATED_BY,PAR_UPDATED_BY,PAR_UPDATED_ON,PAR_ACTIVE_STATE) values (8,null,str_to_date('21-10-14 16:27','%d-%m-%Y %H:%i'),'LOCAL-MICLEVA-NOTENCR-PARTY','LOCAL-MICLEVA-NOTENCR','micleva','LOCAL-MICLEVA-NOTENCR-PARTY',61,1,22,1,null,1);
Insert into ETX_WEB_PARTY (PAR_ID,PAR_EMAIL,PAR_CREATED_ON,PAR_NODE_NAME,PAR_NODE_USR,PAR_NODE_PASS,PAR_DISPLAY_NAME,BUS_ID,PAR_NOTIFICATIONS_ENABLED,PAR_CREATED_BY,PAR_UPDATED_BY,PAR_UPDATED_ON,PAR_ACTIVE_STATE) values (10,'Alexandru.TIRDEA@ext.ec.europa.eu',str_to_date('16-12-14 09:11','%d-%m-%Y %H:%i'),'LOCAL-TIRDEAL-NOTENCR-PARTY','LOCAL-TIRDEAL-NOTENCR','test','LOCAL-TIRDEAL-NOTENCR-PARTY',61,1,22,1,null,1);
Insert into ETX_WEB_PARTY (PAR_ID,PAR_EMAIL,PAR_CREATED_ON,PAR_NODE_NAME,PAR_NODE_USR,PAR_NODE_PASS,PAR_DISPLAY_NAME,BUS_ID,PAR_NOTIFICATIONS_ENABLED,PAR_CREATED_BY,PAR_UPDATED_BY,PAR_UPDATED_ON,PAR_ACTIVE_STATE) values (11,'4ertytfrd@wer.com',str_to_date('16-12-14 12:49','%d-%m-%Y %H:%i'),'DEV-ETX-ALEX-PARTY','e-TrustExWeb','e-TrustExWeb','DEV-ETX-ALEX-PARTY',61,0,22,5,str_to_date('02-07-15 10:53','%d-%m-%Y %H:%i'),1);
Insert into ETX_WEB_PARTY (PAR_ID,PAR_EMAIL,PAR_CREATED_ON,PAR_NODE_NAME,PAR_NODE_USR,PAR_NODE_PASS,PAR_DISPLAY_NAME,BUS_ID,PAR_NOTIFICATIONS_ENABLED,PAR_CREATED_BY,PAR_UPDATED_BY,PAR_UPDATED_ON,PAR_ACTIVE_STATE) values (12,null,str_to_date('16-12-14 15:47','%d-%m-%Y %H:%i'),'DEV1-ETX-EGREFFE-WEB-PARTY','e-TrustExWeb','e-TrustExWeb','DEV1-ETX-EGREFFE-WEB-PARTY',61,0,22,5,str_to_date('22-06-15 10:09','%d-%m-%Y %H:%i'),1);
/

Insert into ETX_WEB_USER (USR_ID,USR_LOGIN,USR_NAME,USR_CREATED_BY,USR_CREATED_ON,USR_UPDATED_BY,USR_UPDATED_ON,USR_ACTIVE_STATE) values (22,'cholaar','Armen Cholakian',22,NOW(),null,null,1);
Insert into ETX_WEB_USER (USR_ID,USR_LOGIN,USR_NAME,USR_CREATED_BY,USR_CREATED_ON,USR_UPDATED_BY,USR_UPDATED_ON,USR_ACTIVE_STATE) values (2,'ETX-WEB-SYS-USER','ETX-WEB-SYS-USER',22,NOW(),null,null,1);
Insert into ETX_WEB_USER (USR_ID,USR_LOGIN,USR_NAME,USR_CREATED_BY,USR_CREATED_ON,USR_UPDATED_BY,USR_UPDATED_ON,USR_ACTIVE_STATE) values (201,'tirdeal','Tirdea Alexandru',1,NOW(),null,null,1);
Insert into ETX_WEB_USER (USR_ID,USR_LOGIN,USR_NAME,USR_CREATED_BY,USR_CREATED_ON,USR_UPDATED_BY,USR_UPDATED_ON,USR_ACTIVE_STATE) values (5,'armenedma6','Tirdea Alexandru',1,NOW(),null,null,1);
Insert into ETX_WEB_USER (USR_ID,USR_LOGIN,USR_NAME,USR_CREATED_BY,USR_CREATED_ON,USR_UPDATED_BY,USR_UPDATED_ON,USR_ACTIVE_STATE) values (0,'system','System User',0,NOW(),null,null,1);
/

Insert into ETX_WEB_CONFIG (CFG_ID,CFG_PROP_NAME,CFG_PROP_VALUE) values (8,'etrustex.retentionPolicy.weeks','6');
Insert into ETX_WEB_CONFIG (CFG_ID,CFG_PROP_NAME,CFG_PROP_VALUE) values (9,'etrustex.retentionPolicy.warning.before.days','5');
Insert into ETX_WEB_CONFIG (CFG_ID,CFG_PROP_NAME,CFG_PROP_VALUE) values (10,'etx.node.services.RetrieveRequestService.uri','https://webgate.test.ec.europa.eu/e-trustexnode/RetrieveRequest-2.0');
Insert into ETX_WEB_CONFIG (CFG_ID,CFG_PROP_NAME,CFG_PROP_VALUE) values (1,'application_url','https://webgate.development.ec.europa.eu/e-trustex/');
Insert into ETX_WEB_CONFIG (CFG_ID,CFG_PROP_NAME,CFG_PROP_VALUE) values (2,'etrustex.doc.wrapper.service.uri','https://webgate.test.ec.europa.eu/e-trustexnode/DocumentWrapper-2.0');
Insert into ETX_WEB_CONFIG (CFG_ID,CFG_PROP_NAME,CFG_PROP_VALUE) values (3,'etrustex.doc.bundle.service.uri','https://webgate.test.ec.europa.eu/e-trustexnode/DocumentBundle-2.0');
Insert into ETX_WEB_CONFIG (CFG_ID,CFG_PROP_NAME,CFG_PROP_VALUE) values (4,'etrustex.doc.agreement.service.uri','https://webgate.test.ec.europa.eu/e-trustexnode/RetrieveInterchangeAgreementsRequest-2.0');
Insert into ETX_WEB_CONFIG (CFG_ID,CFG_PROP_NAME,CFG_PROP_VALUE) values (7,'webservice.logging.enabled','true');
Insert into ETX_WEB_CONFIG (CFG_ID,CFG_PROP_NAME,CFG_PROP_VALUE) values (12,'etrustex.translations.missingLabel.defaultsToEnglish','true');
/

Insert into ETX_WEB_BUSINESS_USER_CONFIG (BUC_ID,USR_ID,BUS_ID,BUC_NAME,BUC_EMAIL,BUC_NOTIFICATIONS_ENABLED,BUC_CREATED_BY,BUC_CREATED_ON,BUC_UPDATED_BY,BUC_UPDATED_ON,BUC_ACTIVE_STATE) values (41,22,61,'Armen Cholakian','armen@spy.cn',1,22,str_to_date('16-10-13 10:16','%d-%m-%Y %H:%i'),null,null,1);
Insert into ETX_WEB_BUSINESS_USER_CONFIG (BUC_ID,USR_ID,BUS_ID,BUC_NAME,BUC_EMAIL,BUC_NOTIFICATIONS_ENABLED,BUC_CREATED_BY,BUC_CREATED_ON,BUC_UPDATED_BY,BUC_UPDATED_ON,BUC_ACTIVE_STATE) values (222,5,61,'Alex',null,0,201,str_to_date('23-06-14 15:52','%d-%m-%Y %H:%i'),5,str_to_date('16-12-14 15:56','%d-%m-%Y %H:%i'),1);
/

Insert into ETX_WEB_USER_ROLE (URO_ID,USR_ID,ROL_TYPE,PAR_ID,BUS_ID,URO_CREATED_BY,URO_CREATED_ON,URO_UPDATED_BY,URO_UPDATED_ON,URO_ACTIVE_STATE) values (281,5,'PARTY_ADMIN',7,null,0,NOW(),null,null,1);
Insert into ETX_WEB_USER_ROLE (URO_ID,USR_ID,ROL_TYPE,PAR_ID,BUS_ID,URO_CREATED_BY,URO_CREATED_ON,URO_UPDATED_BY,URO_UPDATED_ON,URO_ACTIVE_STATE) values (261,5,'SYSTEM_ADMIN',null,null,0,NOW(),null,null,1);
Insert into ETX_WEB_USER_ROLE (URO_ID,USR_ID,ROL_TYPE,PAR_ID,BUS_ID,URO_CREATED_BY,URO_CREATED_ON,URO_UPDATED_BY,URO_UPDATED_ON,URO_ACTIVE_STATE) values (262,5,'PARTY_ADMIN',6,null,0,NOW(),null,null,1);
Insert into ETX_WEB_USER_ROLE (URO_ID,USR_ID,ROL_TYPE,PAR_ID,BUS_ID,URO_CREATED_BY,URO_CREATED_ON,URO_UPDATED_BY,URO_UPDATED_ON,URO_ACTIVE_STATE) values (302,5,'PARTY_ADMIN',7,null,0,NOW(),null,null,1);
Insert into ETX_WEB_USER_ROLE (URO_ID,USR_ID,ROL_TYPE,PAR_ID,BUS_ID,URO_CREATED_BY,URO_CREATED_ON,URO_UPDATED_BY,URO_UPDATED_ON,URO_ACTIVE_STATE) values (141,5,'PARTY_ADMIN',10,null,5,NOW(),null,null,1);
Insert into ETX_WEB_USER_ROLE (URO_ID,USR_ID,ROL_TYPE,PAR_ID,BUS_ID,URO_CREATED_BY,URO_CREATED_ON,URO_UPDATED_BY,URO_UPDATED_ON,URO_ACTIVE_STATE) values (2,5,'PARTY_ADMIN',8,null,201,NOW(),null,null,1);
/