-- //////////////////////////////////////////////////////
-- Insert Reference Data (Static data used to configure 
-- the platform) into the tables below in the following order:
-- *CPA_TB_BUSINESS_DOMAIN
-- *CPA_TB_USER_ROLE
-- *ETR_TB_CERTIFICATE
-- *ETR_TB_ROLE
-- *ETR_TB_CIA_LEVEL
-- *ETR_TB_STATE_MACHINE
-- *ETR_TB_DOCUMENT
-- *ETR_TB_PROFILE
-- *ETR_TB_PROFILE_BUSINESS_DOMAIN
-- *ETR_TB_XML_STORE
-- *ETR_TB_TRANSACTION
-- *ETR_TB_PROFILE_TRANSACTION
-- *ETR_TB_METADATA
-- *ETR_TB_MSG_RESPONSE_CODE
-- //////////////////////////////////////////////////////

USE etrustex;

START TRANSACTION;

SET autocommit=0;

insert into `CPA_TB_BUSINESS_DOMAIN`(`CBD_ID`,`CRE_DT`,`CRE_ID`,`MOD_DT`,`MOD_ID`,`CBD_NAME`) values (1,null,null,null,null,'eProcurement');
insert into `CPA_TB_BUSINESS_DOMAIN`(`CBD_ID`,`CRE_DT`,`CRE_ID`,`MOD_DT`,`MOD_ID`,`CBD_NAME`) values (3,null,null,null,null,'Generic');
insert into `CPA_TB_BUSINESS_DOMAIN`(`CBD_ID`,`CRE_DT`,`CRE_ID`,`MOD_DT`,`MOD_ID`,`CBD_NAME`) values (4,null,null,null,null,'DGJustice');

-- ********USER ROLE********
Insert into `CPA_TB_USER_ROLE` (`RDL_ID`, `RDL_CODE`, `RDL_DESC`, `CRE_DT`, `CRE_ID`, `MOD_DT`, `MOD_ID`) values (1,'ADM','General Administrator',null,null,null,null);
Insert into `CPA_TB_USER_ROLE` (`RDL_ID`, `RDL_CODE`, `RDL_DESC`, `CRE_DT`, `CRE_ID`, `MOD_DT`, `MOD_ID`) values (2,'CBO','Central Business Owner',null,null,null,null);
Insert into `CPA_TB_USER_ROLE` (`RDL_ID`, `RDL_CODE`, `RDL_DESC`, `CRE_DT`, `CRE_ID`, `MOD_DT`, `MOD_ID`) values (3,'LBO','Local Business Owner',null,null,null,null);
Insert into `CPA_TB_USER_ROLE` (`RDL_ID`, `RDL_CODE`, `RDL_DESC`, `CRE_DT`, `CRE_ID`, `MOD_DT`, `MOD_ID`) values (4,'SUP','Support',null,null,null,null);

insert into `ETR_TB_CIA_LEVEL` (`CIA_ID`,`CIA_AVAILABILITY_LVL`,`CIA_CONFIDENTIALITY_LVL`,`CIA_INTEGRITY_LVL`,`CRE_DT`,`CRE_ID`,`MOD_DT`,`MOD_ID`) values (1,0,1,2,null,null,null,null);
insert into `ETR_TB_CIA_LEVEL` (`CIA_ID`,`CIA_AVAILABILITY_LVL`,`CIA_CONFIDENTIALITY_LVL`,`CIA_INTEGRITY_LVL`,`CRE_DT`,`CRE_ID`,`MOD_DT`,`MOD_ID`) values (2,0,0,0,null,null,null,null);
insert into `ETR_TB_CIA_LEVEL` (`CIA_ID`,`CIA_AVAILABILITY_LVL`,`CIA_CONFIDENTIALITY_LVL`,`CIA_INTEGRITY_LVL`,`CRE_DT`,`CRE_ID`,`MOD_DT`,`MOD_ID`) values (3,1,1,1,null,null,null,null);
insert into `ETR_TB_CIA_LEVEL` (`CIA_ID`,`CIA_AVAILABILITY_LVL`,`CIA_CONFIDENTIALITY_LVL`,`CIA_INTEGRITY_LVL`,`CRE_DT`,`CRE_ID`,`MOD_DT`,`MOD_ID`) values (4,2,2,2,null,null,null,null);
insert into `ETR_TB_CIA_LEVEL` (`CIA_ID`,`CIA_AVAILABILITY_LVL`,`CIA_CONFIDENTIALITY_LVL`,`CIA_INTEGRITY_LVL`,`CRE_DT`,`CRE_ID`,`MOD_DT`,`MOD_ID`) values (5,1,1,1,null,null,null,null);
insert into `ETR_TB_CIA_LEVEL` (`CIA_ID`,`CIA_AVAILABILITY_LVL`,`CIA_CONFIDENTIALITY_LVL`,`CIA_INTEGRITY_LVL`,`CRE_DT`,`CRE_ID`,`MOD_DT`,`MOD_ID`) values (6,0,0,1,null,null,null,null);
insert into `ETR_TB_CIA_LEVEL` (`CIA_ID`,`CIA_AVAILABILITY_LVL`,`CIA_CONFIDENTIALITY_LVL`,`CIA_INTEGRITY_LVL`,`CRE_DT`,`CRE_ID`,`MOD_DT`,`MOD_ID`) values (7,0,2,0,null,null,null,null);
insert into `ETR_TB_CIA_LEVEL` (`CIA_ID`,`CIA_AVAILABILITY_LVL`,`CIA_CONFIDENTIALITY_LVL`,`CIA_INTEGRITY_LVL`,`CRE_DT`,`CRE_ID`,`MOD_DT`,`MOD_ID`) values (8,0,2,1,null,null,null,null);


Insert into `ETR_TB_XML_STORE` (`XS_ID`, `XS_KEY`, `XS_VALUE`) values (70,'AllowanceChargeReasonCode.xml', LOAD_FILE('/opt/XML_store/70.xml'));
Insert into `ETR_TB_XML_STORE` (`XS_ID`, `XS_KEY`, `XS_VALUE`) values (71,'AttachmentTypeCode.xml', LOAD_FILE('/opt/XML_store/71.xml'));
Insert into `ETR_TB_XML_STORE` (`XS_ID`, `XS_KEY`, `XS_VALUE`) values (72,'AwardCriterionSpecification.xml', LOAD_FILE('/opt/XML_store/72.xml'));
Insert into `ETR_TB_XML_STORE` (`XS_ID`, `XS_KEY`, `XS_VALUE`) values (73,'CountryIdentificationCode.xml', LOAD_FILE('/opt/XML_store/73.xml'));
Insert into `ETR_TB_XML_STORE` (`XS_ID`, `XS_KEY`, `XS_VALUE`) values (74,'DocumentTypeCode.xml', LOAD_FILE('/opt/XML_store/74.xml'));
Insert into `ETR_TB_XML_STORE` (`XS_ID`, `XS_KEY`, `XS_VALUE`) values (75,'English.xml', LOAD_FILE('/opt/XML_store/75.xml'));
Insert into `ETR_TB_XML_STORE` (`XS_ID`, `XS_KEY`, `XS_VALUE`) values (76,'erDocumentTypeCode.xml', LOAD_FILE('/opt/XML_store/76.xml'));
Insert into `ETR_TB_XML_STORE` (`XS_ID`, `XS_KEY`, `XS_VALUE`) values (77,'ErrorCode.xml', LOAD_FILE('/opt/XML_store/77.xml'));
Insert into `ETR_TB_XML_STORE` (`XS_ID`, `XS_KEY`, `XS_VALUE`) values (78,'ModeCode.xml', LOAD_FILE('/opt/XML_store/78.xml'));
Insert into `ETR_TB_XML_STORE` (`XS_ID`, `XS_KEY`, `XS_VALUE`) values (79,'NoLef.xml', LOAD_FILE('/opt/XML_store/79.xml'));
Insert into `ETR_TB_XML_STORE` (`XS_ID`, `XS_KEY`, `XS_VALUE`) values (80,'NoWarnings.xml', LOAD_FILE('/opt/XML_store/80.xml'));
Insert into `ETR_TB_XML_STORE` (`XS_ID`, `XS_KEY`, `XS_VALUE`) values (81,'PartyIdentificationSchemeID.xml', LOAD_FILE('/opt/XML_store/81.xml'));
Insert into `ETR_TB_XML_STORE` (`XS_ID`, `XS_KEY`, `XS_VALUE`) values (82,'PaymentMeansCode.xml', LOAD_FILE('/opt/XML_store/82.xml'));
Insert into `ETR_TB_XML_STORE` (`XS_ID`, `XS_KEY`, `XS_VALUE`) values (83,'ProcedureType.xml', LOAD_FILE('/opt/XML_store/83.xml'));
Insert into `ETR_TB_XML_STORE` (`XS_ID`, `XS_KEY`, `XS_VALUE`) values (84,'ProfileLevel.xml', LOAD_FILE('/opt/XML_store/84.xml'));
Insert into `ETR_TB_XML_STORE` (`XS_ID`, `XS_KEY`, `XS_VALUE`) values (85,'ProfileValueCode.xml', LOAD_FILE('/opt/XML_store/85.xml'));
Insert into `ETR_TB_XML_STORE` (`XS_ID`, `XS_KEY`, `XS_VALUE`) values (86,'RequestForQuotationPropertyCode.xml', LOAD_FILE('/opt/XML_store/86.xml'));
Insert into `ETR_TB_XML_STORE` (`XS_ID`, `XS_KEY`, `XS_VALUE`) values (87,'RequestForQuotationTypeCode.xml', LOAD_FILE('/opt/XML_store/87.xml'));
Insert into `ETR_TB_XML_STORE` (`XS_ID`, `XS_KEY`, `XS_VALUE`) values (88,'ResponseCode.xml', LOAD_FILE('/opt/XML_store/88.xml'));
Insert into `ETR_TB_XML_STORE` (`XS_ID`, `XS_KEY`, `XS_VALUE`) values (89,'SummaryDescriptionCode.xml', LOAD_FILE('/opt/XML_store/89.xml'));
Insert into `ETR_TB_XML_STORE` (`XS_ID`, `XS_KEY`, `XS_VALUE`) values (90,'TaxCategoryID.xml', LOAD_FILE('/opt/XML_store/90.xml'));
Insert into `ETR_TB_XML_STORE` (`XS_ID`, `XS_KEY`, `XS_VALUE`) values (91,'TaxExemptionReasonCode.xml', LOAD_FILE('/opt/XML_store/91.xml'));
Insert into `ETR_TB_XML_STORE` (`XS_ID`, `XS_KEY`, `XS_VALUE`) values (92,'TenderSubmissionTypeCode.xml', LOAD_FILE('/opt/XML_store/92.xml'));
Insert into `ETR_TB_XML_STORE` (`XS_ID`, `XS_KEY`, `XS_VALUE`) values (93,'UnitOfMeasureCode.xml', LOAD_FILE('/opt/XML_store/93.xml'));
Insert into `ETR_TB_XML_STORE` (`XS_ID`, `XS_KEY`, `XS_VALUE`) values (94,'ActivityLevel.xml', LOAD_FILE('/opt/XML_store/94.xml'));
Insert into `ETR_TB_XML_STORE` (`XS_ID`, `XS_KEY`, `XS_VALUE`) values (95,'ActivityValueCode.xml', LOAD_FILE('/opt/XML_store/95.xml'));
Insert into `ETR_TB_XML_STORE` (`XS_ID`, `XS_KEY`, `XS_VALUE`) values (96,'ProjectTypeCode.xml', LOAD_FILE('/opt/XML_store/96.xml'));



Insert into `ETR_TB_MSG_RESPONSE_CODE` (`RSC_ID`,`RSC_CD`,`RSC_VAL`,`RSC_STS_CD`,`RSC_DOC_ID`,`RSC_ICA_ID`,`RSC_PRO_ID`,`RSC_TRA_ID`) values (1,'SUBMITTED','8','8',null,null,null,null);
Insert into `ETR_TB_MSG_RESPONSE_CODE` (`RSC_ID`,`RSC_CD`,`RSC_VAL`,`RSC_STS_CD`,`RSC_DOC_ID`,`RSC_ICA_ID`,`RSC_PRO_ID`,`RSC_TRA_ID`) values (2,'RECEIVED','1','1',null,null,null,null);
Insert into `ETR_TB_MSG_RESPONSE_CODE` (`RSC_ID`,`RSC_CD`,`RSC_VAL`,`RSC_STS_CD`,`RSC_DOC_ID`,`RSC_ICA_ID`,`RSC_PRO_ID`,`RSC_TRA_ID`) values (3,'COMPLETED','2','5',null,null,null,null);
Insert into `ETR_TB_MSG_RESPONSE_CODE` (`RSC_ID`,`RSC_CD`,`RSC_VAL`,`RSC_STS_CD`,`RSC_DOC_ID`,`RSC_ICA_ID`,`RSC_PRO_ID`,`RSC_TRA_ID`) values (4,'CANCELLED','3','4',null,null,null,null);
Insert into `ETR_TB_MSG_RESPONSE_CODE` (`RSC_ID`,`RSC_CD`,`RSC_VAL`,`RSC_STS_CD`,`RSC_DOC_ID`,`RSC_ICA_ID`,`RSC_PRO_ID`,`RSC_TRA_ID`) values (5,'ERROR','9','9',null,null,null,null);
Insert into `ETR_TB_MSG_RESPONSE_CODE` (`RSC_ID`,`RSC_CD`,`RSC_VAL`,`RSC_STS_CD`,`RSC_DOC_ID`,`RSC_ICA_ID`,`RSC_PRO_ID`,`RSC_TRA_ID`) values (6,'READ','7','6',null,null,null,null);
Insert into `ETR_TB_MSG_RESPONSE_CODE` (`RSC_ID`,`RSC_CD`,`RSC_VAL`,`RSC_STS_CD`,`RSC_DOC_ID`,`RSC_ICA_ID`,`RSC_PRO_ID`,`RSC_TRA_ID`) values (7,'APPROVED','2','2',null,null,null,null);
Insert into `ETR_TB_MSG_RESPONSE_CODE` (`RSC_ID`,`RSC_CD`,`RSC_VAL`,`RSC_STS_CD`,`RSC_DOC_ID`,`RSC_ICA_ID`,`RSC_PRO_ID`,`RSC_TRA_ID`) values (8,'REJECTED','3','3',null,null,null,null);
Insert into `ETR_TB_MSG_RESPONSE_CODE` (`RSC_ID`,`RSC_CD`,`RSC_VAL`,`RSC_STS_CD`,`RSC_DOC_ID`,`RSC_ICA_ID`,`RSC_PRO_ID`,`RSC_TRA_ID`) values (9,'PROCESSED','2','2',null,null,null,null);
Insert into `ETR_TB_MSG_RESPONSE_CODE` (`RSC_ID`,`RSC_CD`,`RSC_VAL`,`RSC_STS_CD`,`RSC_DOC_ID`,`RSC_ICA_ID`,`RSC_PRO_ID`,`RSC_TRA_ID`) values (10,'FAILED','4','4',null,null,null,null);
Insert into `ETR_TB_MSG_RESPONSE_CODE` (`RSC_ID`,`RSC_CD`,`RSC_VAL`,`RSC_STS_CD`,`RSC_DOC_ID`,`RSC_ICA_ID`,`RSC_PRO_ID`,`RSC_TRA_ID`) values (11,'ACCEPTED','2','5',null,null,null,null);
Insert into `ETR_TB_MSG_RESPONSE_CODE` (`RSC_ID`,`RSC_CD`,`RSC_VAL`,`RSC_STS_CD`,`RSC_DOC_ID`,`RSC_ICA_ID`,`RSC_PRO_ID`,`RSC_TRA_ID`) values (26,'error.documenttypecode_check','The DocumentTypeCode of the message cannot be empty',null,null,null,null,null);
Insert into `ETR_TB_MSG_RESPONSE_CODE` (`RSC_ID`,`RSC_CD`,`RSC_VAL`,`RSC_STS_CD`,`RSC_DOC_ID`,`RSC_ICA_ID`,`RSC_PRO_ID`,`RSC_TRA_ID`) values (27,'error.id_check','The ID of the message cannot be empty',null,null,null,null,null);
Insert into `ETR_TB_MSG_RESPONSE_CODE` (`RSC_ID`,`RSC_CD`,`RSC_VAL`,`RSC_STS_CD`,`RSC_DOC_ID`,`RSC_ICA_ID`,`RSC_PRO_ID`,`RSC_TRA_ID`) values (28,'error.id_invalid_char','The ID of the message contains an invalid character',null,null,null,null,null);
Insert into `ETR_TB_MSG_RESPONSE_CODE` (`RSC_ID`,`RSC_CD`,`RSC_VAL`,`RSC_STS_CD`,`RSC_DOC_ID`,`RSC_ICA_ID`,`RSC_PRO_ID`,`RSC_TRA_ID`) values (29,'error.id_length_check','The ID of the message cannot be larger than 250 characters',null,null,null,null,null);
Insert into `ETR_TB_MSG_RESPONSE_CODE` (`RSC_ID`,`RSC_CD`,`RSC_VAL`,`RSC_STS_CD`,`RSC_DOC_ID`,`RSC_ICA_ID`,`RSC_PRO_ID`,`RSC_TRA_ID`) values (30,'error.invalid_codetable_value_documenttypecode','Value supplied is unacceptable for an element controlled by codelist DocumentTypeCode',null,null,null,null,null);
Insert into `ETR_TB_MSG_RESPONSE_CODE` (`RSC_ID`,`RSC_CD`,`RSC_VAL`,`RSC_STS_CD`,`RSC_DOC_ID`,`RSC_ICA_ID`,`RSC_PRO_ID`,`RSC_TRA_ID`) values (31,'error.invalid_codetable_value_parentdocumenttypecode','Value supplied is unacceptable for an element controlled by codelist ParentDocumentTypeCode',null,null,null,null,null);
Insert into `ETR_TB_MSG_RESPONSE_CODE` (`RSC_ID`,`RSC_CD`,`RSC_VAL`,`RSC_STS_CD`,`RSC_DOC_ID`,`RSC_ICA_ID`,`RSC_PRO_ID`,`RSC_TRA_ID`) values (32,'error.invalid_date_range','Period startdate is later than enddate',null,null,null,null,null);
Insert into `ETR_TB_MSG_RESPONSE_CODE` (`RSC_ID`,`RSC_CD`,`RSC_VAL`,`RSC_STS_CD`,`RSC_DOC_ID`,`RSC_ICA_ID`,`RSC_PRO_ID`,`RSC_TRA_ID`) values (33,'error.issuedate_future','The element IssueDate should not contain a date from the future',null,null,null,null,null);
Insert into `ETR_TB_MSG_RESPONSE_CODE` (`RSC_ID`,`RSC_CD`,`RSC_VAL`,`RSC_STS_CD`,`RSC_DOC_ID`,`RSC_ICA_ID`,`RSC_PRO_ID`,`RSC_TRA_ID`) values (34,'error.issuedate_old','The IssueDate of the message is older than 12 months',null,null,null,null,null);
Insert into `ETR_TB_MSG_RESPONSE_CODE` (`RSC_ID`,`RSC_CD`,`RSC_VAL`,`RSC_STS_CD`,`RSC_DOC_ID`,`RSC_ICA_ID`,`RSC_PRO_ID`,`RSC_TRA_ID`) values (35,'error.large_date_range','The difference between startdate and enddate is larger than one year',null,null,null,null,null);
Insert into `ETR_TB_MSG_RESPONSE_CODE` (`RSC_ID`,`RSC_CD`,`RSC_VAL`,`RSC_STS_CD`,`RSC_DOC_ID`,`RSC_ICA_ID`,`RSC_PRO_ID`,`RSC_TRA_ID`) values (36,'error.parent_document_documenttypecode_check','The ParentDocumentTypeCode must exist',null,null,null,null,null);
Insert into `ETR_TB_MSG_RESPONSE_CODE` (`RSC_ID`,`RSC_CD`,`RSC_VAL`,`RSC_STS_CD`,`RSC_DOC_ID`,`RSC_ICA_ID`,`RSC_PRO_ID`,`RSC_TRA_ID`) values (37,'error.parent_document_documenttypecode_check_application_response','An ApplicationResponse must not refer to an ApplicationResponse in the DocumentTypeCode element ',null,null,null,null,null);
Insert into `ETR_TB_MSG_RESPONSE_CODE` (`RSC_ID`,`RSC_CD`,`RSC_VAL`,`RSC_STS_CD`,`RSC_DOC_ID`,`RSC_ICA_ID`,`RSC_PRO_ID`,`RSC_TRA_ID`) values (38,'error.parent_document_id_check','The ParentDocumentID cannot be empty',null,null,null,null,null);
Insert into `ETR_TB_MSG_RESPONSE_CODE` (`RSC_ID`,`RSC_CD`,`RSC_VAL`,`RSC_STS_CD`,`RSC_DOC_ID`,`RSC_ICA_ID`,`RSC_PRO_ID`,`RSC_TRA_ID`) values (39,'error.parent_document_id_invalid_char','The ParentDocumentID contains an invalid character',null,null,null,null,null);
Insert into `ETR_TB_MSG_RESPONSE_CODE` (`RSC_ID`,`RSC_CD`,`RSC_VAL`,`RSC_STS_CD`,`RSC_DOC_ID`,`RSC_ICA_ID`,`RSC_PRO_ID`,`RSC_TRA_ID`) values (40,'error.parent_document_id_length_check','The ParentDocumentID cannot be larger than 250 characters',null,null,null,null,null);
Insert into `ETR_TB_MSG_RESPONSE_CODE` (`RSC_ID`,`RSC_CD`,`RSC_VAL`,`RSC_STS_CD`,`RSC_DOC_ID`,`RSC_ICA_ID`,`RSC_PRO_ID`,`RSC_TRA_ID`) values (41,'error.period_check_enddate','Element Period misses child element EndDate',null,null,null,null,null);
Insert into `ETR_TB_MSG_RESPONSE_CODE` (`RSC_ID`,`RSC_CD`,`RSC_VAL`,`RSC_STS_CD`,`RSC_DOC_ID`,`RSC_ICA_ID`,`RSC_PRO_ID`,`RSC_TRA_ID`) values (42,'error.period_check_startdate','Element Period misses child element StartDate',null,null,null,null,null);
Insert into `ETR_TB_MSG_RESPONSE_CODE` (`RSC_ID`,`RSC_CD`,`RSC_VAL`,`RSC_STS_CD`,`RSC_DOC_ID`,`RSC_ICA_ID`,`RSC_PRO_ID`,`RSC_TRA_ID`) values (43,'error.receiverpartyid_check','The Sender Party Endpoint ID and the Receiver Party Endpoint ID must be present in the message payload.',null,null,null,null,null);
Insert into `ETR_TB_MSG_RESPONSE_CODE` (`RSC_ID`,`RSC_CD`,`RSC_VAL`,`RSC_STS_CD`,`RSC_DOC_ID`,`RSC_ICA_ID`,`RSC_PRO_ID`,`RSC_TRA_ID`) values (44,'error.senderpartyid_check','The Sender Party Endpoint ID and the Receiver Party Endpoint ID must be present in the message payload.',null,null,null,null,null);
Insert into `ETR_TB_MSG_RESPONSE_CODE` (`RSC_ID`,`RSC_CD`,`RSC_VAL`,`RSC_STS_CD`,`RSC_DOC_ID`,`RSC_ICA_ID`,`RSC_PRO_ID`,`RSC_TRA_ID`) values (45,'error.accepted_indicator_check_ack','There AcceptedIndicator must be true in an Order Acknowledgement',null,null,null,null,null);
Insert into `ETR_TB_MSG_RESPONSE_CODE` (`RSC_ID`,`RSC_CD`,`RSC_VAL`,`RSC_STS_CD`,`RSC_DOC_ID`,`RSC_ICA_ID`,`RSC_PRO_ID`,`RSC_TRA_ID`) values (46,'error.accepted_indicator_check_false','There must be a RejectionNote element when AcceptedIndicator equals false',null,null,null,null,null);
Insert into `ETR_TB_MSG_RESPONSE_CODE` (`RSC_ID`,`RSC_CD`,`RSC_VAL`,`RSC_STS_CD`,`RSC_DOC_ID`,`RSC_ICA_ID`,`RSC_PRO_ID`,`RSC_TRA_ID`) values (47,'error.accepted_indicator_check_true','RejectionNote element should be excluded when AcceptedIndicator equals true',null,null,null,null,null);
Insert into `ETR_TB_MSG_RESPONSE_CODE` (`RSC_ID`,`RSC_CD`,`RSC_VAL`,`RSC_STS_CD`,`RSC_DOC_ID`,`RSC_ICA_ID`,`RSC_PRO_ID`,`RSC_TRA_ID`) values (48,'error.accountingcustomerparty_endpointid_check','EnpointID in AccountingCustomerParty/Party must be present and cannot be empty',null,null,null,null,null);
Insert into `ETR_TB_MSG_RESPONSE_CODE` (`RSC_ID`,`RSC_CD`,`RSC_VAL`,`RSC_STS_CD`,`RSC_DOC_ID`,`RSC_ICA_ID`,`RSC_PRO_ID`,`RSC_TRA_ID`) values (49,'error.accountingcustomerparty_name_check','Name in AccountingCustomerParty/Party/PartyName must be present and cannot be empty',null,null,null,null,null);
Insert into `ETR_TB_MSG_RESPONSE_CODE` (`RSC_ID`,`RSC_CD`,`RSC_VAL`,`RSC_STS_CD`,`RSC_DOC_ID`,`RSC_ICA_ID`,`RSC_PRO_ID`,`RSC_TRA_ID`) values (50,'error.accountingsupplierparty_endpointid_check','EnpointID in AccountingSupplierParty/Party must be present and cannot be empty',null,null,null,null,null);
Insert into `ETR_TB_MSG_RESPONSE_CODE` (`RSC_ID`,`RSC_CD`,`RSC_VAL`,`RSC_STS_CD`,`RSC_DOC_ID`,`RSC_ICA_ID`,`RSC_PRO_ID`,`RSC_TRA_ID`) values (51,'error.accountingsupplierparty_name_check','Name in AccountingSupplierParty/Party/PartyName must be present and cannot be empty',null,null,null,null,null);
Insert into `ETR_TB_MSG_RESPONSE_CODE` (`RSC_ID`,`RSC_CD`,`RSC_VAL`,`RSC_STS_CD`,`RSC_DOC_ID`,`RSC_ICA_ID`,`RSC_PRO_ID`,`RSC_TRA_ID`) values (52,'error.additional_document_reference_check','Element AdditionalDocumentReference should include one of following child elements: DocumentType or DocumentTypeCode',null,null,null,null,null);
Insert into `ETR_TB_MSG_RESPONSE_CODE` (`RSC_ID`,`RSC_CD`,`RSC_VAL`,`RSC_STS_CD`,`RSC_DOC_ID`,`RSC_ICA_ID`,`RSC_PRO_ID`,`RSC_TRA_ID`) values (53,'error.additional_document_reference_id_check','When CallForTenders/AdditionalDocumentReference/DocumentType exists and is not empty the corresponding CallForTenders/AdditionalDocumentReference/ID cannot be empty',null,null,null,null,null);
Insert into `ETR_TB_MSG_RESPONSE_CODE` (`RSC_ID`,`RSC_CD`,`RSC_VAL`,`RSC_STS_CD`,`RSC_DOC_ID`,`RSC_ICA_ID`,`RSC_PRO_ID`,`RSC_TRA_ID`) values (54,'error.additional_document_reference_notificationplatform_check','Exactly one AdditionalDocumentReference with DocumentType "URL::notification platform" must exist',null,null,null,null,null);
Insert into `ETR_TB_MSG_RESPONSE_CODE` (`RSC_ID`,`RSC_CD`,`RSC_VAL`,`RSC_STS_CD`,`RSC_DOC_ID`,`RSC_ICA_ID`,`RSC_PRO_ID`,`RSC_TRA_ID`) values (55,'error.additional_document_reference_notificationplatform_id_check','The ID of the AdditionalDocumentReference with DocumentType "URL::notification platform" cannot be empty',null,null,null,null,null);
Insert into `ETR_TB_MSG_RESPONSE_CODE` (`RSC_ID`,`RSC_CD`,`RSC_VAL`,`RSC_STS_CD`,`RSC_DOC_ID`,`RSC_ICA_ID`,`RSC_PRO_ID`,`RSC_TRA_ID`) values (56,'error.additional_document_reference_submissionplatform_check','Exactly one AdditionalDocumentReference with DocumentType "URL::submission platform" must exist',null,null,null,null,null);
Insert into `ETR_TB_MSG_RESPONSE_CODE` (`RSC_ID`,`RSC_CD`,`RSC_VAL`,`RSC_STS_CD`,`RSC_DOC_ID`,`RSC_ICA_ID`,`RSC_PRO_ID`,`RSC_TRA_ID`) values (57,'error.additional_document_reference_submissionplatform_id_check','The ID of the AdditionalDocumentReference with DocumentType "URL::submission platform" cannot be empty',null,null,null,null,null);
Insert into `ETR_TB_MSG_RESPONSE_CODE` (`RSC_ID`,`RSC_CD`,`RSC_VAL`,`RSC_STS_CD`,`RSC_DOC_ID`,`RSC_ICA_ID`,`RSC_PRO_ID`,`RSC_TRA_ID`) values (58,'error.address_check_cityname','Element PostalAddress misses child element CityName',null,null,null,null,null);
Insert into `ETR_TB_MSG_RESPONSE_CODE` (`RSC_ID`,`RSC_CD`,`RSC_VAL`,`RSC_STS_CD`,`RSC_DOC_ID`,`RSC_ICA_ID`,`RSC_PRO_ID`,`RSC_TRA_ID`) values (59,'error.address_check_country','Element PostalAddress misses child element Country',null,null,null,null,null);
Insert into `ETR_TB_MSG_RESPONSE_CODE` (`RSC_ID`,`RSC_CD`,`RSC_VAL`,`RSC_STS_CD`,`RSC_DOC_ID`,`RSC_ICA_ID`,`RSC_PRO_ID`,`RSC_TRA_ID`) values (60,'error.address_check_postalzone','Element PostalAddress misses child element PostalZone',null,null,null,null,null);
Insert into `ETR_TB_MSG_RESPONSE_CODE` (`RSC_ID`,`RSC_CD`,`RSC_VAL`,`RSC_STS_CD`,`RSC_DOC_ID`,`RSC_ICA_ID`,`RSC_PRO_ID`,`RSC_TRA_ID`) values (61,'error.address_check_streetname','Element PostalAddress misses child element StreetName',null,null,null,null,null);
Insert into `ETR_TB_MSG_RESPONSE_CODE` (`RSC_ID`,`RSC_CD`,`RSC_VAL`,`RSC_STS_CD`,`RSC_DOC_ID`,`RSC_ICA_ID`,`RSC_PRO_ID`,`RSC_TRA_ID`) values (62,'error.admissioncode_false_check','When Tenderer Qualification Response.CustomizationID = "urn:www.cenbii.eu:transaction:BiiTrns042:ver1.0:ec:icd2", for each existing Qualification Resolution,  the admission code  MUST be equal with "false"',null,null,null,null,null);
Insert into `ETR_TB_MSG_RESPONSE_CODE` (`RSC_ID`,`RSC_CD`,`RSC_VAL`,`RSC_STS_CD`,`RSC_DOC_ID`,`RSC_ICA_ID`,`RSC_PRO_ID`,`RSC_TRA_ID`) values (63,'error.admissioncode_true_check','When Tenderer Qualification Response.CustomizationID = "urn:www.cenbii.eu:transaction:BiiTrns043:ver1.0:ec:icd2", for each existing Qualification Resolution,  the admission code  MUST be equal with "true"',null,null,null,null,null);
Insert into `ETR_TB_MSG_RESPONSE_CODE` (`RSC_ID`,`RSC_CD`,`RSC_VAL`,`RSC_STS_CD`,`RSC_DOC_ID`,`RSC_ICA_ID`,`RSC_PRO_ID`,`RSC_TRA_ID`) values (64,'error.allowance_charge_check','The amount of an AllowanceCharge should not be negative',null,null,null,null,null);
Insert into `ETR_TB_MSG_RESPONSE_CODE` (`RSC_ID`,`RSC_CD`,`RSC_VAL`,`RSC_STS_CD`,`RSC_DOC_ID`,`RSC_ICA_ID`,`RSC_PRO_ID`,`RSC_TRA_ID`) values (65,'error.allowance_charge_hard_check','Amount in AllowanceCharge must not be negative',null,null,null,null,null);
Insert into `ETR_TB_MSG_RESPONSE_CODE` (`RSC_ID`,`RSC_CD`,`RSC_VAL`,`RSC_STS_CD`,`RSC_DOC_ID`,`RSC_ICA_ID`,`RSC_PRO_ID`,`RSC_TRA_ID`) values (66,'error.chargetotalamount_check','The Charge Total Amount must be equal to the total of all charges at document level',null,null,null,null,null);
Insert into `ETR_TB_MSG_RESPONSE_CODE` (`RSC_ID`,`RSC_CD`,`RSC_VAL`,`RSC_STS_CD`,`RSC_DOC_ID`,`RSC_ICA_ID`,`RSC_PRO_ID`,`RSC_TRA_ID`) values (67,'error.commodityclassification_check','Both ItemClassificationCode and ItemClassificationCode/@listID must be present and not empty in CommodityClassification',null,null,null,null,null);
Insert into `ETR_TB_MSG_RESPONSE_CODE` (`RSC_ID`,`RSC_CD`,`RSC_VAL`,`RSC_STS_CD`,`RSC_DOC_ID`,`RSC_ICA_ID`,`RSC_PRO_ID`,`RSC_TRA_ID`) values (68,'error.contract_check','Exactly one Contract class should be present',null,null,null,null,null);
Insert into `ETR_TB_MSG_RESPONSE_CODE` (`RSC_ID`,`RSC_CD`,`RSC_VAL`,`RSC_STS_CD`,`RSC_DOC_ID`,`RSC_ICA_ID`,`RSC_PRO_ID`,`RSC_TRA_ID`) values (69,'error.contract_document_reference_check','Element ContractDocumentReference should include one of following child elements: DocumentType or DocumentTypeCode',null,null,null,null,null);
Insert into `ETR_TB_MSG_RESPONSE_CODE` (`RSC_ID`,`RSC_CD`,`RSC_VAL`,`RSC_STS_CD`,`RSC_DOC_ID`,`RSC_ICA_ID`,`RSC_PRO_ID`,`RSC_TRA_ID`) values (70,'error.contract_id_check','The ID of the contract should not be empty',null,null,null,null,null);
Insert into `ETR_TB_MSG_RESPONSE_CODE` (`RSC_ID`,`RSC_CD`,`RSC_VAL`,`RSC_STS_CD`,`RSC_DOC_ID`,`RSC_ICA_ID`,`RSC_PRO_ID`,`RSC_TRA_ID`) values (71,'error.contract_id_hard_check','The ID of the contract must not be empty',null,null,null,null,null);
Insert into `ETR_TB_MSG_RESPONSE_CODE` (`RSC_ID`,`RSC_CD`,`RSC_VAL`,`RSC_STS_CD`,`RSC_DOC_ID`,`RSC_ICA_ID`,`RSC_PRO_ID`,`RSC_TRA_ID`) values (72,'error.contract_reference_id_check','The ID of the contract should not be empty',null,null,null,null,null);
Insert into `ETR_TB_MSG_RESPONSE_CODE` (`RSC_ID`,`RSC_CD`,`RSC_VAL`,`RSC_STS_CD`,`RSC_DOC_ID`,`RSC_ICA_ID`,`RSC_PRO_ID`,`RSC_TRA_ID`) values (73,'error.contractdocumentreference_check','ContractDocumentReference should be present and not empty',null,null,null,null,null);
Insert into `ETR_TB_MSG_RESPONSE_CODE` (`RSC_ID`,`RSC_CD`,`RSC_VAL`,`RSC_STS_CD`,`RSC_DOC_ID`,`RSC_ICA_ID`,`RSC_PRO_ID`,`RSC_TRA_ID`) values (74,'error.contractingparty_check_identificationcode','IdentificationCode in ContractingParty/Party/PartyLegalEntity/RegistrationAddress/Country must be present and not empty',null,null,null,null,null);
Insert into `ETR_TB_MSG_RESPONSE_CODE` (`RSC_ID`,`RSC_CD`,`RSC_VAL`,`RSC_STS_CD`,`RSC_DOC_ID`,`RSC_ICA_ID`,`RSC_PRO_ID`,`RSC_TRA_ID`) values (75,'error.contractingparty_endpointid_check','The ContractingParty EndPointID of the message must be present and not empty',null,null,null,null,null);
Insert into `ETR_TB_MSG_RESPONSE_CODE` (`RSC_ID`,`RSC_CD`,`RSC_VAL`,`RSC_STS_CD`,`RSC_DOC_ID`,`RSC_ICA_ID`,`RSC_PRO_ID`,`RSC_TRA_ID`) values (76,'error.contractingparty_endpointid_invalid_char','The ContractingParty EndPointID of the message contains an invalid character',null,null,null,null,null);
Insert into `ETR_TB_MSG_RESPONSE_CODE` (`RSC_ID`,`RSC_CD`,`RSC_VAL`,`RSC_STS_CD`,`RSC_DOC_ID`,`RSC_ICA_ID`,`RSC_PRO_ID`,`RSC_TRA_ID`) values (77,'error.contractingparty_endpointid_length_check','The ContractingParty EndPointID of the message cannot be larger than 250 characters',null,null,null,null,null);
Insert into `ETR_TB_MSG_RESPONSE_CODE` (`RSC_ID`,`RSC_CD`,`RSC_VAL`,`RSC_STS_CD`,`RSC_DOC_ID`,`RSC_ICA_ID`,`RSC_PRO_ID`,`RSC_TRA_ID`) values (78,'error.contractingparty_name_identificationcode','Name in ContractingParty/Party/PartyName must be present and not empty',null,null,null,null,null);
Insert into `ETR_TB_MSG_RESPONSE_CODE` (`RSC_ID`,`RSC_CD`,`RSC_VAL`,`RSC_STS_CD`,`RSC_DOC_ID`,`RSC_ICA_ID`,`RSC_PRO_ID`,`RSC_TRA_ID`) values (79,'error.copyindicator_check','Element CopyIndicator is not allowed in this document',null,null,null,null,null);
Insert into `ETR_TB_MSG_RESPONSE_CODE` (`RSC_ID`,`RSC_CD`,`RSC_VAL`,`RSC_STS_CD`,`RSC_DOC_ID`,`RSC_ICA_ID`,`RSC_PRO_ID`,`RSC_TRA_ID`) values (80,'error.creditnotedocumentreference_documenttypecode_check','Reminder/ReminderLine/BillingReference/CreditNoteDocumentReference/DocumentTypeCode must be a valid code',null,null,null,null,null);
Insert into `ETR_TB_MSG_RESPONSE_CODE` (`RSC_ID`,`RSC_CD`,`RSC_VAL`,`RSC_STS_CD`,`RSC_DOC_ID`,`RSC_ICA_ID`,`RSC_PRO_ID`,`RSC_TRA_ID`) values (81,'error.creditnotelinelineextensionamount_check','The total line amount plus charges minus discounts exclusive of taxes must be equal to the LineExtensionAmount at line level',null,null,null,null,null);
Insert into `ETR_TB_MSG_RESPONSE_CODE` (`RSC_ID`,`RSC_CD`,`RSC_VAL`,`RSC_STS_CD`,`RSC_DOC_ID`,`RSC_ICA_ID`,`RSC_PRO_ID`,`RSC_TRA_ID`) values (82,'error.currency_id_check','All attributes currencyID throughout the message must be equal to the element DocumentCurrencyCode',null,null,null,null,null);
Insert into `ETR_TB_MSG_RESPONSE_CODE` (`RSC_ID`,`RSC_CD`,`RSC_VAL`,`RSC_STS_CD`,`RSC_DOC_ID`,`RSC_ICA_ID`,`RSC_PRO_ID`,`RSC_TRA_ID`) values (83,'error.currency_id_creditnotelinelineextensionamount','CurrencyID in CreditNoteLine/LineExtensionAmount differs from DocumentCurrencyCode',null,null,null,null,null);
Insert into `ETR_TB_MSG_RESPONSE_CODE` (`RSC_ID`,`RSC_CD`,`RSC_VAL`,`RSC_STS_CD`,`RSC_DOC_ID`,`RSC_ICA_ID`,`RSC_PRO_ID`,`RSC_TRA_ID`) values (84,'error.currency_id_invoicelinelineextensionamount','CurrencyID in InvoiceLine/LineExtensionAmount differs from DocumentCurrencyCode',null,null,null,null,null);
Insert into `ETR_TB_MSG_RESPONSE_CODE` (`RSC_ID`,`RSC_CD`,`RSC_VAL`,`RSC_STS_CD`,`RSC_DOC_ID`,`RSC_ICA_ID`,`RSC_PRO_ID`,`RSC_TRA_ID`) values (85,'error.currency_id_legalmonetarytotallineextensionamount','CurrencyID in LegalMonetaryTotal/LineExtensionAmount differs from DocumentCurrencyCode',null,null,null,null,null);
Insert into `ETR_TB_MSG_RESPONSE_CODE` (`RSC_ID`,`RSC_CD`,`RSC_VAL`,`RSC_STS_CD`,`RSC_DOC_ID`,`RSC_ICA_ID`,`RSC_PRO_ID`,`RSC_TRA_ID`) values (86,'error.currency_id_orderlinelineextensionamount','CurrencyID in OrderLine/LineItem/LineExtensionAmount differs from DocumentCurrencyCode',null,null,null,null,null);
Insert into `ETR_TB_MSG_RESPONSE_CODE` (`RSC_ID`,`RSC_CD`,`RSC_VAL`,`RSC_STS_CD`,`RSC_DOC_ID`,`RSC_ICA_ID`,`RSC_PRO_ID`,`RSC_TRA_ID`) values (87,'error.currency_id_payableamount','CurrencyID in LegalMonetaryTotal/PayableAmount differs from DocumentCurrencyCode',null,null,null,null,null);
Insert into `ETR_TB_MSG_RESPONSE_CODE` (`RSC_ID`,`RSC_CD`,`RSC_VAL`,`RSC_STS_CD`,`RSC_DOC_ID`,`RSC_ICA_ID`,`RSC_PRO_ID`,`RSC_TRA_ID`) values (88,'error.currency_id_priceamount','CurrencyID in PriceAmount differs from PricingCurrencyCode',null,null,null,null,null);
Insert into `ETR_TB_MSG_RESPONSE_CODE` (`RSC_ID`,`RSC_CD`,`RSC_VAL`,`RSC_STS_CD`,`RSC_DOC_ID`,`RSC_ICA_ID`,`RSC_PRO_ID`,`RSC_TRA_ID`) values (89,'error.currency_id_taxamount','CurrencyID in TaxAmount differs from TaxCurrencyCode',null,null,null,null,null);
Insert into `ETR_TB_MSG_RESPONSE_CODE` (`RSC_ID`,`RSC_CD`,`RSC_VAL`,`RSC_STS_CD`,`RSC_DOC_ID`,`RSC_ICA_ID`,`RSC_PRO_ID`,`RSC_TRA_ID`) values (90,'error.customizationid_check','The CustomizationID of the message must be present and not empty',null,null,null,null,null);
Insert into `ETR_TB_MSG_RESPONSE_CODE` (`RSC_ID`,`RSC_CD`,`RSC_VAL`,`RSC_STS_CD`,`RSC_DOC_ID`,`RSC_ICA_ID`,`RSC_PRO_ID`,`RSC_TRA_ID`) values (91,'error.delivery_check','No more than one Delivery class should be present',null,null,null,null,null);
Insert into `ETR_TB_MSG_RESPONSE_CODE` (`RSC_ID`,`RSC_CD`,`RSC_VAL`,`RSC_STS_CD`,`RSC_DOC_ID`,`RSC_ICA_ID`,`RSC_PRO_ID`,`RSC_TRA_ID`) values (92,'error.delivery_date_check','Element Delivery should not contain child element ActualDeliveryDate in this document',null,null,null,null,null);
Insert into `ETR_TB_MSG_RESPONSE_CODE` (`RSC_ID`,`RSC_CD`,`RSC_VAL`,`RSC_STS_CD`,`RSC_DOC_ID`,`RSC_ICA_ID`,`RSC_PRO_ID`,`RSC_TRA_ID`) values (93,'error.document_receiverparty_id_check','The EndpointID withing the element DocumentReceiverParty must be present and not empty',null,null,null,null,null);
Insert into `ETR_TB_MSG_RESPONSE_CODE` (`RSC_ID`,`RSC_CD`,`RSC_VAL`,`RSC_STS_CD`,`RSC_DOC_ID`,`RSC_ICA_ID`,`RSC_PRO_ID`,`RSC_TRA_ID`) values (94,'error.document_receiverparty_occurence_check','The Query Request must have less than 1000 occurrences of the element DocumentReceiverParty',null,null,null,null,null);
Insert into `ETR_TB_MSG_RESPONSE_CODE` (`RSC_ID`,`RSC_CD`,`RSC_VAL`,`RSC_STS_CD`,`RSC_DOC_ID`,`RSC_ICA_ID`,`RSC_PRO_ID`,`RSC_TRA_ID`) values (95,'error.document_reference_check','Element DocumentReference should include one of following child elements: DocumentType or DocumentTypeCode',null,null,null,null,null);
Insert into `ETR_TB_MSG_RESPONSE_CODE` (`RSC_ID`,`RSC_CD`,`RSC_VAL`,`RSC_STS_CD`,`RSC_DOC_ID`,`RSC_ICA_ID`,`RSC_PRO_ID`,`RSC_TRA_ID`) values (96,'error.document_senderparty_id_check','The EndpointID withing the element DocumentSenderParty must be present and not empty',null,null,null,null,null);
Insert into `ETR_TB_MSG_RESPONSE_CODE` (`RSC_ID`,`RSC_CD`,`RSC_VAL`,`RSC_STS_CD`,`RSC_DOC_ID`,`RSC_ICA_ID`,`RSC_PRO_ID`,`RSC_TRA_ID`) values (97,'error.document_senderparty_occurence_check','The Query Request must have less than 1000 occurrences of the element DocumentSenderParty',null,null,null,null,null);
Insert into `ETR_TB_MSG_RESPONSE_CODE` (`RSC_ID`,`RSC_CD`,`RSC_VAL`,`RSC_STS_CD`,`RSC_DOC_ID`,`RSC_ICA_ID`,`RSC_PRO_ID`,`RSC_TRA_ID`) values (98,'error.estimateddeliveryperiod_end_date_check','EndDate must be present in EstimatedDeliveryPeriod',null,null,null,null,null);
Insert into `ETR_TB_MSG_RESPONSE_CODE` (`RSC_ID`,`RSC_CD`,`RSC_VAL`,`RSC_STS_CD`,`RSC_DOC_ID`,`RSC_ICA_ID`,`RSC_PRO_ID`,`RSC_TRA_ID`) values (99,'error.estimateddeliveryperiod_invalid_date_range','StartDate must be smaller or equal to EndDate in EstimatedDeliveryPeriod',null,null,null,null,null);
Insert into `ETR_TB_MSG_RESPONSE_CODE` (`RSC_ID`,`RSC_CD`,`RSC_VAL`,`RSC_STS_CD`,`RSC_DOC_ID`,`RSC_ICA_ID`,`RSC_PRO_ID`,`RSC_TRA_ID`) values (100,'error.estimateddeliveryperiod_start_date_check','StartDate must be present in EstimatedDeliveryPeriod',null,null,null,null,null);
Insert into `ETR_TB_MSG_RESPONSE_CODE` (`RSC_ID`,`RSC_CD`,`RSC_VAL`,`RSC_STS_CD`,`RSC_DOC_ID`,`RSC_ICA_ID`,`RSC_PRO_ID`,`RSC_TRA_ID`) values (101,'error.financialevaluationcriteria_description_check','Description in TenderingTerms/TendererQualificationRequest/FinancialEvaluationCriteria must be present and not empty',null,null,null,null,null);
Insert into `ETR_TB_MSG_RESPONSE_CODE` (`RSC_ID`,`RSC_CD`,`RSC_VAL`,`RSC_STS_CD`,`RSC_DOC_ID`,`RSC_ICA_ID`,`RSC_PRO_ID`,`RSC_TRA_ID`) values (102,'error.id_check','The ID of the message cannot be empty',null,null,null,null,null);
Insert into `ETR_TB_MSG_RESPONSE_CODE` (`RSC_ID`,`RSC_CD`,`RSC_VAL`,`RSC_STS_CD`,`RSC_DOC_ID`,`RSC_ICA_ID`,`RSC_PRO_ID`,`RSC_TRA_ID`) values (103,'error.id_invalid_char','The ID of the message contains an invalid character',null,null,null,null,null);
Insert into `ETR_TB_MSG_RESPONSE_CODE` (`RSC_ID`,`RSC_CD`,`RSC_VAL`,`RSC_STS_CD`,`RSC_DOC_ID`,`RSC_ICA_ID`,`RSC_PRO_ID`,`RSC_TRA_ID`) values (104,'error.id_length_check','The ID of the message cannot be larger than 250 characters',null,null,null,null,null);
Insert into `ETR_TB_MSG_RESPONSE_CODE` (`RSC_ID`,`RSC_CD`,`RSC_VAL`,`RSC_STS_CD`,`RSC_DOC_ID`,`RSC_ICA_ID`,`RSC_PRO_ID`,`RSC_TRA_ID`) values (105,'error.invalid_codetable_value_accounttypecode','Value supplied is unacceptable for an element controlled by codelist AccountTypeCode',null,null,null,null,null);
Insert into `ETR_TB_MSG_RESPONSE_CODE` (`RSC_ID`,`RSC_CD`,`RSC_VAL`,`RSC_STS_CD`,`RSC_DOC_ID`,`RSC_ICA_ID`,`RSC_PRO_ID`,`RSC_TRA_ID`) values (106,'error.invalid_codetable_value_actioncode','Value supplied is unacceptable for an element controlled by codelist ActionCode',null,null,null,null,null);
Insert into `ETR_TB_MSG_RESPONSE_CODE` (`RSC_ID`,`RSC_CD`,`RSC_VAL`,`RSC_STS_CD`,`RSC_DOC_ID`,`RSC_ICA_ID`,`RSC_PRO_ID`,`RSC_TRA_ID`) values (107,'error.invalid_codetable_value_addressformatcode','Value supplied is unacceptable for an element controlled by codelist AddressFormatCode',null,null,null,null,null);
Insert into `ETR_TB_MSG_RESPONSE_CODE` (`RSC_ID`,`RSC_CD`,`RSC_VAL`,`RSC_STS_CD`,`RSC_DOC_ID`,`RSC_ICA_ID`,`RSC_PRO_ID`,`RSC_TRA_ID`) values (108,'error.invalid_codetable_value_allowancechargereasoncode','Value supplied is unacceptable for an element controlled by codelist AllowanceChargeReasonCode',null,null,null,null,null);
Insert into `ETR_TB_MSG_RESPONSE_CODE` (`RSC_ID`,`RSC_CD`,`RSC_VAL`,`RSC_STS_CD`,`RSC_DOC_ID`,`RSC_ICA_ID`,`RSC_PRO_ID`,`RSC_TRA_ID`) values (109,'error.invalid_codetable_value_awardcriterionspecification','Value supplied is unacceptable for an element controlled by codelist AwardCriterionSpecification',null,null,null,null,null);
Insert into `ETR_TB_MSG_RESPONSE_CODE` (`RSC_ID`,`RSC_CD`,`RSC_VAL`,`RSC_STS_CD`,`RSC_DOC_ID`,`RSC_ICA_ID`,`RSC_PRO_ID`,`RSC_TRA_ID`) values (110,'error.invalid_codetable_value_binaryobjectmimecode','Value supplied is unacceptable for an element controlled by codelist BinaryObjectMimeCode',null,null,null,null,null);
Insert into `ETR_TB_MSG_RESPONSE_CODE` (`RSC_ID`,`RSC_CD`,`RSC_VAL`,`RSC_STS_CD`,`RSC_DOC_ID`,`RSC_ICA_ID`,`RSC_PRO_ID`,`RSC_TRA_ID`) values (111,'error.invalid_codetable_value_cataloguelifecyclestatuscode','Value supplied is unacceptable for an element controlled by codelist CatalogueLifeCycleStatusCode',null,null,null,null,null);
Insert into `ETR_TB_MSG_RESPONSE_CODE` (`RSC_ID`,`RSC_CD`,`RSC_VAL`,`RSC_STS_CD`,`RSC_DOC_ID`,`RSC_ICA_ID`,`RSC_PRO_ID`,`RSC_TRA_ID`) values (112,'error.invalid_codetable_value_commoditycode','Value supplied is unacceptable for an element controlled by codelist CommodityCode',null,null,null,null,null);
Insert into `ETR_TB_MSG_RESPONSE_CODE` (`RSC_ID`,`RSC_CD`,`RSC_VAL`,`RSC_STS_CD`,`RSC_DOC_ID`,`RSC_ICA_ID`,`RSC_PRO_ID`,`RSC_TRA_ID`) values (113,'error.invalid_codetable_value_contracttype','Value supplied is unacceptable for an element controlled by codelist ContractType',null,null,null,null,null);
Insert into `ETR_TB_MSG_RESPONSE_CODE` (`RSC_ID`,`RSC_CD`,`RSC_VAL`,`RSC_STS_CD`,`RSC_DOC_ID`,`RSC_ICA_ID`,`RSC_PRO_ID`,`RSC_TRA_ID`) values (114,'error.invalid_codetable_value_countryidentificationcode','Value supplied is unacceptable for an element controlled by codelist CountryIdentificationCode',null,null,null,null,null);
Insert into `ETR_TB_MSG_RESPONSE_CODE` (`RSC_ID`,`RSC_CD`,`RSC_VAL`,`RSC_STS_CD`,`RSC_DOC_ID`,`RSC_ICA_ID`,`RSC_PRO_ID`,`RSC_TRA_ID`) values (115,'error.invalid_codetable_value_currencycode','Value supplied is unacceptable for an element controlled by codelist CurrencyCode',null,null,null,null,null);
Insert into `ETR_TB_MSG_RESPONSE_CODE` (`RSC_ID`,`RSC_CD`,`RSC_VAL`,`RSC_STS_CD`,`RSC_DOC_ID`,`RSC_ICA_ID`,`RSC_PRO_ID`,`RSC_TRA_ID`) values (116,'error.invalid_codetable_value_deliverytermsid','Value supplied is unacceptable for an element controlled by codelist DeliveryTermsID',null,null,null,null,null);
Insert into `ETR_TB_MSG_RESPONSE_CODE` (`RSC_ID`,`RSC_CD`,`RSC_VAL`,`RSC_STS_CD`,`RSC_DOC_ID`,`RSC_ICA_ID`,`RSC_PRO_ID`,`RSC_TRA_ID`) values (117,'error.invalid_codetable_value_despatchadvicetypecode','Value supplied is unacceptable for an element controlled by codelist DespatchAdviceTypeCode',null,null,null,null,null);
Insert into `ETR_TB_MSG_RESPONSE_CODE` (`RSC_ID`,`RSC_CD`,`RSC_VAL`,`RSC_STS_CD`,`RSC_DOC_ID`,`RSC_ICA_ID`,`RSC_PRO_ID`,`RSC_TRA_ID`) values (118,'error.invalid_codetable_value_dimensionattributeid','Value supplied is unacceptable for an element controlled by codelist DimensionAttributeID',null,null,null,null,null);
Insert into `ETR_TB_MSG_RESPONSE_CODE` (`RSC_ID`,`RSC_CD`,`RSC_VAL`,`RSC_STS_CD`,`RSC_DOC_ID`,`RSC_ICA_ID`,`RSC_PRO_ID`,`RSC_TRA_ID`) values (119,'error.invalid_codetable_value_discrepancyresponsecode','Value supplied is unacceptable for an element controlled by codelist DiscrepancyResponseCode',null,null,null,null,null);
Insert into `ETR_TB_MSG_RESPONSE_CODE` (`RSC_ID`,`RSC_CD`,`RSC_VAL`,`RSC_STS_CD`,`RSC_DOC_ID`,`RSC_ICA_ID`,`RSC_PRO_ID`,`RSC_TRA_ID`) values (120,'error.invalid_codetable_value_documentstatuscode','Value supplied is unacceptable for an element controlled by codelist DocumentStatusCode',null,null,null,null,null);
Insert into `ETR_TB_MSG_RESPONSE_CODE` (`RSC_ID`,`RSC_CD`,`RSC_VAL`,`RSC_STS_CD`,`RSC_DOC_ID`,`RSC_ICA_ID`,`RSC_PRO_ID`,`RSC_TRA_ID`) values (121,'error.invalid_codetable_value_documenttypecode','Value supplied is unacceptable for an element controlled by codelist DocumentTypeCode',null,null,null,null,null);
Insert into `ETR_TB_MSG_RESPONSE_CODE` (`RSC_ID`,`RSC_CD`,`RSC_VAL`,`RSC_STS_CD`,`RSC_DOC_ID`,`RSC_ICA_ID`,`RSC_PRO_ID`,`RSC_TRA_ID`) values (122,'error.invalid_codetable_value_invoicetypecode','Value supplied is unacceptable for an element controlled by codelist InvoiceTypeCode',null,null,null,null,null);
Insert into `ETR_TB_MSG_RESPONSE_CODE` (`RSC_ID`,`RSC_CD`,`RSC_VAL`,`RSC_STS_CD`,`RSC_DOC_ID`,`RSC_ICA_ID`,`RSC_PRO_ID`,`RSC_TRA_ID`) values (123,'error.invalid_codetable_value_itemrelationshiptypecode','Value supplied is unacceptable for an element controlled by codelist ItemRelationshipTypeCode',null,null,null,null,null);
Insert into `ETR_TB_MSG_RESPONSE_CODE` (`RSC_ID`,`RSC_CD`,`RSC_VAL`,`RSC_STS_CD`,`RSC_DOC_ID`,`RSC_ICA_ID`,`RSC_PRO_ID`,`RSC_TRA_ID`) values (124,'error.invalid_codetable_value_languagecode','Value supplied is unacceptable for an element controlled by codelist LanguageCode',null,null,null,null,null);
Insert into `ETR_TB_MSG_RESPONSE_CODE` (`RSC_ID`,`RSC_CD`,`RSC_VAL`,`RSC_STS_CD`,`RSC_DOC_ID`,`RSC_ICA_ID`,`RSC_PRO_ID`,`RSC_TRA_ID`) values (125,'error.invalid_codetable_value_languagecodeeu','Value supplied is unacceptable for an element controlled by codelist LanguageCodeEU',null,null,null,null,null);
Insert into `ETR_TB_MSG_RESPONSE_CODE` (`RSC_ID`,`RSC_CD`,`RSC_VAL`,`RSC_STS_CD`,`RSC_DOC_ID`,`RSC_ICA_ID`,`RSC_PRO_ID`,`RSC_TRA_ID`) values (126,'error.invalid_codetable_value_lifecyclestatuscode','Value supplied is unacceptable for an element controlled by codelist LifeCycleStatusCode',null,null,null,null,null);
Insert into `ETR_TB_MSG_RESPONSE_CODE` (`RSC_ID`,`RSC_CD`,`RSC_VAL`,`RSC_STS_CD`,`RSC_DOC_ID`,`RSC_ICA_ID`,`RSC_PRO_ID`,`RSC_TRA_ID`) values (127,'error.invalid_codetable_value_linestatuscode','Value supplied is unacceptable for an element controlled by codelist LineStatusCode',null,null,null,null,null);
Insert into `ETR_TB_MSG_RESPONSE_CODE` (`RSC_ID`,`RSC_CD`,`RSC_VAL`,`RSC_STS_CD`,`RSC_DOC_ID`,`RSC_ICA_ID`,`RSC_PRO_ID`,`RSC_TRA_ID`) values (128,'error.invalid_codetable_value_operatorcode','Value supplied is unacceptable for an element controlled by codelist OperatorCode',null,null,null,null,null);
Insert into `ETR_TB_MSG_RESPONSE_CODE` (`RSC_ID`,`RSC_CD`,`RSC_VAL`,`RSC_STS_CD`,`RSC_DOC_ID`,`RSC_ICA_ID`,`RSC_PRO_ID`,`RSC_TRA_ID`) values (129,'error.invalid_codetable_value_parentdocumenttypecode','Value supplied is unacceptable for an element controlled by codelist ParentDocumentTypeCode',null,null,null,null,null);
Insert into `ETR_TB_MSG_RESPONSE_CODE` (`RSC_ID`,`RSC_CD`,`RSC_VAL`,`RSC_STS_CD`,`RSC_DOC_ID`,`RSC_ICA_ID`,`RSC_PRO_ID`,`RSC_TRA_ID`) values (130,'error.invalid_codetable_value_paymentchannelcode','Value supplied is unacceptable for an element controlled by codelist PaymentChannelCode',null,null,null,null,null);
Insert into `ETR_TB_MSG_RESPONSE_CODE` (`RSC_ID`,`RSC_CD`,`RSC_VAL`,`RSC_STS_CD`,`RSC_DOC_ID`,`RSC_ICA_ID`,`RSC_PRO_ID`,`RSC_TRA_ID`) values (131,'error.invalid_codetable_value_paymentmeanscode','Value supplied is unacceptable for an element controlled by codelist PaymentMeansCode',null,null,null,null,null);
Insert into `ETR_TB_MSG_RESPONSE_CODE` (`RSC_ID`,`RSC_CD`,`RSC_VAL`,`RSC_STS_CD`,`RSC_DOC_ID`,`RSC_ICA_ID`,`RSC_PRO_ID`,`RSC_TRA_ID`) values (132,'error.invalid_codetable_value_proceduretype','Value supplied is unacceptable for an element controlled by codelist ProcedureType',null,null,null,null,null);
Insert into `ETR_TB_MSG_RESPONSE_CODE` (`RSC_ID`,`RSC_CD`,`RSC_VAL`,`RSC_STS_CD`,`RSC_DOC_ID`,`RSC_ICA_ID`,`RSC_PRO_ID`,`RSC_TRA_ID`) values (133,'error.invalid_codetable_value_projecttype','Value supplied is unacceptable for an element controlled by codelist ProjectType',null,null,null,null,null);
Insert into `ETR_TB_MSG_RESPONSE_CODE` (`RSC_ID`,`RSC_CD`,`RSC_VAL`,`RSC_STS_CD`,`RSC_DOC_ID`,`RSC_ICA_ID`,`RSC_PRO_ID`,`RSC_TRA_ID`) values (134,'error.invalid_codetable_value_remindertypecode','Value supplied is unacceptable for an element controlled by codelist ReminderTypeCode',null,null,null,null,null);
Insert into `ETR_TB_MSG_RESPONSE_CODE` (`RSC_ID`,`RSC_CD`,`RSC_VAL`,`RSC_STS_CD`,`RSC_DOC_ID`,`RSC_ICA_ID`,`RSC_PRO_ID`,`RSC_TRA_ID`) values (135,'error.invalid_codetable_value_taxcategoryid','Value supplied is unacceptable for an element controlled by codelist TaxCategoryID',null,null,null,null,null);
Insert into `ETR_TB_MSG_RESPONSE_CODE` (`RSC_ID`,`RSC_CD`,`RSC_VAL`,`RSC_STS_CD`,`RSC_DOC_ID`,`RSC_ICA_ID`,`RSC_PRO_ID`,`RSC_TRA_ID`) values (136,'error.invalid_codetable_value_taxexemptionreasoncode','Value supplied is unacceptable for an element controlled by codelist TaxExemptionReasonCode',null,null,null,null,null);
Insert into `ETR_TB_MSG_RESPONSE_CODE` (`RSC_ID`,`RSC_CD`,`RSC_VAL`,`RSC_STS_CD`,`RSC_DOC_ID`,`RSC_ICA_ID`,`RSC_PRO_ID`,`RSC_TRA_ID`) values (137,'error.invalid_codetable_value_taxschemeid','Value supplied is unacceptable for an element controlled by codelist TaxSchemeID',null,null,null,null,null);
Insert into `ETR_TB_MSG_RESPONSE_CODE` (`RSC_ID`,`RSC_CD`,`RSC_VAL`,`RSC_STS_CD`,`RSC_DOC_ID`,`RSC_ICA_ID`,`RSC_PRO_ID`,`RSC_TRA_ID`) values (138,'error.invalid_codetable_value_taxtypecode','Value supplied is unacceptable for an element controlled by codelist TaxTypeCode',null,null,null,null,null);
Insert into `ETR_TB_MSG_RESPONSE_CODE` (`RSC_ID`,`RSC_CD`,`RSC_VAL`,`RSC_STS_CD`,`RSC_DOC_ID`,`RSC_ICA_ID`,`RSC_PRO_ID`,`RSC_TRA_ID`) values (139,'error.invalid_codetable_value_tendersubmissiontypecode','Value supplied is unacceptable for an element controlled by codelist TenderSubmissionTypeCode',null,null,null,null,null);
Insert into `ETR_TB_MSG_RESPONSE_CODE` (`RSC_ID`,`RSC_CD`,`RSC_VAL`,`RSC_STS_CD`,`RSC_DOC_ID`,`RSC_ICA_ID`,`RSC_PRO_ID`,`RSC_TRA_ID`) values (140,'error.invalid_codetable_value_unitofmeasurecode','Value supplied is unacceptable for an element controlled by codelist UnitOfMeasureCode',null,null,null,null,null);
Insert into `ETR_TB_MSG_RESPONSE_CODE` (`RSC_ID`,`RSC_CD`,`RSC_VAL`,`RSC_STS_CD`,`RSC_DOC_ID`,`RSC_ICA_ID`,`RSC_PRO_ID`,`RSC_TRA_ID`) values (141,'error.invalid_date_range','Period startdate is later than enddate',null,null,null,null,null);
Insert into `ETR_TB_MSG_RESPONSE_CODE` (`RSC_ID`,`RSC_CD`,`RSC_VAL`,`RSC_STS_CD`,`RSC_DOC_ID`,`RSC_ICA_ID`,`RSC_PRO_ID`,`RSC_TRA_ID`) values (142,'error.invoicedocumentreference_check','Invoice document reference missing',null,null,null,null,null);
Insert into `ETR_TB_MSG_RESPONSE_CODE` (`RSC_ID`,`RSC_CD`,`RSC_VAL`,`RSC_STS_CD`,`RSC_DOC_ID`,`RSC_ICA_ID`,`RSC_PRO_ID`,`RSC_TRA_ID`) values (143,'error.invoicedocumentreference_documenttypecode_check','Reminder/ReminderLine/BillingReference/InvoiceDocumentReference/DocumentTypeCode must be a valid code',null,null,null,null,null);
Insert into `ETR_TB_MSG_RESPONSE_CODE` (`RSC_ID`,`RSC_CD`,`RSC_VAL`,`RSC_STS_CD`,`RSC_DOC_ID`,`RSC_ICA_ID`,`RSC_PRO_ID`,`RSC_TRA_ID`) values (144,'error.invoicelinelineextensionamount_check','The total line amount plus charges minus discounts exclusive of taxes must be equal to the LineExtensionAmount at line level',null,null,null,null,null);
Insert into `ETR_TB_MSG_RESPONSE_CODE` (`RSC_ID`,`RSC_CD`,`RSC_VAL`,`RSC_STS_CD`,`RSC_DOC_ID`,`RSC_ICA_ID`,`RSC_PRO_ID`,`RSC_TRA_ID`) values (145,'error.issuedate_future','The element IssueDate should not contain a date from the future',null,null,null,null,null);
Insert into `ETR_TB_MSG_RESPONSE_CODE` (`RSC_ID`,`RSC_CD`,`RSC_VAL`,`RSC_STS_CD`,`RSC_DOC_ID`,`RSC_ICA_ID`,`RSC_PRO_ID`,`RSC_TRA_ID`) values (146,'error.issuetime_check','The IssueTime must be present',null,null,null,null,null);
Insert into `ETR_TB_MSG_RESPONSE_CODE` (`RSC_ID`,`RSC_CD`,`RSC_VAL`,`RSC_STS_CD`,`RSC_DOC_ID`,`RSC_ICA_ID`,`RSC_PRO_ID`,`RSC_TRA_ID`) values (147,'error.item_check_classifiedtaxcategory','Element Item misses child element ClassifiedTaxCategory',null,null,null,null,null);
Insert into `ETR_TB_MSG_RESPONSE_CODE` (`RSC_ID`,`RSC_CD`,`RSC_VAL`,`RSC_STS_CD`,`RSC_DOC_ID`,`RSC_ICA_ID`,`RSC_PRO_ID`,`RSC_TRA_ID`) values (148,'error.item_check_name_or_description','An item should contain a Name or a Description which is not empty',null,null,null,null,null);
Insert into `ETR_TB_MSG_RESPONSE_CODE` (`RSC_ID`,`RSC_CD`,`RSC_VAL`,`RSC_STS_CD`,`RSC_DOC_ID`,`RSC_ICA_ID`,`RSC_PRO_ID`,`RSC_TRA_ID`) values (149,'error.item_check_sellersitemidentification','SellersItemIdentification should be present for an Item',null,null,null,null,null);
Insert into `ETR_TB_MSG_RESPONSE_CODE` (`RSC_ID`,`RSC_CD`,`RSC_VAL`,`RSC_STS_CD`,`RSC_DOC_ID`,`RSC_ICA_ID`,`RSC_PRO_ID`,`RSC_TRA_ID`) values (150,'error.item_check_sellersitemidentification_catalogue','SellersItemIdentification must be present for an Item in the Catalogue document',null,null,null,null,null);
Insert into `ETR_TB_MSG_RESPONSE_CODE` (`RSC_ID`,`RSC_CD`,`RSC_VAL`,`RSC_STS_CD`,`RSC_DOC_ID`,`RSC_ICA_ID`,`RSC_PRO_ID`,`RSC_TRA_ID`) values (151,'error.itemclassificationcodecriterion_check','When ItemClassificationCodeCriterion is provided then the attribute listID must be present and not empty',null,null,null,null,null);
Insert into `ETR_TB_MSG_RESPONSE_CODE` (`RSC_ID`,`RSC_CD`,`RSC_VAL`,`RSC_STS_CD`,`RSC_DOC_ID`,`RSC_ICA_ID`,`RSC_PRO_ID`,`RSC_TRA_ID`) values (152,'error.large_date_range','The difference between startdate and enddate is larger than one year',null,null,null,null,null);
Insert into `ETR_TB_MSG_RESPONSE_CODE` (`RSC_ID`,`RSC_CD`,`RSC_VAL`,`RSC_STS_CD`,`RSC_DOC_ID`,`RSC_ICA_ID`,`RSC_PRO_ID`,`RSC_TRA_ID`) values (153,'error.lineextensionamount_check','The LineExtensionAmount at document level must be equal to the sum of all LineExtensionAmounts at line level',null,null,null,null,null);
Insert into `ETR_TB_MSG_RESPONSE_CODE` (`RSC_ID`,`RSC_CD`,`RSC_VAL`,`RSC_STS_CD`,`RSC_DOC_ID`,`RSC_ICA_ID`,`RSC_PRO_ID`,`RSC_TRA_ID`) values (154,'error.lineitem_check_totaltaxamount','Element LineItem misses child element TotalTaxAmount',null,null,null,null,null);
Insert into `ETR_TB_MSG_RESPONSE_CODE` (`RSC_ID`,`RSC_CD`,`RSC_VAL`,`RSC_STS_CD`,`RSC_DOC_ID`,`RSC_ICA_ID`,`RSC_PRO_ID`,`RSC_TRA_ID`) values (155,'error.lineitemid_check','LineItem ID should not be empty',null,null,null,null,null);
Insert into `ETR_TB_MSG_RESPONSE_CODE` (`RSC_ID`,`RSC_CD`,`RSC_VAL`,`RSC_STS_CD`,`RSC_DOC_ID`,`RSC_ICA_ID`,`RSC_PRO_ID`,`RSC_TRA_ID`) values (156,'error.lineitemlineextensionamount_check','The total line amount plus charges minus discounts exclusive of taxes must be equal to the LineExtensionAmount at line level',null,null,null,null,null);
Insert into `ETR_TB_MSG_RESPONSE_CODE` (`RSC_ID`,`RSC_CD`,`RSC_VAL`,`RSC_STS_CD`,`RSC_DOC_ID`,`RSC_ICA_ID`,`RSC_PRO_ID`,`RSC_TRA_ID`) values (157,'error.lineitemlineextensionamount_negative_check','LineExtensionAmount in LineItem must not be negative',null,null,null,null,null);
Insert into `ETR_TB_MSG_RESPONSE_CODE` (`RSC_ID`,`RSC_CD`,`RSC_VAL`,`RSC_STS_CD`,`RSC_DOC_ID`,`RSC_ICA_ID`,`RSC_PRO_ID`,`RSC_TRA_ID`) values (158,'error.lineitemquantity_check','Quantity in LineItem must not be negative',null,null,null,null,null);
Insert into `ETR_TB_MSG_RESPONSE_CODE` (`RSC_ID`,`RSC_CD`,`RSC_VAL`,`RSC_STS_CD`,`RSC_DOC_ID`,`RSC_ICA_ID`,`RSC_PRO_ID`,`RSC_TRA_ID`) values (159,'error.linevalidityperiod_check','The LineValidityPeriod should fall within the range of the ValidityPeriod defined at document level',null,null,null,null,null);
Insert into `ETR_TB_MSG_RESPONSE_CODE` (`RSC_ID`,`RSC_CD`,`RSC_VAL`,`RSC_STS_CD`,`RSC_DOC_ID`,`RSC_ICA_ID`,`RSC_PRO_ID`,`RSC_TRA_ID`) values (160,'error.note_check','The Note of the message must be present and not empty',null,null,null,null,null);
Insert into `ETR_TB_MSG_RESPONSE_CODE` (`RSC_ID`,`RSC_CD`,`RSC_VAL`,`RSC_STS_CD`,`RSC_DOC_ID`,`RSC_ICA_ID`,`RSC_PRO_ID`,`RSC_TRA_ID`) values (161,'error.order_document_reference_check','Element OrderDocumentReference should include one of following child elements: DocumentType or DocumentTypeCode',null,null,null,null,null);
Insert into `ETR_TB_MSG_RESPONSE_CODE` (`RSC_ID`,`RSC_CD`,`RSC_VAL`,`RSC_STS_CD`,`RSC_DOC_ID`,`RSC_ICA_ID`,`RSC_PRO_ID`,`RSC_TRA_ID`) values (162,'error.order_reference_check','No more than one OrderReference class should be present',null,null,null,null,null);
Insert into `ETR_TB_MSG_RESPONSE_CODE` (`RSC_ID`,`RSC_CD`,`RSC_VAL`,`RSC_STS_CD`,`RSC_DOC_ID`,`RSC_ICA_ID`,`RSC_PRO_ID`,`RSC_TRA_ID`) values (163,'error.orderableunitfactorrate_check','The OrderableUnitFactorRate should be larger than 0',null,null,null,null,null);
Insert into `ETR_TB_MSG_RESPONSE_CODE` (`RSC_ID`,`RSC_CD`,`RSC_VAL`,`RSC_STS_CD`,`RSC_DOC_ID`,`RSC_ICA_ID`,`RSC_PRO_ID`,`RSC_TRA_ID`) values (164,'error.orderdocumentreference_check','OrderReference should be present and not empty',null,null,null,null,null);
Insert into `ETR_TB_MSG_RESPONSE_CODE` (`RSC_ID`,`RSC_CD`,`RSC_VAL`,`RSC_STS_CD`,`RSC_DOC_ID`,`RSC_ICA_ID`,`RSC_PRO_ID`,`RSC_TRA_ID`) values (165,'error.orderreference_single_check','Exactly one OrderReference class must be present',null,null,null,null,null);
Insert into `ETR_TB_MSG_RESPONSE_CODE` (`RSC_ID`,`RSC_CD`,`RSC_VAL`,`RSC_STS_CD`,`RSC_DOC_ID`,`RSC_ICA_ID`,`RSC_PRO_ID`,`RSC_TRA_ID`) values (166,'error.originalitemlocationquantity_check_maximumquantity','The amount of a MaximumQuantity should not be negative',null,null,null,null,null);
Insert into `ETR_TB_MSG_RESPONSE_CODE` (`RSC_ID`,`RSC_CD`,`RSC_VAL`,`RSC_STS_CD`,`RSC_DOC_ID`,`RSC_ICA_ID`,`RSC_PRO_ID`,`RSC_TRA_ID`) values (167,'error.originalitemlocationquantity_check_minimumquantity','The amount of a MinimumQuantity should not be negative',null,null,null,null,null);
Insert into `ETR_TB_MSG_RESPONSE_CODE` (`RSC_ID`,`RSC_CD`,`RSC_VAL`,`RSC_STS_CD`,`RSC_DOC_ID`,`RSC_ICA_ID`,`RSC_PRO_ID`,`RSC_TRA_ID`) values (168,'error.originator_document_reference_check','Element OriginatorDocumentReference should include one of following child elements: DocumentType or DocumentTypeCode',null,null,null,null,null);
Insert into `ETR_TB_MSG_RESPONSE_CODE` (`RSC_ID`,`RSC_CD`,`RSC_VAL`,`RSC_STS_CD`,`RSC_DOC_ID`,`RSC_ICA_ID`,`RSC_PRO_ID`,`RSC_TRA_ID`) values (169,'error.originator_document_reference_id_check','OriginatorDocumentReference ID must be present and not empty',null,null,null,null,null);
Insert into `ETR_TB_MSG_RESPONSE_CODE` (`RSC_ID`,`RSC_CD`,`RSC_VAL`,`RSC_STS_CD`,`RSC_DOC_ID`,`RSC_ICA_ID`,`RSC_PRO_ID`,`RSC_TRA_ID`) values (170,'error.parent_document_id_length_check','The ParentDocumentID cannot be larger than 250 characters',null,null,null,null,null);
Insert into `ETR_TB_MSG_RESPONSE_CODE` (`RSC_ID`,`RSC_CD`,`RSC_VAL`,`RSC_STS_CD`,`RSC_DOC_ID`,`RSC_ICA_ID`,`RSC_PRO_ID`,`RSC_TRA_ID`) values (171,'error.parent_document_type_code_check_attached_document','An AttachedDocument must not refer to an AttachedDocument in the ParentDocumentTypeCode element',null,null,null,null,null);
Insert into `ETR_TB_MSG_RESPONSE_CODE` (`RSC_ID`,`RSC_CD`,`RSC_VAL`,`RSC_STS_CD`,`RSC_DOC_ID`,`RSC_ICA_ID`,`RSC_PRO_ID`,`RSC_TRA_ID`) values (172,'error.participationrequestreceptionperiod_enddate_check','When CallForTenders/ProfileExecutionID equals "Q" or "Q2T (step 1)" then EndDate in TenderingProcess/ParticipationRequestReceptionPeriod must be present and not empty',null,null,null,null,null);
Insert into `ETR_TB_MSG_RESPONSE_CODE` (`RSC_ID`,`RSC_CD`,`RSC_VAL`,`RSC_STS_CD`,`RSC_DOC_ID`,`RSC_ICA_ID`,`RSC_PRO_ID`,`RSC_TRA_ID`) values (173,'error.participationrequestreceptionperiod_endtime_check','When CallForTenders/ProfileExecutionID equals "Q" or "Q2T (step 1)" then EndTime in TenderingProcess/ParticipationRequestReceptionPeriod must be present and not empty',null,null,null,null,null);
Insert into `ETR_TB_MSG_RESPONSE_CODE` (`RSC_ID`,`RSC_CD`,`RSC_VAL`,`RSC_STS_CD`,`RSC_DOC_ID`,`RSC_ICA_ID`,`RSC_PRO_ID`,`RSC_TRA_ID`) values (174,'error.party_check_partytaxscheme','Element Party misses child element PartyTaxScheme',null,null,null,null,null);
Insert into `ETR_TB_MSG_RESPONSE_CODE` (`RSC_ID`,`RSC_CD`,`RSC_VAL`,`RSC_STS_CD`,`RSC_DOC_ID`,`RSC_ICA_ID`,`RSC_PRO_ID`,`RSC_TRA_ID`) values (175,'error.party_check_postaladdress','Element Party misses child element PostalAddress',null,null,null,null,null);
Insert into `ETR_TB_MSG_RESPONSE_CODE` (`RSC_ID`,`RSC_CD`,`RSC_VAL`,`RSC_STS_CD`,`RSC_DOC_ID`,`RSC_ICA_ID`,`RSC_PRO_ID`,`RSC_TRA_ID`) values (176,'error.party_tax_scheme_check_companyid','Element PartyTaxScheme misses child element CompanyID',null,null,null,null,null);
Insert into `ETR_TB_MSG_RESPONSE_CODE` (`RSC_ID`,`RSC_CD`,`RSC_VAL`,`RSC_STS_CD`,`RSC_DOC_ID`,`RSC_ICA_ID`,`RSC_PRO_ID`,`RSC_TRA_ID`) values (177,'error.payableamount_check','The Payable Amount must be equal to the tax inclusive amount minus the pre-paid amount',null,null,null,null,null);
Insert into `ETR_TB_MSG_RESPONSE_CODE` (`RSC_ID`,`RSC_CD`,`RSC_VAL`,`RSC_STS_CD`,`RSC_DOC_ID`,`RSC_ICA_ID`,`RSC_PRO_ID`,`RSC_TRA_ID`) values (178,'error.payeeparty_name_check','Name in PayeeParty/Party/PartyName must be present and cannot be empty',null,null,null,null,null);
Insert into `ETR_TB_MSG_RESPONSE_CODE` (`RSC_ID`,`RSC_CD`,`RSC_VAL`,`RSC_STS_CD`,`RSC_DOC_ID`,`RSC_ICA_ID`,`RSC_PRO_ID`,`RSC_TRA_ID`) values (179,'error.payeeparty_partyidentification_id_check','ID in PayeeParty/PartyIdentification must be present and cannot be empty',null,null,null,null,null);
Insert into `ETR_TB_MSG_RESPONSE_CODE` (`RSC_ID`,`RSC_CD`,`RSC_VAL`,`RSC_STS_CD`,`RSC_DOC_ID`,`RSC_ICA_ID`,`RSC_PRO_ID`,`RSC_TRA_ID`) values (180,'error.paymentterms_amount_check','Amount in PaymentTerms must not be negative',null,null,null,null,null);
Insert into `ETR_TB_MSG_RESPONSE_CODE` (`RSC_ID`,`RSC_CD`,`RSC_VAL`,`RSC_STS_CD`,`RSC_DOC_ID`,`RSC_ICA_ID`,`RSC_PRO_ID`,`RSC_TRA_ID`) values (181,'error.period_check_enddate','Element Period misses child element EndDate',null,null,null,null,null);
Insert into `ETR_TB_MSG_RESPONSE_CODE` (`RSC_ID`,`RSC_CD`,`RSC_VAL`,`RSC_STS_CD`,`RSC_DOC_ID`,`RSC_ICA_ID`,`RSC_PRO_ID`,`RSC_TRA_ID`) values (182,'error.period_check_startdate','Element Period misses child element StartDate',null,null,null,null,null);
Insert into `ETR_TB_MSG_RESPONSE_CODE` (`RSC_ID`,`RSC_CD`,`RSC_VAL`,`RSC_STS_CD`,`RSC_DOC_ID`,`RSC_ICA_ID`,`RSC_PRO_ID`,`RSC_TRA_ID`) values (183,'error.prepaidamount_check','The Prepaid Amount must be equal to the total of all Prepaid Payments at document level',null,null,null,null,null);
Insert into `ETR_TB_MSG_RESPONSE_CODE` (`RSC_ID`,`RSC_CD`,`RSC_VAL`,`RSC_STS_CD`,`RSC_DOC_ID`,`RSC_ICA_ID`,`RSC_PRO_ID`,`RSC_TRA_ID`) values (184,'error.priceamount_check','Element PriceAmount should not contain a negative value',null,null,null,null,null);
Insert into `ETR_TB_MSG_RESPONSE_CODE` (`RSC_ID`,`RSC_CD`,`RSC_VAL`,`RSC_STS_CD`,`RSC_DOC_ID`,`RSC_ICA_ID`,`RSC_PRO_ID`,`RSC_TRA_ID`) values (185,'error.priceamount_hard_check','PriceAmount must not be negative',null,null,null,null,null);
Insert into `ETR_TB_MSG_RESPONSE_CODE` (`RSC_ID`,`RSC_CD`,`RSC_VAL`,`RSC_STS_CD`,`RSC_DOC_ID`,`RSC_ICA_ID`,`RSC_PRO_ID`,`RSC_TRA_ID`) values (186,'error.procurementproject_description_check','Description in ProcurementProject must be present and not empty',null,null,null,null,null);
Insert into `ETR_TB_MSG_RESPONSE_CODE` (`RSC_ID`,`RSC_CD`,`RSC_VAL`,`RSC_STS_CD`,`RSC_DOC_ID`,`RSC_ICA_ID`,`RSC_PRO_ID`,`RSC_TRA_ID`) values (187,'error.procurementproject_procurementtypecode_check','ProcurementTypeCode in ProcurementProject must be present and not empty',null,null,null,null,null);
Insert into `ETR_TB_MSG_RESPONSE_CODE` (`RSC_ID`,`RSC_CD`,`RSC_VAL`,`RSC_STS_CD`,`RSC_DOC_ID`,`RSC_ICA_ID`,`RSC_PRO_ID`,`RSC_TRA_ID`) values (188,'error.profileexecutionid_check','The ProfileExecutionID must exists and should have one of the values "T" or "QT" or "Q2T" or "Q"',null,null,null,null,null);
Insert into `ETR_TB_MSG_RESPONSE_CODE` (`RSC_ID`,`RSC_CD`,`RSC_VAL`,`RSC_STS_CD`,`RSC_DOC_ID`,`RSC_ICA_ID`,`RSC_PRO_ID`,`RSC_TRA_ID`) values (189,'error.profileexecutionid_check','The ProfileExecutionID must exists and should have one of the values "T" or "QT" or "Q2T" or "Q"',null,null,null,null,null);
Insert into `ETR_TB_MSG_RESPONSE_CODE` (`RSC_ID`,`RSC_CD`,`RSC_VAL`,`RSC_STS_CD`,`RSC_DOC_ID`,`RSC_ICA_ID`,`RSC_PRO_ID`,`RSC_TRA_ID`) values (190,'error.profileid_check','The ProfileID of the message must be present and not empty',null,null,null,null,null);
Insert into `ETR_TB_MSG_RESPONSE_CODE` (`RSC_ID`,`RSC_CD`,`RSC_VAL`,`RSC_STS_CD`,`RSC_DOC_ID`,`RSC_ICA_ID`,`RSC_PRO_ID`,`RSC_TRA_ID`) values (191,'error.qualificationresolution_exclusionreason_check','For each Qualification Resolution, the exclusion reason is mandatory in case the response is negative, describing a reason for the exclusion from the tendering process.',null,null,null,null,null);
Insert into `ETR_TB_MSG_RESPONSE_CODE` (`RSC_ID`,`RSC_CD`,`RSC_VAL`,`RSC_STS_CD`,`RSC_DOC_ID`,`RSC_ICA_ID`,`RSC_PRO_ID`,`RSC_TRA_ID`) values (192,'error.quantity_negativity_check','A Quantity should not be negative',null,null,null,null,null);
Insert into `ETR_TB_MSG_RESPONSE_CODE` (`RSC_ID`,`RSC_CD`,`RSC_VAL`,`RSC_STS_CD`,`RSC_DOC_ID`,`RSC_ICA_ID`,`RSC_PRO_ID`,`RSC_TRA_ID`) values (193,'error.quantity_range_check','The MaximumQuantity should be greater or equal to the MinimumQuantity within the same parent element',null,null,null,null,null);
Insert into `ETR_TB_MSG_RESPONSE_CODE` (`RSC_ID`,`RSC_CD`,`RSC_VAL`,`RSC_STS_CD`,`RSC_DOC_ID`,`RSC_ICA_ID`,`RSC_PRO_ID`,`RSC_TRA_ID`) values (194,'error.quantity_unitcode_check','Quantities must have a unitCode attribute',null,null,null,null,null);
Insert into `ETR_TB_MSG_RESPONSE_CODE` (`RSC_ID`,`RSC_CD`,`RSC_VAL`,`RSC_STS_CD`,`RSC_DOC_ID`,`RSC_ICA_ID`,`RSC_PRO_ID`,`RSC_TRA_ID`) values (195,'error.receiverparty_endpointid_check','The EndpointID withing the element ReceiverParty must be present and not empty',null,null,null,null,null);
Insert into `ETR_TB_MSG_RESPONSE_CODE` (`RSC_ID`,`RSC_CD`,`RSC_VAL`,`RSC_STS_CD`,`RSC_DOC_ID`,`RSC_ICA_ID`,`RSC_PRO_ID`,`RSC_TRA_ID`) values (196,'error.receiverparty_partyidentification_check','The PartyIdentification inside ReceiverParty must be present and not empty',null,null,null,null,null);
Insert into `ETR_TB_MSG_RESPONSE_CODE` (`RSC_ID`,`RSC_CD`,`RSC_VAL`,`RSC_STS_CD`,`RSC_DOC_ID`,`RSC_ICA_ID`,`RSC_PRO_ID`,`RSC_TRA_ID`) values (197,'error.referencedcontract_check_id','ReferencedContract ID should be present and not empty',null,null,null,null,null);
Insert into `ETR_TB_MSG_RESPONSE_CODE` (`RSC_ID`,`RSC_CD`,`RSC_VAL`,`RSC_STS_CD`,`RSC_DOC_ID`,`RSC_ICA_ID`,`RSC_PRO_ID`,`RSC_TRA_ID`) values (198,'error.referencedcontract_check_number_error','A ReferencedContract class must be present',null,null,null,null,null);
Insert into `ETR_TB_MSG_RESPONSE_CODE` (`RSC_ID`,`RSC_CD`,`RSC_VAL`,`RSC_STS_CD`,`RSC_DOC_ID`,`RSC_ICA_ID`,`RSC_PRO_ID`,`RSC_TRA_ID`) values (199,'error.referencedcontract_check_number_warning','Not more than one ReferencedContract class should be present',null,null,null,null,null);
Insert into `ETR_TB_MSG_RESPONSE_CODE` (`RSC_ID`,`RSC_CD`,`RSC_VAL`,`RSC_STS_CD`,`RSC_DOC_ID`,`RSC_ICA_ID`,`RSC_PRO_ID`,`RSC_TRA_ID`) values (200,'error.relateditemcriterion_check','The attribute ItemRelationshipType is mandatory in the element RelatedItemCriterion',null,null,null,null,null);
Insert into `ETR_TB_MSG_RESPONSE_CODE` (`RSC_ID`,`RSC_CD`,`RSC_VAL`,`RSC_STS_CD`,`RSC_DOC_ID`,`RSC_ICA_ID`,`RSC_PRO_ID`,`RSC_TRA_ID`) values (201,'error.reminder_line_billingreference_id_check','If  there is more than one Reminder/ReminderLine/BillingReference reference then the Reminder/ReminderLine/BillingReference/InvoiceDocumentReference/ID must be the same in all the references',null,null,null,null,null);
Insert into `ETR_TB_MSG_RESPONSE_CODE` (`RSC_ID`,`RSC_CD`,`RSC_VAL`,`RSC_STS_CD`,`RSC_DOC_ID`,`RSC_ICA_ID`,`RSC_PRO_ID`,`RSC_TRA_ID`) values (202,'error.reminder_line_check','No more than one ReminderLine must be present',null,null,null,null,null);
Insert into `ETR_TB_MSG_RESPONSE_CODE` (`RSC_ID`,`RSC_CD`,`RSC_VAL`,`RSC_STS_CD`,`RSC_DOC_ID`,`RSC_ICA_ID`,`RSC_PRO_ID`,`RSC_TRA_ID`) values (203,'error.reminder_line_creditnotedocumentreference_id_check','ID in CreditNoteDocumentReference must be present and cannot be empty',null,null,null,null,null);
Insert into `ETR_TB_MSG_RESPONSE_CODE` (`RSC_ID`,`RSC_CD`,`RSC_VAL`,`RSC_STS_CD`,`RSC_DOC_ID`,`RSC_ICA_ID`,`RSC_PRO_ID`,`RSC_TRA_ID`) values (204,'error.reminder_line_id_check','ID in ReminderLine must be present and cannot be empty',null,null,null,null,null);
Insert into `ETR_TB_MSG_RESPONSE_CODE` (`RSC_ID`,`RSC_CD`,`RSC_VAL`,`RSC_STS_CD`,`RSC_DOC_ID`,`RSC_ICA_ID`,`RSC_PRO_ID`,`RSC_TRA_ID`) values (205,'error.reminder_line_invoicedocumentreference_id_check','ID in ReminderLine/BillingReference/InvoiceDocumentReference must be present and cannot be empty',null,null,null,null,null);
Insert into `ETR_TB_MSG_RESPONSE_CODE` (`RSC_ID`,`RSC_CD`,`RSC_VAL`,`RSC_STS_CD`,`RSC_DOC_ID`,`RSC_ICA_ID`,`RSC_PRO_ID`,`RSC_TRA_ID`) values (206,'error.reminder_period_check','No more than one ReminderPeriod must be present',null,null,null,null,null);
Insert into `ETR_TB_MSG_RESPONSE_CODE` (`RSC_ID`,`RSC_CD`,`RSC_VAL`,`RSC_STS_CD`,`RSC_DOC_ID`,`RSC_ICA_ID`,`RSC_PRO_ID`,`RSC_TRA_ID`) values (207,'error.requesteddeliveryperiod_end_date_check','EndDate must be present in RequestedDeliveryPeriod',null,null,null,null,null);
Insert into `ETR_TB_MSG_RESPONSE_CODE` (`RSC_ID`,`RSC_CD`,`RSC_VAL`,`RSC_STS_CD`,`RSC_DOC_ID`,`RSC_ICA_ID`,`RSC_PRO_ID`,`RSC_TRA_ID`) values (208,'error.requesteddeliveryperiod_invalid_date_range','StartDate must be smaller or equal to EndDate in RequestedDeliveryPeriod',null,null,null,null,null);
Insert into `ETR_TB_MSG_RESPONSE_CODE` (`RSC_ID`,`RSC_CD`,`RSC_VAL`,`RSC_STS_CD`,`RSC_DOC_ID`,`RSC_ICA_ID`,`RSC_PRO_ID`,`RSC_TRA_ID`) values (209,'error.requesteddeliveryperiod_start_date_check','StartDate must be present in RequestedDeliveryPeriod',null,null,null,null,null);
Insert into `ETR_TB_MSG_RESPONSE_CODE` (`RSC_ID`,`RSC_CD`,`RSC_VAL`,`RSC_STS_CD`,`RSC_DOC_ID`,`RSC_ICA_ID`,`RSC_PRO_ID`,`RSC_TRA_ID`) values (210,'error.resolutiondocumentreference_443_check','There can be maximum one instance of TendererQualificationResponse/ResolutionDocumentReference/ID with DocumentTypeCode "443"',null,null,null,null,null);
Insert into `ETR_TB_MSG_RESPONSE_CODE` (`RSC_ID`,`RSC_CD`,`RSC_VAL`,`RSC_STS_CD`,`RSC_DOC_ID`,`RSC_ICA_ID`,`RSC_PRO_ID`,`RSC_TRA_ID`) values (211,'error.resolutiondocumentreference_bdl_check','There can be maximum one instance of TendererQualificationResponse/ResolutionDocumentReference/ID with DocumentTypeCode "BDL"',null,null,null,null,null);
Insert into `ETR_TB_MSG_RESPONSE_CODE` (`RSC_ID`,`RSC_CD`,`RSC_VAL`,`RSC_STS_CD`,`RSC_DOC_ID`,`RSC_ICA_ID`,`RSC_PRO_ID`,`RSC_TRA_ID`) values (212,'error.resolutiondocumentreference_check','At least one TendererQualificationResponse/ResolutionDocumentReference element must be present',null,null,null,null,null);
Insert into `ETR_TB_MSG_RESPONSE_CODE` (`RSC_ID`,`RSC_CD`,`RSC_VAL`,`RSC_STS_CD`,`RSC_DOC_ID`,`RSC_ICA_ID`,`RSC_PRO_ID`,`RSC_TRA_ID`) values (213,'error.resolutiondocumentreference_doctypecode_check','The Qualification Bundle reference  in element TendererQualificationResponse/ResolutionDocumentReference/ID MUST exists and the corresponding DocumentTypeCode must be "BDL" or "443"',null,null,null,null,null);
Insert into `ETR_TB_MSG_RESPONSE_CODE` (`RSC_ID`,`RSC_CD`,`RSC_VAL`,`RSC_STS_CD`,`RSC_DOC_ID`,`RSC_ICA_ID`,`RSC_PRO_ID`,`RSC_TRA_ID`) values (214,'error.salesorderid_check','SalesOrderID should be present and not empty',null,null,null,null,null);
Insert into `ETR_TB_MSG_RESPONSE_CODE` (`RSC_ID`,`RSC_CD`,`RSC_VAL`,`RSC_STS_CD`,`RSC_DOC_ID`,`RSC_ICA_ID`,`RSC_PRO_ID`,`RSC_TRA_ID`) values (215,'error.search_parameter_check','At least one optional search parameter must be present',null,null,null,null,null);
Insert into `ETR_TB_MSG_RESPONSE_CODE` (`RSC_ID`,`RSC_CD`,`RSC_VAL`,`RSC_STS_CD`,`RSC_DOC_ID`,`RSC_ICA_ID`,`RSC_PRO_ID`,`RSC_TRA_ID`) values (216,'error.sellersitemidentificationid_check','The SellersItemIdentification ID of the message cannot be empty',null,null,null,null,null);
Insert into `ETR_TB_MSG_RESPONSE_CODE` (`RSC_ID`,`RSC_CD`,`RSC_VAL`,`RSC_STS_CD`,`RSC_DOC_ID`,`RSC_ICA_ID`,`RSC_PRO_ID`,`RSC_TRA_ID`) values (217,'error.sellersitemidentificationid_invalid_char','The SellersItemIdentification ID of the message contains an invalid character',null,null,null,null,null);
Insert into `ETR_TB_MSG_RESPONSE_CODE` (`RSC_ID`,`RSC_CD`,`RSC_VAL`,`RSC_STS_CD`,`RSC_DOC_ID`,`RSC_ICA_ID`,`RSC_PRO_ID`,`RSC_TRA_ID`) values (218,'error.sellersitemidentificationid_length_check','The SellersItemIdentification ID of the message cannot be larger than 250 characters',null,null,null,null,null);
Insert into `ETR_TB_MSG_RESPONSE_CODE` (`RSC_ID`,`RSC_CD`,`RSC_VAL`,`RSC_STS_CD`,`RSC_DOC_ID`,`RSC_ICA_ID`,`RSC_PRO_ID`,`RSC_TRA_ID`) values (219,'error.senderparty_endpointid_check','The EndpointID withing the element SenderParty must be present and not empty',null,null,null,null,null);
Insert into `ETR_TB_MSG_RESPONSE_CODE` (`RSC_ID`,`RSC_CD`,`RSC_VAL`,`RSC_STS_CD`,`RSC_DOC_ID`,`RSC_ICA_ID`,`RSC_PRO_ID`,`RSC_TRA_ID`) values (220,'error.senderparty_partyidentification_check','The PartyIdentification inside SenderParty must be present and not empty',null,null,null,null,null);
Insert into `ETR_TB_MSG_RESPONSE_CODE` (`RSC_ID`,`RSC_CD`,`RSC_VAL`,`RSC_STS_CD`,`RSC_DOC_ID`,`RSC_ICA_ID`,`RSC_PRO_ID`,`RSC_TRA_ID`) values (221,'error.senderparty_partyname_check','The PartyName inside SenderParty must be present and not empty',null,null,null,null,null);
Insert into `ETR_TB_MSG_RESPONSE_CODE` (`RSC_ID`,`RSC_CD`,`RSC_VAL`,`RSC_STS_CD`,`RSC_DOC_ID`,`RSC_ICA_ID`,`RSC_PRO_ID`,`RSC_TRA_ID`) values (222,'error.shortlistedparty_check','At least one instance of EconomicOperatorShorlist/ShortlistedParty must be present',null,null,null,null,null);
Insert into `ETR_TB_MSG_RESPONSE_CODE` (`RSC_ID`,`RSC_CD`,`RSC_VAL`,`RSC_STS_CD`,`RSC_DOC_ID`,`RSC_ICA_ID`,`RSC_PRO_ID`,`RSC_TRA_ID`) values (223,'error.shortlistedparty_forwardedparty_endpointid_check','The EndpointID for each EconomicOperatorShortlist/ShortlistedParty/ForwardedParty must be present and not empty',null,null,null,null,null);
Insert into `ETR_TB_MSG_RESPONSE_CODE` (`RSC_ID`,`RSC_CD`,`RSC_VAL`,`RSC_STS_CD`,`RSC_DOC_ID`,`RSC_ICA_ID`,`RSC_PRO_ID`,`RSC_TRA_ID`) values (224,'error.shortlistedparty_preselectedparty_endpointid_check','The EndpointID for each EconomicOperatorShortlist/ShortlistedParty/PreselectedParty must be present and not empty',null,null,null,null,null);
Insert into `ETR_TB_MSG_RESPONSE_CODE` (`RSC_ID`,`RSC_CD`,`RSC_VAL`,`RSC_STS_CD`,`RSC_DOC_ID`,`RSC_ICA_ID`,`RSC_PRO_ID`,`RSC_TRA_ID`) values (225,'error.specifictendererrequirement_description_check','Description in TenderingTerms/TendererQualificationRequest/SpecificTendererRequirement must be present and not empty',null,null,null,null,null);
Insert into `ETR_TB_MSG_RESPONSE_CODE` (`RSC_ID`,`RSC_CD`,`RSC_VAL`,`RSC_STS_CD`,`RSC_DOC_ID`,`RSC_ICA_ID`,`RSC_PRO_ID`,`RSC_TRA_ID`) values (226,'error.standarditemidentification_check_schemeid','Attribute schemeID should be provided for a StandardItemIdentification/ID element',null,null,null,null,null);
Insert into `ETR_TB_MSG_RESPONSE_CODE` (`RSC_ID`,`RSC_CD`,`RSC_VAL`,`RSC_STS_CD`,`RSC_DOC_ID`,`RSC_ICA_ID`,`RSC_PRO_ID`,`RSC_TRA_ID`) values (227,'error.tax_category_check_id_percent','For each tax subcategory except in Reverse Charge VAT the category ID and the applicable tax percentage should be provided',null,null,null,null,null);
Insert into `ETR_TB_MSG_RESPONSE_CODE` (`RSC_ID`,`RSC_CD`,`RSC_VAL`,`RSC_STS_CD`,`RSC_DOC_ID`,`RSC_ICA_ID`,`RSC_PRO_ID`,`RSC_TRA_ID`) values (228,'error.tax_category_check_percentperunitamount','Element (Classified)TaxCategory should include one of following child elements: Percent or PerUnitAmount',null,null,null,null,null);
Insert into `ETR_TB_MSG_RESPONSE_CODE` (`RSC_ID`,`RSC_CD`,`RSC_VAL`,`RSC_STS_CD`,`RSC_DOC_ID`,`RSC_ICA_ID`,`RSC_PRO_ID`,`RSC_TRA_ID`) values (229,'error.taxexchangerate_check','DocumentCurrencyCode differs from TaxCurrencyCode, but there is no TaxExchangeRate defined',null,null,null,null,null);
Insert into `ETR_TB_MSG_RESPONSE_CODE` (`RSC_ID`,`RSC_CD`,`RSC_VAL`,`RSC_STS_CD`,`RSC_DOC_ID`,`RSC_ICA_ID`,`RSC_PRO_ID`,`RSC_TRA_ID`) values (230,'error.taxexclusiveamount_check','The Tax Exclusive Amount must be equal to the total line amount plus charges minus discounts exclusive of taxes',null,null,null,null,null);
Insert into `ETR_TB_MSG_RESPONSE_CODE` (`RSC_ID`,`RSC_CD`,`RSC_VAL`,`RSC_STS_CD`,`RSC_DOC_ID`,`RSC_ICA_ID`,`RSC_PRO_ID`,`RSC_TRA_ID`) values (231,'error.taxexclusiveamount_presence_check','The document should specify the total amount without taxes',null,null,null,null,null);
Insert into `ETR_TB_MSG_RESPONSE_CODE` (`RSC_ID`,`RSC_CD`,`RSC_VAL`,`RSC_STS_CD`,`RSC_DOC_ID`,`RSC_ICA_ID`,`RSC_PRO_ID`,`RSC_TRA_ID`) values (232,'error.taxinclusiveamount_check','The Tax Inclusive Amount must be equal to Tax Exclusive Amount plus sum of the total tax amounts',null,null,null,null,null);
Insert into `ETR_TB_MSG_RESPONSE_CODE` (`RSC_ID`,`RSC_CD`,`RSC_VAL`,`RSC_STS_CD`,`RSC_DOC_ID`,`RSC_ICA_ID`,`RSC_PRO_ID`,`RSC_TRA_ID`) values (233,'error.taxinclusiveamount_negative_check','The Tax inclusive amount should not be negative',null,null,null,null,null);
Insert into `ETR_TB_MSG_RESPONSE_CODE` (`RSC_ID`,`RSC_CD`,`RSC_VAL`,`RSC_STS_CD`,`RSC_DOC_ID`,`RSC_ICA_ID`,`RSC_PRO_ID`,`RSC_TRA_ID`) values (234,'error.taxinclusiveamount_presence_check','The document should specify the total amount with taxes included',null,null,null,null,null);
Insert into `ETR_TB_MSG_RESPONSE_CODE` (`RSC_ID`,`RSC_CD`,`RSC_VAL`,`RSC_STS_CD`,`RSC_DOC_ID`,`RSC_ICA_ID`,`RSC_PRO_ID`,`RSC_TRA_ID`) values (235,'error.taxschemeid_check','Within one TaxTotal the TaxScheme ID of all TaxSubtotals must be the same',null,null,null,null,null);
Insert into `ETR_TB_MSG_RESPONSE_CODE` (`RSC_ID`,`RSC_CD`,`RSC_VAL`,`RSC_STS_CD`,`RSC_DOC_ID`,`RSC_ICA_ID`,`RSC_PRO_ID`,`RSC_TRA_ID`) values (236,'error.taxtotal_check_number','Maximum 1 Tax Total should be present at document level',null,null,null,null,null);
Insert into `ETR_TB_MSG_RESPONSE_CODE` (`RSC_ID`,`RSC_CD`,`RSC_VAL`,`RSC_STS_CD`,`RSC_DOC_ID`,`RSC_ICA_ID`,`RSC_PRO_ID`,`RSC_TRA_ID`) values (237,'error.taxtotal_check_taxsubtotal','Element TaxTotal misses child element TaxSubtotal',null,null,null,null,null);
Insert into `ETR_TB_MSG_RESPONSE_CODE` (`RSC_ID`,`RSC_CD`,`RSC_VAL`,`RSC_STS_CD`,`RSC_DOC_ID`,`RSC_ICA_ID`,`RSC_PRO_ID`,`RSC_TRA_ID`) values (238,'error.taxtotal_taxamount_check','TaxAmount in TaxTotal must not be negative',null,null,null,null,null);
Insert into `ETR_TB_MSG_RESPONSE_CODE` (`RSC_ID`,`RSC_CD`,`RSC_VAL`,`RSC_STS_CD`,`RSC_DOC_ID`,`RSC_ICA_ID`,`RSC_PRO_ID`,`RSC_TRA_ID`) values (239,'error.taxtotals_check','The Tax Total must be equal to the sum of its Tax Subtotals',null,null,null,null,null);
Insert into `ETR_TB_MSG_RESPONSE_CODE` (`RSC_ID`,`RSC_CD`,`RSC_VAL`,`RSC_STS_CD`,`RSC_DOC_ID`,`RSC_ICA_ID`,`RSC_PRO_ID`,`RSC_TRA_ID`) values (240,'error.technicalevaluationcriteria_description_check','Description in TenderingTerms/TendererQualificationRequest/TechnicalEvaluationCriteria must be present and not empty',null,null,null,null,null);
Insert into `ETR_TB_MSG_RESPONSE_CODE` (`RSC_ID`,`RSC_CD`,`RSC_VAL`,`RSC_STS_CD`,`RSC_DOC_ID`,`RSC_ICA_ID`,`RSC_PRO_ID`,`RSC_TRA_ID`) values (241,'error.tenderdocumentreference_documenttypecode_bundle_check','One and only one TenderDocumentReference should refer to a document type code of value BUNDLE',null,null,null,null,null);
Insert into `ETR_TB_MSG_RESPONSE_CODE` (`RSC_ID`,`RSC_CD`,`RSC_VAL`,`RSC_STS_CD`,`RSC_DOC_ID`,`RSC_ICA_ID`,`RSC_PRO_ID`,`RSC_TRA_ID`) values (243,'error.tenderdocumentreference_documenttypecode_check','The TenderDocumentReference must contain a document type code',null,null,null,null,null);
Insert into `ETR_TB_MSG_RESPONSE_CODE` (`RSC_ID`,`RSC_CD`,`RSC_VAL`,`RSC_STS_CD`,`RSC_DOC_ID`,`RSC_ICA_ID`,`RSC_PRO_ID`,`RSC_TRA_ID`) values (244,'error.tenderdocumentreference_id_check','The TenderDocumentReference must contain an identifier',null,null,null,null,null);
Insert into `ETR_TB_MSG_RESPONSE_CODE` (`RSC_ID`,`RSC_CD`,`RSC_VAL`,`RSC_STS_CD`,`RSC_DOC_ID`,`RSC_ICA_ID`,`RSC_PRO_ID`,`RSC_TRA_ID`) values (245,'error.tenderingprocess_contractingsystemcode_check','ContractingSystemCode in TenderingProcess must be present and not empty',null,null,null,null,null);
Insert into `ETR_TB_MSG_RESPONSE_CODE` (`RSC_ID`,`RSC_CD`,`RSC_VAL`,`RSC_STS_CD`,`RSC_DOC_ID`,`RSC_ICA_ID`,`RSC_PRO_ID`,`RSC_TRA_ID`) values (246,'error.tenderingprocess_description_check','Description in TenderingProcess must be present and not empty',null,null,null,null,null);
Insert into `ETR_TB_MSG_RESPONSE_CODE` (`RSC_ID`,`RSC_CD`,`RSC_VAL`,`RSC_STS_CD`,`RSC_DOC_ID`,`RSC_ICA_ID`,`RSC_PRO_ID`,`RSC_TRA_ID`) values (247,'error.tenderingprocess_opentenderevent_occurrencedate_check','OpenTenderEvent/OccurrenceDate in TenderingProcess must be present and not empty',null,null,null,null,null);
Insert into `ETR_TB_MSG_RESPONSE_CODE` (`RSC_ID`,`RSC_CD`,`RSC_VAL`,`RSC_STS_CD`,`RSC_DOC_ID`,`RSC_ICA_ID`,`RSC_PRO_ID`,`RSC_TRA_ID`) values (248,'error.tenderingprocess_opentenderevent_occurrencetime_check','OpenTenderEvent/OccurrenceTime in TenderingProcess must be present and not empty',null,null,null,null,null);
Insert into `ETR_TB_MSG_RESPONSE_CODE` (`RSC_ID`,`RSC_CD`,`RSC_VAL`,`RSC_STS_CD`,`RSC_DOC_ID`,`RSC_ICA_ID`,`RSC_PRO_ID`,`RSC_TRA_ID`) values (249,'error.tenderingprocess_partpresentationcode_check','PartPresentationCode in TenderingProcess must be present and not empty',null,null,null,null,null);
Insert into `ETR_TB_MSG_RESPONSE_CODE` (`RSC_ID`,`RSC_CD`,`RSC_VAL`,`RSC_STS_CD`,`RSC_DOC_ID`,`RSC_ICA_ID`,`RSC_PRO_ID`,`RSC_TRA_ID`) values (250,'error.tenderingprocess_procedurecode_check','ProcedureCode in TenderingProcess must be present and not empty',null,null,null,null,null);
Insert into `ETR_TB_MSG_RESPONSE_CODE` (`RSC_ID`,`RSC_CD`,`RSC_VAL`,`RSC_STS_CD`,`RSC_DOC_ID`,`RSC_ICA_ID`,`RSC_PRO_ID`,`RSC_TRA_ID`) values (251,'error.tenderingprocess_procurementprojectlot_not_present','When CallForTenders/TenderingProcess/PartPresentationCode is equal to 9 then ProcurementProjectLot node should not exist',null,null,null,null,null);
Insert into `ETR_TB_MSG_RESPONSE_CODE` (`RSC_ID`,`RSC_CD`,`RSC_VAL`,`RSC_STS_CD`,`RSC_DOC_ID`,`RSC_ICA_ID`,`RSC_PRO_ID`,`RSC_TRA_ID`) values (252,'error.tenderingprocess_procurementprojectlot_present_check','When CallForTenders/TenderingProcess/PartPresentationCode is equal to 1,2 or 3 then at least one ProcurementProjectLot node should exist',null,null,null,null,null);
Insert into `ETR_TB_MSG_RESPONSE_CODE` (`RSC_ID`,`RSC_CD`,`RSC_VAL`,`RSC_STS_CD`,`RSC_DOC_ID`,`RSC_ICA_ID`,`RSC_PRO_ID`,`RSC_TRA_ID`) values (253,'error.tenderingterms_awardingmethodtypecode_check','AwardingMethodTypeCode in TenderingTerms must be present and not empty',null,null,null,null,null);
Insert into `ETR_TB_MSG_RESPONSE_CODE` (`RSC_ID`,`RSC_CD`,`RSC_VAL`,`RSC_STS_CD`,`RSC_DOC_ID`,`RSC_ICA_ID`,`RSC_PRO_ID`,`RSC_TRA_ID`) values (254,'error.tenderingterms_language_localecode_check','LocaleCode in TenderingTerms/Language must be present and not empty',null,null,null,null,null);
Insert into `ETR_TB_MSG_RESPONSE_CODE` (`RSC_ID`,`RSC_CD`,`RSC_VAL`,`RSC_STS_CD`,`RSC_DOC_ID`,`RSC_ICA_ID`,`RSC_PRO_ID`,`RSC_TRA_ID`) values (255,'error.tendersubmissiondeadlineperiod_enddate_check','When CallForTenders/ProfileExecutionID equals "QT", "T" or "Q2T (step 2)" then EndDate in TenderingProcess/TenderSubmissionDeadlinePeriod must be present and not empty',null,null,null,null,null);
Insert into `ETR_TB_MSG_RESPONSE_CODE` (`RSC_ID`,`RSC_CD`,`RSC_VAL`,`RSC_STS_CD`,`RSC_DOC_ID`,`RSC_ICA_ID`,`RSC_PRO_ID`,`RSC_TRA_ID`) values (256,'error.tendersubmissiondeadlineperiod_endtime_check','When CallForTenders/ProfileExecutionID equals "QT", "T" or "Q2T (step 2)" then EndTime in TenderingProcess/TenderSubmissionDeadlinePeriod must be present and not empty',null,null,null,null,null);
Insert into `ETR_TB_MSG_RESPONSE_CODE` (`RSC_ID`,`RSC_CD`,`RSC_VAL`,`RSC_STS_CD`,`RSC_DOC_ID`,`RSC_ICA_ID`,`RSC_PRO_ID`,`RSC_TRA_ID`) values (257,'error.tendersubmissiondeadlineperiod_participationrequestreceptionperiod_check','When CallForTenders/ProfileExecutionID equals "Q2T" then either TenderingProcess/TenderSubmissionDeadlinePeriod or TenderingProcess/ParticipationRequestReceptionPeriod should exist',null,null,null,null,null);
Insert into `ETR_TB_MSG_RESPONSE_CODE` (`RSC_ID`,`RSC_CD`,`RSC_VAL`,`RSC_STS_CD`,`RSC_DOC_ID`,`RSC_ICA_ID`,`RSC_PRO_ID`,`RSC_TRA_ID`) values (258,'error.total_amount_check','The total amount of the invoice cannot be negative',null,null,null,null,null);
Insert into `ETR_TB_MSG_RESPONSE_CODE` (`RSC_ID`,`RSC_CD`,`RSC_VAL`,`RSC_STS_CD`,`RSC_DOC_ID`,`RSC_ICA_ID`,`RSC_PRO_ID`,`RSC_TRA_ID`) values (259,'error.totaltaxamount_check','TotalTaxAmount should not be negative',null,null,null,null,null);
Insert into `ETR_TB_MSG_RESPONSE_CODE` (`RSC_ID`,`RSC_CD`,`RSC_VAL`,`RSC_STS_CD`,`RSC_DOC_ID`,`RSC_ICA_ID`,`RSC_PRO_ID`,`RSC_TRA_ID`) values (260,'error.ublversionid_check','The UBLVersionID of the message must be present and not empty',null,null,null,null,null);
Insert into `ETR_TB_MSG_RESPONSE_CODE` (`RSC_ID`,`RSC_CD`,`RSC_VAL`,`RSC_STS_CD`,`RSC_DOC_ID`,`RSC_ICA_ID`,`RSC_PRO_ID`,`RSC_TRA_ID`) values (261,'error.uuid_check','The UUID of the message must be present and not empty',null,null,null,null,null);
Insert into `ETR_TB_MSG_RESPONSE_CODE` (`RSC_ID`,`RSC_CD`,`RSC_VAL`,`RSC_STS_CD`,`RSC_DOC_ID`,`RSC_ICA_ID`,`RSC_PRO_ID`,`RSC_TRA_ID`) values (262,'error.uuid_id_length_check','The combination UUID::ID of the message cannot be larger than 250 characters',null,null,null,null,null);
Insert into `ETR_TB_MSG_RESPONSE_CODE` (`RSC_ID`,`RSC_CD`,`RSC_VAL`,`RSC_STS_CD`,`RSC_DOC_ID`,`RSC_ICA_ID`,`RSC_PRO_ID`,`RSC_TRA_ID`) values (263,'error.uuid_invalid_char','The UUID of the message contains an invalid character',null,null,null,null,null);
Insert into `ETR_TB_MSG_RESPONSE_CODE` (`RSC_ID`,`RSC_CD`,`RSC_VAL`,`RSC_STS_CD`,`RSC_DOC_ID`,`RSC_ICA_ID`,`RSC_PRO_ID`,`RSC_TRA_ID`) values (264,'error.validity_period_check','No more than one ValidityPeriod class should be present',null,null,null,null,null);
Insert into `ETR_TB_MSG_RESPONSE_CODE` (`RSC_ID`,`RSC_CD`,`RSC_VAL`,`RSC_STS_CD`,`RSC_DOC_ID`,`RSC_ICA_ID`,`RSC_PRO_ID`,`RSC_TRA_ID`) values (265,'error.vattotalamount_check','If the VAT total amount exists in the document then the sum of taxable amount in sub categories should equal the sum of document tax exclusive amount',null,null,null,null,null);
Insert into `ETR_TB_MSG_RESPONSE_CODE` (`RSC_ID`,`RSC_CD`,`RSC_VAL`,`RSC_STS_CD`,`RSC_DOC_ID`,`RSC_ICA_ID`,`RSC_PRO_ID`,`RSC_TRA_ID`) values (266,'error.versionid_check','The VersionID of the message must be present and cannot be empty',null,null,null,null,null);
Insert into `ETR_TB_MSG_RESPONSE_CODE` (`RSC_ID`,`RSC_CD`,`RSC_VAL`,`RSC_STS_CD`,`RSC_DOC_ID`,`RSC_ICA_ID`,`RSC_PRO_ID`,`RSC_TRA_ID`) values (267,'error.versionid_invalid_char','The VersionID of the message contains an invalid character',null,null,null,null,null);
Insert into `ETR_TB_MSG_RESPONSE_CODE` (`RSC_ID`,`RSC_CD`,`RSC_VAL`,`RSC_STS_CD`,`RSC_DOC_ID`,`RSC_ICA_ID`,`RSC_PRO_ID`,`RSC_TRA_ID`) values (268,'error.versionid_length_check','The VersionID of the message cannot be larger than 5 characters',null,null,null,null,null);
Insert into `ETR_TB_MSG_RESPONSE_CODE` (`RSC_ID`,`RSC_CD`,`RSC_VAL`,`RSC_STS_CD`,`RSC_DOC_ID`,`RSC_ICA_ID`,`RSC_PRO_ID`,`RSC_TRA_ID`) values (269,'error.allowancecharge_check_baseamount','BaseAmount should be present when MultiplierFactorNumeric is used in an AllowanceCharge',null,null,null,null,null);
Insert into `ETR_TB_MSG_RESPONSE_CODE` (`RSC_ID`,`RSC_CD`,`RSC_VAL`,`RSC_STS_CD`,`RSC_DOC_ID`,`RSC_ICA_ID`,`RSC_PRO_ID`,`RSC_TRA_ID`) values (270,'error.allowancecharge_check_multiplierfactornumeric','The MultiplierFactorNumeric in an AllowanceCharge should not be negative',null,null,null,null,null);
Insert into `ETR_TB_MSG_RESPONSE_CODE` (`RSC_ID`,`RSC_CD`,`RSC_VAL`,`RSC_STS_CD`,`RSC_DOC_ID`,`RSC_ICA_ID`,`RSC_PRO_ID`,`RSC_TRA_ID`) values (271,'error.allowancecharge_check_sequencenumeric','The SequenceNumeric in an AllowanceCharge should not be negative',null,null,null,null,null);
Insert into `ETR_TB_MSG_RESPONSE_CODE` (`RSC_ID`,`RSC_CD`,`RSC_VAL`,`RSC_STS_CD`,`RSC_DOC_ID`,`RSC_ICA_ID`,`RSC_PRO_ID`,`RSC_TRA_ID`) values (272,'error.allowancecharge_check_vat','If the VAT total amount in a document exists then an Allowances Charges amount on document level should have Tax category for VAT',null,null,null,null,null);
Insert into `ETR_TB_MSG_RESPONSE_CODE` (`RSC_ID`,`RSC_CD`,`RSC_VAL`,`RSC_STS_CD`,`RSC_DOC_ID`,`RSC_ICA_ID`,`RSC_PRO_ID`,`RSC_TRA_ID`) values (273,'error.allowancetotalamount_check','The Allowance Total Amount must be equal to the total of all allowances at document level',null,null,null,null,null);
Insert into `ETR_TB_MSG_RESPONSE_CODE` (`RSC_ID`,`RSC_CD`,`RSC_VAL`,`RSC_STS_CD`,`RSC_DOC_ID`,`RSC_ICA_ID`,`RSC_PRO_ID`,`RSC_TRA_ID`) values (274,'error.approvaldate_occurrencedate_check','When CallForTenders/ProfileExecutionID = "Q" the CallForTenders/TenderingProcess/OpenTenderEvent/OccurrenceDate must be equal to the CallForTenders/ApprovalDate',null,null,null,null,null);
Insert into `ETR_TB_MSG_RESPONSE_CODE` (`RSC_ID`,`RSC_CD`,`RSC_VAL`,`RSC_STS_CD`,`RSC_DOC_ID`,`RSC_ICA_ID`,`RSC_PRO_ID`,`RSC_TRA_ID`) values (275,'error.attachment_check','Element Attachment should not be present in this document',null,null,null,null,null);
Insert into `ETR_TB_MSG_RESPONSE_CODE` (`RSC_ID`,`RSC_CD`,`RSC_VAL`,`RSC_STS_CD`,`RSC_DOC_ID`,`RSC_ICA_ID`,`RSC_PRO_ID`,`RSC_TRA_ID`) values (276,'error.attachment_content_check','Element Attachment is mandatory, but should not have any content in this document',null,null,null,null,null);
Insert into `ETR_TB_MSG_RESPONSE_CODE` (`RSC_ID`,`RSC_CD`,`RSC_VAL`,`RSC_STS_CD`,`RSC_DOC_ID`,`RSC_ICA_ID`,`RSC_PRO_ID`,`RSC_TRA_ID`) values (277,'error.cdr_id_length_check','The combination ID::CallForTendersDocumentReference/ID of the message cannot be larger than 250 characters',null,null,null,null,null);
Insert into `ETR_TB_MSG_RESPONSE_CODE` (`RSC_ID`,`RSC_CD`,`RSC_VAL`,`RSC_STS_CD`,`RSC_DOC_ID`,`RSC_ICA_ID`,`RSC_PRO_ID`,`RSC_TRA_ID`) values (278,'error.cdr_invalid_char','The CallForTendersDocumentReference/ID of the message contains an invalid character',null,null,null,null,null);
Insert into `ETR_TB_MSG_RESPONSE_CODE` (`RSC_ID`,`RSC_CD`,`RSC_VAL`,`RSC_STS_CD`,`RSC_DOC_ID`,`RSC_ICA_ID`,`RSC_PRO_ID`,`RSC_TRA_ID`) values (279,'error.paginationrange_check_from','Element PaginationRange misses child element From',null,null,null,null,null);
Insert into `ETR_TB_MSG_RESPONSE_CODE` (`RSC_ID`,`RSC_CD`,`RSC_VAL`,`RSC_STS_CD`,`RSC_DOC_ID`,`RSC_ICA_ID`,`RSC_PRO_ID`,`RSC_TRA_ID`) values (280,'error.paginationrange_check_to','Element PaginationRange misses child element To',null,null,null,null,null);
Insert into `ETR_TB_MSG_RESPONSE_CODE` (`RSC_ID`,`RSC_CD`,`RSC_VAL`,`RSC_STS_CD`,`RSC_DOC_ID`,`RSC_ICA_ID`,`RSC_PRO_ID`,`RSC_TRA_ID`) values (281,'error.paginationrange_invalid_range','PaginationRange From is larger than To',null,null,null,null,null);
Insert into `ETR_TB_MSG_RESPONSE_CODE` (`RSC_ID`,`RSC_CD`,`RSC_VAL`,`RSC_STS_CD`,`RSC_DOC_ID`,`RSC_ICA_ID`,`RSC_PRO_ID`,`RSC_TRA_ID`) values (282,'error.paginationrange_large_range','The difference between PaginationRange.To and PaginationRange.From cannot be larger than 1000',null,null,null,null,null);
Insert into `ETR_TB_MSG_RESPONSE_CODE` (`RSC_ID`,`RSC_CD`,`RSC_VAL`,`RSC_STS_CD`,`RSC_DOC_ID`,`RSC_ICA_ID`,`RSC_PRO_ID`,`RSC_TRA_ID`) values (283,'error.userid_check','The UserID cannot be empty',null,null,null,null,null);
Insert into `ETR_TB_MSG_RESPONSE_CODE` (`RSC_ID`,`RSC_CD`,`RSC_VAL`,`RSC_STS_CD`,`RSC_DOC_ID`,`RSC_ICA_ID`,`RSC_PRO_ID`,`RSC_TRA_ID`) values (284,'error.invalid_codetable_value_sortfieldtypecode','Value supplied is unacceptable for an element controlled by codelist SortFieldTypeCode',null,null,null,null,null);
Insert into `ETR_TB_MSG_RESPONSE_CODE` (`RSC_ID`,`RSC_CD`,`RSC_VAL`,`RSC_STS_CD`,`RSC_DOC_ID`,`RSC_ICA_ID`,`RSC_PRO_ID`,`RSC_TRA_ID`) values (285,'error.chargetotalamount_check','The Charge Total Amount must be equal to the total of all charges at document level',null,null,null,null,null);
Insert into `ETR_TB_MSG_RESPONSE_CODE` (`RSC_ID`,`RSC_CD`,`RSC_VAL`,`RSC_STS_CD`,`RSC_DOC_ID`,`RSC_ICA_ID`,`RSC_PRO_ID`,`RSC_TRA_ID`) values (286,'error.commodityclassification_check','Both ItemClassificationCode and ItemClassificationCode/@listID must be present and not empty in CommodityClassification',null,null,null,null,null);
Insert into `ETR_TB_MSG_RESPONSE_CODE` (`RSC_ID`,`RSC_CD`,`RSC_VAL`,`RSC_STS_CD`,`RSC_DOC_ID`,`RSC_ICA_ID`,`RSC_PRO_ID`,`RSC_TRA_ID`) values (287,'error.contract_check','Exactly one Contract class should be present',null,null,null,null,null);
Insert into `ETR_TB_MSG_RESPONSE_CODE` (`RSC_ID`,`RSC_CD`,`RSC_VAL`,`RSC_STS_CD`,`RSC_DOC_ID`,`RSC_ICA_ID`,`RSC_PRO_ID`,`RSC_TRA_ID`) values (288,'error.documenttypecode_invalid','The DocumentTypeCode of the message contains an invalid value',null,null,null,null,null);
Insert into `ETR_TB_MSG_RESPONSE_CODE` (`RSC_ID`,`RSC_CD`,`RSC_VAL`,`RSC_STS_CD`,`RSC_DOC_ID`,`RSC_ICA_ID`,`RSC_PRO_ID`,`RSC_TRA_ID`) values (70822837,'error.additional_documenttypecode_reference_id_check','When CallForTenders/AdditionalDocumentReference/DocumentTypeCode exists and it''s not empty the corresponding CallForTenders/AdditionalDocumentReference/ID cannot be empty',null,null,null,null,null);
Insert into `ETR_TB_MSG_RESPONSE_CODE` (`RSC_ID`,`RSC_CD`,`RSC_VAL`,`RSC_STS_CD`,`RSC_DOC_ID`,`RSC_ICA_ID`,`RSC_PRO_ID`,`RSC_TRA_ID`) values (70822868,'error.contractingparty_typecode_check','The ContractingParty ContractingPartyTypeCode of the message must be present and not empty',null,null,null,null,null);
Insert into `ETR_TB_MSG_RESPONSE_CODE` (`RSC_ID`,`RSC_CD`,`RSC_VAL`,`RSC_STS_CD`,`RSC_DOC_ID`,`RSC_ICA_ID`,`RSC_PRO_ID`,`RSC_TRA_ID`) values (70822902,'error.consignment_id_check','A despatch advice shall identify the nature of delivery at line level',null,null,null,null,null);
Insert into `ETR_TB_MSG_RESPONSE_CODE` (`RSC_ID`,`RSC_CD`,`RSC_VAL`,`RSC_STS_CD`,`RSC_DOC_ID`,`RSC_ICA_ID`,`RSC_PRO_ID`,`RSC_TRA_ID`) values (70822903,'error.usability_period_check_startdate','If Consignment ID is 4=Services, DespatchLine shall have a DespatchAdvice/DespatchLine/Item/AdditionalItemProperty/UsabilityPeriod/StartDate shall exist and have a value',null,null,null,null,null);
Insert into `ETR_TB_MSG_RESPONSE_CODE` (`RSC_ID`,`RSC_CD`,`RSC_VAL`,`RSC_STS_CD`,`RSC_DOC_ID`,`RSC_ICA_ID`,`RSC_PRO_ID`,`RSC_TRA_ID`) values (70822904,'error.usability_period_check_enddate','If Consignment ID is 4=Services, DespatchLine shall have a DespatchAdvice/DespatchLine/Item/AdditionalItemProperty/UsabilityPeriod/EndDate shall exist and have a value',null,null,null,null,null);
Insert into `ETR_TB_MSG_RESPONSE_CODE` (`RSC_ID`,`RSC_CD`,`RSC_VAL`,`RSC_STS_CD`,`RSC_DOC_ID`,`RSC_ICA_ID`,`RSC_PRO_ID`,`RSC_TRA_ID`) values (70822905,'error.item_property_check_name','If Consignment ID is 4=Services, DespatchLine shall have a DespatchAdvice/DespatchLine/Item/AdditionalItemProperty/Name = "Type"',null,null,null,null,null);
Insert into `ETR_TB_MSG_RESPONSE_CODE` (`RSC_ID`,`RSC_CD`,`RSC_VAL`,`RSC_STS_CD`,`RSC_DOC_ID`,`RSC_ICA_ID`,`RSC_PRO_ID`,`RSC_TRA_ID`) values (70822906,'error.item_property_check_value','If Consignment ID is 4=Services, DespatchLine shall have a DespatchAdvice/DespatchLine/Item/AdditionalItemProperty/Value = "QTY" or "AMT"',null,null,null,null,null);
Insert into `ETR_TB_MSG_RESPONSE_CODE` (`RSC_ID`,`RSC_CD`,`RSC_VAL`,`RSC_STS_CD`,`RSC_DOC_ID`,`RSC_ICA_ID`,`RSC_PRO_ID`,`RSC_TRA_ID`) values (70822907,'error.document_reference_check_attachment_type','If Consignment ID is 4=Services, DespatchLine shall have at least one DocumentReference with DocumentTypeCode = 916',null,null,null,null,null);
Insert into `ETR_TB_MSG_RESPONSE_CODE` (`RSC_ID`,`RSC_CD`,`RSC_VAL`,`RSC_STS_CD`,`RSC_DOC_ID`,`RSC_ICA_ID`,`RSC_PRO_ID`,`RSC_TRA_ID`) values (70822910,'error.invalid_codetable_value_activitytypecode','Value supplied is unacceptable for an element controlled by codelist ActivityTypeCode',null,null,null,null,null);
Insert into `ETR_TB_MSG_RESPONSE_CODE` (`RSC_ID`,`RSC_CD`,`RSC_VAL`,`RSC_STS_CD`,`RSC_DOC_ID`,`RSC_ICA_ID`,`RSC_PRO_ID`,`RSC_TRA_ID`) values (70822917,'error.invalid_codetable_value_contractingbodytype','Value supplied is unacceptable for an element controlled by codelist ContractingBodyType',null,null,null,null,null);
Insert into `ETR_TB_MSG_RESPONSE_CODE` (`RSC_ID`,`RSC_CD`,`RSC_VAL`,`RSC_STS_CD`,`RSC_DOC_ID`,`RSC_ICA_ID`,`RSC_PRO_ID`,`RSC_TRA_ID`) values (70822923,'error.invalid_codetable_value_despatchadviceprojecttypecode','Value supplied is unacceptable for an element controlled by codelist DespatchAdviceProjectTypeCode',null,null,null,null,null);
Insert into `ETR_TB_MSG_RESPONSE_CODE` (`RSC_ID`,`RSC_CD`,`RSC_VAL`,`RSC_STS_CD`,`RSC_DOC_ID`,`RSC_ICA_ID`,`RSC_PRO_ID`,`RSC_TRA_ID`) values (70822989,'error.taxscheme_id_check','Element TaxScheme misses child element ID',null,null,null,null,null);
Insert into `ETR_TB_MSG_RESPONSE_CODE` (`RSC_ID`,`RSC_CD`,`RSC_VAL`,`RSC_STS_CD`,`RSC_DOC_ID`,`RSC_ICA_ID`,`RSC_PRO_ID`,`RSC_TRA_ID`) values (70823065,'error.tenderingprocess_procedurecode_profileexecutionid_q2t_check','When CallForTenders/TenderingProcess/ProcedureCode is equal to 2, 3, 4, 6, C, G, B, CallForTenders/ProfileExecutionID must be equal to ''Q2T''',null,null,null,null,null);
Insert into `ETR_TB_MSG_RESPONSE_CODE` (`RSC_ID`,`RSC_CD`,`RSC_VAL`,`RSC_STS_CD`,`RSC_DOC_ID`,`RSC_ICA_ID`,`RSC_PRO_ID`,`RSC_TRA_ID`) values (70823066,'error.tenderingprocess_procedurecode_profileexecutionid_qt_check','When CallForTenders/TenderingProcess/ProcedureCode is equal to 1 or 7, CallForTenders/ProfileExecutionID must be equal to ''QT''',null,null,null,null,null);
Insert into `ETR_TB_MSG_RESPONSE_CODE` (`RSC_ID`,`RSC_CD`,`RSC_VAL`,`RSC_STS_CD`,`RSC_DOC_ID`,`RSC_ICA_ID`,`RSC_PRO_ID`,`RSC_TRA_ID`) values (70823069,'error.tenderingprocess_procurementprojectlot_id_check','When CallForTenders/TenderingProcess/PartPresentationCode is equal to 1,2 or 3, ProcurementProjectLot/ID must exist and must not be empty',null,null,null,null,null);
Insert into `ETR_TB_MSG_RESPONSE_CODE` (`RSC_ID`,`RSC_CD`,`RSC_VAL`,`RSC_STS_CD`,`RSC_DOC_ID`,`RSC_ICA_ID`,`RSC_PRO_ID`,`RSC_TRA_ID`) values (70823071,'error.tenderingprocess_procurementprojectlot_name_check','When CallForTenders/TenderingProcess/PartPresentationCode is equal to 1,2 or 3, ProcurementProjectLot/ProcurementProject/Name must exist and must not be empty',null,null,null,null,null);
Insert into `ETR_TB_MSG_RESPONSE_CODE` (`RSC_ID`,`RSC_CD`,`RSC_VAL`,`RSC_STS_CD`,`RSC_DOC_ID`,`RSC_ICA_ID`,`RSC_PRO_ID`,`RSC_TRA_ID`) values (70823072,'error.tenderingterms_awardingmethodtypecode_lot_additional_check','When CFT has lots(CallForTenders/TenderingProcess/PartPresentationCode=1,2 or 3), CallForTenders/cac:TenderingTerms/cbc:AwardingMethodTypeCode may NOT exist',null,null,null,null,null);
Insert into `ETR_TB_MSG_RESPONSE_CODE` (`RSC_ID`,`RSC_CD`,`RSC_VAL`,`RSC_STS_CD`,`RSC_DOC_ID`,`RSC_ICA_ID`,`RSC_PRO_ID`,`RSC_TRA_ID`) values (70823073,'error.tenderingterms_awardingmethodtypecode_lot_check','When CFT has lots(CallForTenders/TenderingProcess/PartPresentationCode=1,2 or 3), for each ProcurementProjectLot, TenderingTerms/AwardingMethodTypeCode must be present and not empty',null,null,null,null,null);
Insert into `ETR_TB_MSG_RESPONSE_CODE` (`RSC_ID`,`RSC_CD`,`RSC_VAL`,`RSC_STS_CD`,`RSC_DOC_ID`,`RSC_ICA_ID`,`RSC_PRO_ID`,`RSC_TRA_ID`) values (70823074,'error.tenderingterms_awardingmethodtypecode_nolot_check','When CFT has no lots, AwardingMethodTypeCode in TenderingTerms must be present and not empty',null,null,null,null,null);
Insert into `ETR_TB_MSG_RESPONSE_CODE` (`RSC_ID`,`RSC_CD`,`RSC_VAL`,`RSC_STS_CD`,`RSC_DOC_ID`,`RSC_ICA_ID`,`RSC_PRO_ID`,`RSC_TRA_ID`) values (70823077,'error.tenderingterms_tenderrecipientparty_endpointid_check','TenderingTerms/TenderRecipientParty/EndpointID must be present and not empty',null,null,null,null,null);
Insert into `ETR_TB_MSG_RESPONSE_CODE` (`RSC_ID`,`RSC_CD`,`RSC_VAL`,`RSC_STS_CD`,`RSC_DOC_ID`,`RSC_ICA_ID`,`RSC_PRO_ID`,`RSC_TRA_ID`) values (70823078,'error.tenderingterms_tenderrecipientparty_endpointid_length_check','TenderingTerms/TenderRecipientParty/EndpointID cannot be longer than 250 characters',null,null,null,null,null);
Insert into `ETR_TB_MSG_RESPONSE_CODE` (`RSC_ID`,`RSC_CD`,`RSC_VAL`,`RSC_STS_CD`,`RSC_DOC_ID`,`RSC_ICA_ID`,`RSC_PRO_ID`,`RSC_TRA_ID`) values (70823079,'error.tenderingterms_tenderrecipientparty_endpointid_content_check','TenderingTerms/TenderRecipientParty/EndpointID contains an invalid character',null,null,null,null,null);
Insert into `ETR_TB_MSG_RESPONSE_CODE` (`RSC_ID`,`RSC_CD`,`RSC_VAL`,`RSC_STS_CD`,`RSC_DOC_ID`,`RSC_ICA_ID`,`RSC_PRO_ID`,`RSC_TRA_ID`) values (70823080,'error.tenderingterms_documentproviderparty_endpointid_check','TenderingTerms/DocumentProviderParty/EndpointID must be present and not empty',null,null,null,null,null);
Insert into `ETR_TB_MSG_RESPONSE_CODE` (`RSC_ID`,`RSC_CD`,`RSC_VAL`,`RSC_STS_CD`,`RSC_DOC_ID`,`RSC_ICA_ID`,`RSC_PRO_ID`,`RSC_TRA_ID`) values (70823081,'error.tenderingterms_documentproviderparty_endpointid_length_check','TenderingTerms/DocumentProviderParty/EndpointID cannot be longer than 250 characters',null,null,null,null,null);
Insert into `ETR_TB_MSG_RESPONSE_CODE` (`RSC_ID`,`RSC_CD`,`RSC_VAL`,`RSC_STS_CD`,`RSC_DOC_ID`,`RSC_ICA_ID`,`RSC_PRO_ID`,`RSC_TRA_ID`) values (70823082,'error.tenderingterms_documentproviderparty_endpointid_content_check','TenderingTerms/DocumentProviderParty/EndpointID contains an invalid character',null,null,null,null,null);
Insert into `ETR_TB_MSG_RESPONSE_CODE` (`RSC_ID`,`RSC_CD`,`RSC_VAL`,`RSC_STS_CD`,`RSC_DOC_ID`,`RSC_ICA_ID`,`RSC_PRO_ID`,`RSC_TRA_ID`) values (70823097,'error.invalid_codetable_value_tenderer_requirement_type_code','Value supplied is unacceptable for an element controlled by codelist SpecificTendererRequirementCode',null,null,null,null,null);
Insert into `ETR_TB_MSG_RESPONSE_CODE` (`RSC_ID`,`RSC_CD`,`RSC_VAL`,`RSC_STS_CD`,`RSC_DOC_ID`,`RSC_ICA_ID`,`RSC_PRO_ID`,`RSC_TRA_ID`) values (70823098,'error.specifictendererrequirement_tenderer_requirement_type_code_check','The TendererRequirementTypeCode in TenderingTerms/TendererQualificationRequest/SpecificTendererRequirement must be present and not empty',null,null,null,null,null);




insert into `ETR_TB_PROFILE`(`PRO_ID`,`CRE_DT`,`CRE_ID`,`MOD_DT`,`MOD_ID`,`PRO_NAME`,`PRO_NAMESPACE`,`PRO_CIA_ID`) values (1,null,null,null,null,'Invoice Only','BII-Profile-04-InvoiceOnly',null);
insert into `ETR_TB_PROFILE`(`PRO_ID`,`CRE_DT`,`CRE_ID`,`MOD_DT`,`MOD_ID`,`PRO_NAME`,`PRO_NAMESPACE`,`PRO_CIA_ID`) values (2,null,null,null,null,'Billing','BII-Profile-05-Billing',null);
insert into `ETR_TB_PROFILE`(`PRO_ID`,`CRE_DT`,`CRE_ID`,`MOD_DT`,`MOD_ID`,`PRO_NAME`,`PRO_NAMESPACE`,`PRO_CIA_ID`) values (3,null,null,null,null,'Bundle','Profile-Bundle',2);
insert into `ETR_TB_PROFILE`(`PRO_ID`,`CRE_DT`,`CRE_ID`,`MOD_DT`,`MOD_ID`,`PRO_NAME`,`PRO_NAMESPACE`,`PRO_CIA_ID`) values (4,'2014-01-28 08:16:31','derveol','2014-01-28 08:16:31','derveol','PreAward','Profile Pre Awarding',2);
insert into `ETR_TB_PROFILE`(`PRO_ID`,`CRE_DT`,`CRE_ID`,`MOD_DT`,`MOD_ID`,`PRO_NAME`,`PRO_NAMESPACE`,`PRO_CIA_ID`) values (5,'2014-01-28 08:16:31','derveol','2014-01-28 08:16:31','derveol','PreAwardInternal','Profile Pre Awarding for Contracting Authoriteis',2);
insert into `ETR_TB_PROFILE`(`PRO_ID`,`CRE_DT`,`CRE_ID`,`MOD_DT`,`MOD_ID`,`PRO_NAME`,`PRO_NAMESPACE`,`PRO_CIA_ID`) values (6,null,'almahfa',null,'almahfa','old Ordering - don''t use!','BII-Profile-Ordering',null);
insert into `ETR_TB_PROFILE`(`PRO_ID`,`CRE_DT`,`CRE_ID`,`MOD_DT`,`MOD_ID`,`PRO_NAME`,`PRO_NAMESPACE`,`PRO_CIA_ID`) values (7,'2014-01-28 08:16:31','derveol',null,null,'PDA','PDA services',2);
insert into `ETR_TB_PROFILE`(`PRO_ID`,`CRE_DT`,`CRE_ID`,`MOD_DT`,`MOD_ID`,`PRO_NAME`,`PRO_NAMESPACE`,`PRO_CIA_ID`) values (8,'2014-01-28 08:16:31','derveol','2014-01-28 08:16:31','derveol','eInvoicing','eProcurement-Invoicing',2);
insert into `ETR_TB_PROFILE`(`PRO_ID`,`CRE_DT`,`CRE_ID`,`MOD_DT`,`MOD_ID`,`PRO_NAME`,`PRO_NAMESPACE`,`PRO_CIA_ID`) values (9,'2014-01-28 08:16:31','derveol','2014-01-28 08:16:31','derveol','eOrdering','eProcurement-Ordering',2);
insert into `ETR_TB_PROFILE`(`PRO_ID`,`CRE_DT`,`CRE_ID`,`MOD_DT`,`MOD_ID`,`PRO_NAME`,`PRO_NAMESPACE`,`PRO_CIA_ID`) values (10,'2014-01-28 08:16:31','derveol','2014-01-28 08:16:31','derveol','eCatalogue','eProcurement-Catalogue',2);
insert into `ETR_TB_PROFILE`(`PRO_ID`,`CRE_DT`,`CRE_ID`,`MOD_DT`,`MOD_ID`,`PRO_NAME`,`PRO_NAMESPACE`,`PRO_CIA_ID`) values (11,'2014-01-28 08:16:31','derveol','2014-01-28 08:16:31','derveol','eRequest','eProcurement-Sourcing',2);
insert into `ETR_TB_PROFILE`(`PRO_ID`,`CRE_DT`,`CRE_ID`,`MOD_DT`,`MOD_ID`,`PRO_NAME`,`PRO_NAMESPACE`,`PRO_CIA_ID`) values (12,'2014-01-28 08:16:31','derveol','2014-01-28 08:16:31','derveol','Toolbox','Toolbox',2);
insert into `ETR_TB_PROFILE`(`PRO_ID`,`CRE_DT`,`CRE_ID`,`MOD_DT`,`MOD_ID`,`PRO_NAME`,`PRO_NAMESPACE`,`PRO_CIA_ID`) values (13,'2014-01-28 08:16:31','derveol','2014-01-28 08:16:31','derveol','eFulfilment','eProcurement-Fulfilment',2);
insert into `ETR_TB_PROFILE`(`PRO_ID`,`CRE_DT`,`CRE_ID`,`MOD_DT`,`MOD_ID`,`PRO_NAME`,`PRO_NAMESPACE`,`PRO_CIA_ID`) values (15,'2014-01-28 08:16:31','chiricr','2014-01-28 08:16:31','chiricr','Admin','Admin',2);


insert into `ETR_TB_PROFILE_BUSINESS_DOMAIN` (`PBD_PRO_ID`,`PBD_BD_ID`) values (1,1);
insert into `ETR_TB_PROFILE_BUSINESS_DOMAIN` (`PBD_PRO_ID`,`PBD_BD_ID`) values (2,1);
insert into `ETR_TB_PROFILE_BUSINESS_DOMAIN` (`PBD_PRO_ID`,`PBD_BD_ID`) values (3,1);
insert into `ETR_TB_PROFILE_BUSINESS_DOMAIN` (`PBD_PRO_ID`,`PBD_BD_ID`) values (3,3);
insert into `ETR_TB_PROFILE_BUSINESS_DOMAIN` (`PBD_PRO_ID`,`PBD_BD_ID`) values (3,4);
insert into `ETR_TB_PROFILE_BUSINESS_DOMAIN` (`PBD_PRO_ID`,`PBD_BD_ID`) values (4,1);
insert into `ETR_TB_PROFILE_BUSINESS_DOMAIN` (`PBD_PRO_ID`,`PBD_BD_ID`) values (5,1);
insert into `ETR_TB_PROFILE_BUSINESS_DOMAIN` (`PBD_PRO_ID`,`PBD_BD_ID`) values (6,1);
insert into `ETR_TB_PROFILE_BUSINESS_DOMAIN` (`PBD_PRO_ID`,`PBD_BD_ID`) values (7,1);
insert into `ETR_TB_PROFILE_BUSINESS_DOMAIN` (`PBD_PRO_ID`,`PBD_BD_ID`) values (8,1);
insert into `ETR_TB_PROFILE_BUSINESS_DOMAIN` (`PBD_PRO_ID`,`PBD_BD_ID`) values (9,1);
insert into `ETR_TB_PROFILE_BUSINESS_DOMAIN` (`PBD_PRO_ID`,`PBD_BD_ID`) values (10,1);
insert into `ETR_TB_PROFILE_BUSINESS_DOMAIN` (`PBD_PRO_ID`,`PBD_BD_ID`) values (11,1);
insert into `ETR_TB_PROFILE_BUSINESS_DOMAIN` (`PBD_PRO_ID`,`PBD_BD_ID`) values (12,1);
insert into `ETR_TB_PROFILE_BUSINESS_DOMAIN` (`PBD_PRO_ID`,`PBD_BD_ID`) values (13,1);
insert into `ETR_TB_PROFILE_BUSINESS_DOMAIN` (`PBD_PRO_ID`,`PBD_BD_ID`) values (15,1);
insert into `ETR_TB_PROFILE_BUSINESS_DOMAIN` (`PBD_PRO_ID`,`PBD_BD_ID`) values (15,3);
insert into `ETR_TB_PROFILE_BUSINESS_DOMAIN` (`PBD_PRO_ID`,`PBD_BD_ID`) values (15,4);


insert into `ETR_TB_ROLE` (`ROL_ID`,`ROL_CODE`,`ROL_NAME`,`CRE_DT`,`CRE_ID`,`MOD_DT`,`MOD_ID`,`ROL_IS_BIDIRECTIONAL`,`ROL_IS_TECHNICAL`) values (1,'SUP','Supplier','2013-10-24 10:43:01','orazisa','2013-10-24 10:43:01','orazisa',0,0);
insert into `ETR_TB_ROLE` (`ROL_ID`,`ROL_CODE`,`ROL_NAME`,`CRE_DT`,`CRE_ID`,`MOD_DT`,`MOD_ID`,`ROL_IS_BIDIRECTIONAL`,`ROL_IS_TECHNICAL`) values (2,'CUST','Customer','2013-10-24 10:43:01','orazisa','2013-10-24 10:43:01','orazisa',0,0);
insert into `ETR_TB_ROLE` (`ROL_ID`,`ROL_CODE`,`ROL_NAME`,`CRE_DT`,`CRE_ID`,`MOD_DT`,`MOD_ID`,`ROL_IS_BIDIRECTIONAL`,`ROL_IS_TECHNICAL`) values (3,'SYS','System','2013-10-24 10:43:01','orazisa','2013-10-24 10:43:01','orazisa',0,0);
insert into `ETR_TB_ROLE` (`ROL_ID`,`ROL_CODE`,`ROL_NAME`,`CRE_DT`,`CRE_ID`,`MOD_DT`,`MOD_ID`,`ROL_IS_BIDIRECTIONAL`,`ROL_IS_TECHNICAL`) values (4,'ANY','Any','2013-10-24 10:43:01','orazisa','2013-10-24 10:43:01','orazisa',1,0);
insert into `ETR_TB_ROLE` (`ROL_ID`,`ROL_CODE`,`ROL_NAME`,`CRE_DT`,`CRE_ID`,`MOD_DT`,`MOD_ID`,`ROL_IS_BIDIRECTIONAL`,`ROL_IS_TECHNICAL`) values (5,'ISS','Issuer','2013-10-24 10:43:01','orazisa','2013-10-24 10:43:01','orazisa',0,0);
insert into `ETR_TB_ROLE` (`ROL_ID`,`ROL_CODE`,`ROL_NAME`,`CRE_DT`,`CRE_ID`,`MOD_DT`,`MOD_ID`,`ROL_IS_BIDIRECTIONAL`,`ROL_IS_TECHNICAL`) values (6,'BUNE','BundleExchanger','2013-10-24 10:43:01','orazisa','2013-10-24 10:43:01','orazisa',1,0);
insert into `ETR_TB_ROLE` (`ROL_ID`,`ROL_CODE`,`ROL_NAME`,`CRE_DT`,`CRE_ID`,`MOD_DT`,`MOD_ID`,`ROL_IS_BIDIRECTIONAL`,`ROL_IS_TECHNICAL`) values (7,'CA','ContractingAuthority','2013-10-24 10:43:01','derveol','2013-10-24 10:43:01','derveol',1,0);
insert into `ETR_TB_ROLE` (`ROL_ID`,`ROL_CODE`,`ROL_NAME`,`CRE_DT`,`CRE_ID`,`MOD_DT`,`MOD_ID`,`ROL_IS_BIDIRECTIONAL`,`ROL_IS_TECHNICAL`) values (8,'EO','EconomicOperator','2013-10-24 10:43:01','derveol','2013-10-24 10:43:01','derveol',0,0);
insert into `ETR_TB_ROLE` (`ROL_ID`,`ROL_CODE`,`ROL_NAME`,`CRE_DT`,`CRE_ID`,`MOD_DT`,`MOD_ID`,`ROL_IS_BIDIRECTIONAL`,`ROL_IS_TECHNICAL`) values (9,'PDA','PDAUser','2013-10-24 10:43:01','derveol',null,null,1,0);
insert into `ETR_TB_ROLE` (`ROL_ID`,`ROL_CODE`,`ROL_NAME`,`CRE_DT`,`CRE_ID`,`MOD_DT`,`MOD_ID`,`ROL_IS_BIDIRECTIONAL`,`ROL_IS_TECHNICAL`) values (11,'CP','ConfigurationPublisher','2013-10-24 10:43:01','almahfa','2013-10-24 10:43:01','almahfa',0,0);
insert into `ETR_TB_ROLE` (`ROL_ID`,`ROL_CODE`,`ROL_NAME`,`CRE_DT`,`CRE_ID`,`MOD_DT`,`MOD_ID`,`ROL_IS_BIDIRECTIONAL`,`ROL_IS_TECHNICAL`) values (12,'CS','ConfigurationSubscriber','2013-10-24 10:43:01','almahfa','2013-10-24 10:43:01','almahfa',0,0);
insert into `ETR_TB_ROLE` (`ROL_ID`,`ROL_CODE`,`ROL_NAME`,`CRE_DT`,`CRE_ID`,`MOD_DT`,`MOD_ID`,`ROL_IS_BIDIRECTIONAL`,`ROL_IS_TECHNICAL`) values (13,'TRUSTED','Trusted','2013-10-24 10:43:01','chiricr','2013-10-24 10:43:01','chiricr',0,0);



insert into `ETR_TB_STATE_MACHINE`(`SM_ID`,`SM_DEFINITION`) values (1,'<scxml version="1.0" initialstate="RECEIVED" xmlns="http://www.w3.org/2005/07/scxml"> 	<state id="RECEIVED"> 		<transition event="7" target="READ" />		<transition event="4" target="FAILED" /> 	</state> 	<state id="READ" final="true" />	<state id="FAILED" final="true" /> </scxml>');
insert into `ETR_TB_STATE_MACHINE`(`SM_ID`,`SM_DEFINITION`) values (2,'<scxml version="1.0" initialstate="RECEIVED" xmlns="http://www.w3.org/2005/07/scxml"> 	<state id="RECEIVED"> 		<transition event="1" target="PROCESSED" />		<transition event="2" target="REJECTED" /> 	</state> 	<state id="PROCESSED" final="true" />	<state id="REJECTED" final="true" /> </scxml>');
insert into `ETR_TB_STATE_MACHINE`(`SM_ID`,`SM_DEFINITION`) values (3,'<scxml version="1.0" initialstate="RECEIVED" xmlns="http://www.w3.org/2005/07/scxml"> 	<state id="RECEIVED"> 		<transition event="1" target="APPROVED" />		<transition event="2" target="REJECTED" /> 	</state> 	<state id="APPROVED" final="true" />	<state id="REJECTED" final="true" /> </scxml>');
insert into `ETR_TB_STATE_MACHINE`(`SM_ID`,`SM_DEFINITION`) values (4,'<scxml version="1.0" initialstate="RECEIVED" xmlns="http://www.w3.org/2005/07/scxml"> 	<state id="RECEIVED"> 		<transition event="1" target="PROCESSED" />		<transition event="2" target="REJECTED" />		<transition event="7" target="REJECTED" /> 	</state> 	<state id="APPROVED" final="true" />	<state id="REJECTED" final="true" /> </scxml>');
insert into `ETR_TB_STATE_MACHINE`(`SM_ID`,`SM_DEFINITION`) values (5,'<scxml version="1.0" initialstate="RECEIVED" xmlns="http://www.w3.org/2005/07/scxml"> 	<state id="RECEIVED"> 		<transition event="1" target="PROCESSED" />		<transition event="2" target="REJECTED" />		<transition event="7" target="CANCELLED" /> 	</state> 	<state id="PROCESSED" final="true" />	<state id="REJECTED" final="true" />	<state id="CANCELLED" final="true" /> </scxml>');
insert into `ETR_TB_STATE_MACHINE`(`SM_ID`,`SM_DEFINITION`) values (6,'<scxml version="1.0" initialstate="RECEIVED" xmlns="http://www.w3.org/2005/07/scxml"> 	<state id="RECEIVED"> 		<transition event="ACCEPT" target="ACCEPTED" />		<transition event="REJECT" target="REJECTED" /> 	</state>	<state id="ACCEPTED"> 		<transition event="PROCESS" target="PROCESSED" />		<transition event="REJECT" target="REJECTED" /> 	</state>	<state id="PROCESSED">		<transition event="REJECT" target="REJECTED" /> 	</state>	<state id="REJECTED" final="true" /> </scxml>');
insert into `ETR_TB_STATE_MACHINE`(`SM_ID`,`SM_DEFINITION`) values (7,'<scxml version="1.0" initialstate="RECEIVED" xmlns="http://www.w3.org/2005/07/scxml"> 	<state id="RECEIVED"> 		<transition event="7" target="ARCHIVED" />		<transition event="4" target="FAILED" /> 	</state> 	<state id="ARCHIVED" final="true" />	<state id="FAILED" final="true" /> </scxml>');


Insert into `ETR_TB_DOCUMENT` (`DOC_ID`,`DOC_TYPE_CD`,`DOC_LOCAL_NAME`,`DOC_NAME`,`DOC_NAMESPACE`,`DOC_VERSION`,`DOC_SM_ID`) values (15,'21','StatusRequest','StatusRequest','ec:schema:xsd:StatusRequest-0.1','0.1',null);
Insert into `ETR_TB_DOCUMENT` (`DOC_ID`,`DOC_TYPE_CD`,`DOC_LOCAL_NAME`,`DOC_NAME`,`DOC_NAMESPACE`,`DOC_VERSION`,`DOC_SM_ID`) values (17,'ATR','TenderReceipt','TenderReceipt','urn:oasis:names:specification:ubl:schema:xsd:TenderReceipt-2','2.1',null);
Insert into `ETR_TB_DOCUMENT` (`DOC_ID`,`DOC_TYPE_CD`,`DOC_LOCAL_NAME`,`DOC_NAME`,`DOC_NAMESPACE`,`DOC_VERSION`,`DOC_SM_ID`) values (18,'443','CallForTenders','CallForTenders','urn:oasis:names:specification:ubl:schema:xsd:CallForTenders-2','2.0',3);
Insert into `ETR_TB_DOCUMENT` (`DOC_ID`,`DOC_TYPE_CD`,`DOC_LOCAL_NAME`,`DOC_NAME`,`DOC_NAMESPACE`,`DOC_VERSION`,`DOC_SM_ID`) values (21,'21','CreateParty','CreateParty','ec:schema:xsd:CreateParty-2','2.0',null);
Insert into `ETR_TB_DOCUMENT` (`DOC_ID`,`DOC_TYPE_CD`,`DOC_LOCAL_NAME`,`DOC_NAME`,`DOC_NAMESPACE`,`DOC_VERSION`,`DOC_SM_ID`) values (22,'21','CreateInterchangeAgreement','CreateInterchangeAgreement','ec:schema:xsd:CreateInterchangeAgreement-2','2.0',null);
Insert into `ETR_TB_DOCUMENT` (`DOC_ID`,`DOC_TYPE_CD`,`DOC_LOCAL_NAME`,`DOC_NAME`,`DOC_NAMESPACE`,`DOC_VERSION`,`DOC_SM_ID`) values (28,'220','Order','Order','urn:oasis:names:specification:ubl:schema:xsd:Order-2','2.0',6);
Insert into `ETR_TB_DOCUMENT` (`DOC_ID`,`DOC_TYPE_CD`,`DOC_LOCAL_NAME`,`DOC_NAME`,`DOC_NAMESPACE`,`DOC_VERSION`,`DOC_SM_ID`) values (16,'ITT','Shortlist','Shortlist','ec:schema:xsd:Shortlist-0.1','0.1',3);
Insert into `ETR_TB_DOCUMENT` (`DOC_ID`,`DOC_TYPE_CD`,`DOC_LOCAL_NAME`,`DOC_NAME`,`DOC_NAMESPACE`,`DOC_VERSION`,`DOC_SM_ID`) values (27,'21','QueryRequest','QueryRequest','ec:schema:xsd:QueryRequest-0.1','0.1',null);
Insert into `ETR_TB_DOCUMENT` (`DOC_ID`,`DOC_TYPE_CD`,`DOC_LOCAL_NAME`,`DOC_NAME`,`DOC_NAMESPACE`,`DOC_VERSION`,`DOC_SM_ID`) values (19,'21','RetrieveRequest','RetrieveRequest','ec:schema:xsd:RetrieveRequest-0.1','0.1',null);
Insert into `ETR_TB_DOCUMENT` (`DOC_ID`,`DOC_TYPE_CD`,`DOC_LOCAL_NAME`,`DOC_NAME`,`DOC_NAMESPACE`,`DOC_VERSION`,`DOC_SM_ID`) values (24,'21','QueryRequest','QueryRequest','ec:schema:xsd:QueryRequest-0.2','0.2',null);
Insert into `ETR_TB_DOCUMENT` (`DOC_ID`,`DOC_TYPE_CD`,`DOC_LOCAL_NAME`,`DOC_NAME`,`DOC_NAMESPACE`,`DOC_VERSION`,`DOC_SM_ID`) values (25,'21','ViewRequest','ViewRequest','ec:schema:xsd:ViewRequest-0.1','0.1',null);
Insert into `ETR_TB_DOCUMENT` (`DOC_ID`,`DOC_TYPE_CD`,`DOC_LOCAL_NAME`,`DOC_NAME`,`DOC_NAMESPACE`,`DOC_VERSION`,`DOC_SM_ID`) values (75,'EVN','EventNotification','EventNotification','ec:schema:xsd:EventNotification-1','1.0',null);
Insert into `ETR_TB_DOCUMENT` (`DOC_ID`,`DOC_TYPE_CD`,`DOC_LOCAL_NAME`,`DOC_NAME`,`DOC_NAMESPACE`,`DOC_VERSION`,`DOC_SM_ID`) values (13,'JUS','DocumentBundle','DocumentBundle','ec:schema:xsd:DocumentBundleJustice-1','1',1);
Insert into `ETR_TB_DOCUMENT` (`DOC_ID`,`DOC_TYPE_CD`,`DOC_LOCAL_NAME`,`DOC_NAME`,`DOC_NAMESPACE`,`DOC_VERSION`,`DOC_SM_ID`) values (14,'21','QueryRequest','QueryRequest','ec:schema:xsd:QueryRequestJustice-2','2.0',null);
Insert into `ETR_TB_DOCUMENT` (`DOC_ID`,`DOC_TYPE_CD`,`DOC_LOCAL_NAME`,`DOC_NAME`,`DOC_NAMESPACE`,`DOC_VERSION`,`DOC_SM_ID`) values (20,'TQR','TendererQualificationResponse','TendererQualificationResponse','urn:oasis:names:specification:ubl:schema:xsd:TendererQualificationResponse-2','2.1',null);
Insert into `ETR_TB_DOCUMENT` (`DOC_ID`,`DOC_TYPE_CD`,`DOC_LOCAL_NAME`,`DOC_NAME`,`DOC_NAMESPACE`,`DOC_VERSION`,`DOC_SM_ID`) values (23,'21','InboxRequest','InboxRequest','ec:schema:xsd:InboxRequest-0.1','0.1',null);
Insert into `ETR_TB_DOCUMENT` (`DOC_ID`,`DOC_TYPE_CD`,`DOC_LOCAL_NAME`,`DOC_NAME`,`DOC_NAMESPACE`,`DOC_VERSION`,`DOC_SM_ID`) values (29,'9','Catalogue','Catalogue','urn:oasis:names:specification:ubl:schema:xsd:Catalogue-2','2.0',3);
Insert into `ETR_TB_DOCUMENT` (`DOC_ID`,`DOC_TYPE_CD`,`DOC_LOCAL_NAME`,`DOC_NAME`,`DOC_NAMESPACE`,`DOC_VERSION`,`DOC_SM_ID`) values (30,'21','ViewRequest','ViewRequest','ec:schema:xsd:ViewRequest-2','2.0',null);
Insert into `ETR_TB_DOCUMENT` (`DOC_ID`,`DOC_TYPE_CD`,`DOC_LOCAL_NAME`,`DOC_NAME`,`DOC_NAMESPACE`,`DOC_VERSION`,`DOC_SM_ID`) values (50,'ADT1','Willingness','Willingness','ec:schema:xsd:Willingness-0.1','0.1',3);
Insert into `ETR_TB_DOCUMENT` (`DOC_ID`,`DOC_TYPE_CD`,`DOC_LOCAL_NAME`,`DOC_NAME`,`DOC_NAMESPACE`,`DOC_VERSION`,`DOC_SM_ID`) values (51,'312','Acknowledgement','Acknowledgement','ec:schema:xsd:Acknowledgement-0.1','0.1',3);
Insert into `ETR_TB_DOCUMENT` (`DOC_ID`,`DOC_TYPE_CD`,`DOC_LOCAL_NAME`,`DOC_NAME`,`DOC_NAMESPACE`,`DOC_VERSION`,`DOC_SM_ID`) values (52,'ADT3','Proposal','Proposal','ec:schema:xsd:Proposal-0.1','0.1',3);
Insert into `ETR_TB_DOCUMENT` (`DOC_ID`,`DOC_TYPE_CD`,`DOC_LOCAL_NAME`,`DOC_NAME`,`DOC_NAMESPACE`,`DOC_VERSION`,`DOC_SM_ID`) values (53,'310','Quotation','Quotation','ec:schema:xsd:Quotation-0.1','0.1',3);
Insert into `ETR_TB_DOCUMENT` (`DOC_ID`,`DOC_TYPE_CD`,`DOC_LOCAL_NAME`,`DOC_NAME`,`DOC_NAMESPACE`,`DOC_VERSION`,`DOC_SM_ID`) values (54,'ADT4','QuotationRequest','QuotationRequest','ec:schema:xsd:QuotationRequest-0.1','0.1',3);
Insert into `ETR_TB_DOCUMENT` (`DOC_ID`,`DOC_TYPE_CD`,`DOC_LOCAL_NAME`,`DOC_NAME`,`DOC_NAMESPACE`,`DOC_VERSION`,`DOC_SM_ID`) values (55,'311','RequestForQuotation','RequestForQuotation','ec:schema:xsd:RequestForQuotation-0.1','0.1',5);
Insert into `ETR_TB_DOCUMENT` (`DOC_ID`,`DOC_TYPE_CD`,`DOC_LOCAL_NAME`,`DOC_NAME`,`DOC_NAMESPACE`,`DOC_VERSION`,`DOC_SM_ID`) values (56,'71','Reminder','Reminder','urn:oasis:names:specification:ubl:schema:xsd:Reminder-2','2.0',3);
Insert into `ETR_TB_DOCUMENT` (`DOC_ID`,`DOC_TYPE_CD`,`DOC_LOCAL_NAME`,`DOC_NAME`,`DOC_NAMESPACE`,`DOC_VERSION`,`DOC_SM_ID`) values (57,'231','OrderResponseSimple','OrderResponseSimple','urn:oasis:names:specification:ubl:schema:xsd:OrderResponseSimple-2','2.0',null);
Insert into `ETR_TB_DOCUMENT` (`DOC_ID`,`DOC_TYPE_CD`,`DOC_LOCAL_NAME`,`DOC_NAME`,`DOC_NAMESPACE`,`DOC_VERSION`,`DOC_SM_ID`) values (59,'230','OrderChange','OrderChange','urn:oasis:names:specification:ubl:schema:xsd:OrderChange-2','2.0',null);
Insert into `ETR_TB_DOCUMENT` (`DOC_ID`,`DOC_TYPE_CD`,`DOC_LOCAL_NAME`,`DOC_NAME`,`DOC_NAMESPACE`,`DOC_VERSION`,`DOC_SM_ID`) values (60,'406','OrderCancellation','OrderCancellation','urn:oasis:names:specification:ubl:schema:xsd:OrderCancellation-2','2.0',null);
Insert into `ETR_TB_DOCUMENT` (`DOC_ID`,`DOC_TYPE_CD`,`DOC_LOCAL_NAME`,`DOC_NAME`,`DOC_NAMESPACE`,`DOC_VERSION`,`DOC_SM_ID`) values (61,'ADT5','AdhocS2C','AdhocS2C','ec:schema:xsd:AdhocS2C-0.1','0.1',3);
Insert into `ETR_TB_DOCUMENT` (`DOC_ID`,`DOC_TYPE_CD`,`DOC_LOCAL_NAME`,`DOC_NAME`,`DOC_NAMESPACE`,`DOC_VERSION`,`DOC_SM_ID`) values (62,'ADT2','ProposalRequest','ProposalRequest','ec:schema:xsd:ProposalRequest-0.1','0.1',3);
Insert into `ETR_TB_DOCUMENT` (`DOC_ID`,`DOC_TYPE_CD`,`DOC_LOCAL_NAME`,`DOC_NAME`,`DOC_NAMESPACE`,`DOC_VERSION`,`DOC_SM_ID`) values (63,'DOU1','DownloadOrganizationUsersRequest','DownloadOrganizationUsersRequest','ec:schema:xsd:DownloadOrganizationUsersRequest-0.1','0.1',3);
Insert into `ETR_TB_DOCUMENT` (`DOC_ID`,`DOC_TYPE_CD`,`DOC_LOCAL_NAME`,`DOC_NAME`,`DOC_NAMESPACE`,`DOC_VERSION`,`DOC_SM_ID`) values (64,'DOU2','DownloadOrganizationUsersResponse','DownloadOrganizationUsersResponse','ec:schema:xsd:DownloadOrganizationUsersResponse-0.1','0.1',3);
Insert into `ETR_TB_DOCUMENT` (`DOC_ID`,`DOC_TYPE_CD`,`DOC_LOCAL_NAME`,`DOC_NAME`,`DOC_NAMESPACE`,`DOC_VERSION`,`DOC_SM_ID`) values (65,'DTF1','DownloadTrackingFilesRequest','DownloadTrackingFilesRequest','ec:schema:xsd:DownloadTrackingFilesRequest-0.1','0.1',3);
Insert into `ETR_TB_DOCUMENT` (`DOC_ID`,`DOC_TYPE_CD`,`DOC_LOCAL_NAME`,`DOC_NAME`,`DOC_NAMESPACE`,`DOC_VERSION`,`DOC_SM_ID`) values (66,'DTF2','DownloadTrackingFilesResponse','DownloadTrackingFilesResponse','ec:schema:xsd:DownloadTrackingFilesResponse-0.1','0.1',3);
Insert into `ETR_TB_DOCUMENT` (`DOC_ID`,`DOC_TYPE_CD`,`DOC_LOCAL_NAME`,`DOC_NAME`,`DOC_NAMESPACE`,`DOC_VERSION`,`DOC_SM_ID`) values (67,'STF1','UpdateTrackingFilesStepRequest','UpdateTrackingFilesStepRequest','ec:schema:xsd:UpdateTrackingFilesStepRequest-0.1','0.1',3);
Insert into `ETR_TB_DOCUMENT` (`DOC_ID`,`DOC_TYPE_CD`,`DOC_LOCAL_NAME`,`DOC_NAME`,`DOC_NAMESPACE`,`DOC_VERSION`,`DOC_SM_ID`) values (68,'STF2','UpdateTrackingFilesStepResponse','UpdateTrackingFilesStepResponse','ec:schema:xsd:UpdateTrackingFilesStepResponse-0.1','0.1',3);
Insert into `ETR_TB_DOCUMENT` (`DOC_ID`,`DOC_TYPE_CD`,`DOC_LOCAL_NAME`,`DOC_NAME`,`DOC_NAMESPACE`,`DOC_VERSION`,`DOC_SM_ID`) values (69,'UTF1','UploadTrackingFilesRequest','UploadTrackingFilesRequest','ec:schema:xsd:UploadTrackingFilesRequest-0.1','0.1',3);
Insert into `ETR_TB_DOCUMENT` (`DOC_ID`,`DOC_TYPE_CD`,`DOC_LOCAL_NAME`,`DOC_NAME`,`DOC_NAMESPACE`,`DOC_VERSION`,`DOC_SM_ID`) values (70,'UTF2','UploadTrackingFilesResponse','UploadTrackingFilesResponse','ec:schema:xsd:UploadTrackingFilesResponse-0.1','0.1',3);
Insert into `ETR_TB_DOCUMENT` (`DOC_ID`,`DOC_TYPE_CD`,`DOC_LOCAL_NAME`,`DOC_NAME`,`DOC_NAMESPACE`,`DOC_VERSION`,`DOC_SM_ID`) values (1,'380','Invoice','Invoice','urn:oasis:names:specification:ubl:schema:xsd:Invoice-2','2.0',2);
Insert into `ETR_TB_DOCUMENT` (`DOC_ID`,`DOC_TYPE_CD`,`DOC_LOCAL_NAME`,`DOC_NAME`,`DOC_NAMESPACE`,`DOC_VERSION`,`DOC_SM_ID`) values (2,'81','CreditNote','CreditNote','urn:oasis:names:specification:ubl:schema:xsd:CreditNote-2','2.0',2);
Insert into `ETR_TB_DOCUMENT` (`DOC_ID`,`DOC_TYPE_CD`,`DOC_LOCAL_NAME`,`DOC_NAME`,`DOC_NAMESPACE`,`DOC_VERSION`,`DOC_SM_ID`) values (3,'301','ApplicationResponse','ApplicationResponse','urn:oasis:names:specification:ubl:schema:xsd:ApplicationResponse-2','2.0',null);
Insert into `ETR_TB_DOCUMENT` (`DOC_ID`,`DOC_TYPE_CD`,`DOC_LOCAL_NAME`,`DOC_NAME`,`DOC_NAMESPACE`,`DOC_VERSION`,`DOC_SM_ID`) values (4,'21','InboxRequest','InboxRequest','ec:schema:xsd:InboxRequest-2','2',null);
Insert into `ETR_TB_DOCUMENT` (`DOC_ID`,`DOC_TYPE_CD`,`DOC_LOCAL_NAME`,`DOC_NAME`,`DOC_NAMESPACE`,`DOC_VERSION`,`DOC_SM_ID`) values (5,'DWR','DocumentWrapper','DocumentWrapper','ec:schema:xsd:DocumentWrapper-1','1',null);
Insert into `ETR_TB_DOCUMENT` (`DOC_ID`,`DOC_TYPE_CD`,`DOC_LOCAL_NAME`,`DOC_NAME`,`DOC_NAMESPACE`,`DOC_VERSION`,`DOC_SM_ID`) values (6,'DWR','DocumentWrapperRequest','DocumentWrapperRequest','ec:schema:xsd:DocumentWrapperRequest-1','1',null);
Insert into `ETR_TB_DOCUMENT` (`DOC_ID`,`DOC_TYPE_CD`,`DOC_LOCAL_NAME`,`DOC_NAME`,`DOC_NAMESPACE`,`DOC_VERSION`,`DOC_SM_ID`) values (7,'BDL','DocumentBundle','DocumentBundle','ec:schema:xsd:DocumentBundle-1','1',1);
Insert into `ETR_TB_DOCUMENT` (`DOC_ID`,`DOC_TYPE_CD`,`DOC_LOCAL_NAME`,`DOC_NAME`,`DOC_NAMESPACE`,`DOC_VERSION`,`DOC_SM_ID`) values (8,'21','RetrieveRequest','RetrieveRequest','ec:schema:xsd:RetrieveRequest-2','2.0',null);
Insert into `ETR_TB_DOCUMENT` (`DOC_ID`,`DOC_TYPE_CD`,`DOC_LOCAL_NAME`,`DOC_NAME`,`DOC_NAMESPACE`,`DOC_VERSION`,`DOC_SM_ID`) values (9,'916','AttachedDocument','AttachedDocument','urn:oasis:names:specification:ubl:schema:xsd:AttachedDocument-2','2.0',2);
Insert into `ETR_TB_DOCUMENT` (`DOC_ID`,`DOC_TYPE_CD`,`DOC_LOCAL_NAME`,`DOC_NAME`,`DOC_NAMESPACE`,`DOC_VERSION`,`DOC_SM_ID`) values (10,'21','StatusRequest','StatusRequest','ec:schema:xsd:StatusRequest-2','2.0',null);
Insert into `ETR_TB_DOCUMENT` (`DOC_ID`,`DOC_TYPE_CD`,`DOC_LOCAL_NAME`,`DOC_NAME`,`DOC_NAMESPACE`,`DOC_VERSION`,`DOC_SM_ID`) values (11,'21','QueryRequest','QueryRequest','ec:schema:xsd:QueryRequest-2','2.0',null);
Insert into `ETR_TB_DOCUMENT` (`DOC_ID`,`DOC_TYPE_CD`,`DOC_LOCAL_NAME`,`DOC_NAME`,`DOC_NAMESPACE`,`DOC_VERSION`,`DOC_SM_ID`) values (12,'21','RetrieveInterchangeAgreementsRequest','RetrieveInterchangeAgreementsRequest','ec:schema:xsd:RetrieveInterchangeAgreementsRequest-2','2.0',null);
Insert into `ETR_TB_DOCUMENT` (`DOC_ID`,`DOC_TYPE_CD`,`DOC_LOCAL_NAME`,`DOC_NAME`,`DOC_NAMESPACE`,`DOC_VERSION`,`DOC_SM_ID`) values (72,'632','ReceiptAdvice','ReceiptAdvice','urn:oasis:names:specification:ubl:schema:xsd:ReceiptAdvice-2','2.0',3);
Insert into `ETR_TB_DOCUMENT` (`DOC_ID`,`DOC_TYPE_CD`,`DOC_LOCAL_NAME`,`DOC_NAME`,`DOC_NAMESPACE`,`DOC_VERSION`,`DOC_SM_ID`) values (71,'351','DespatchAdvice','DespatchAdvice','urn:oasis:names:specification:ubl:schema:xsd:DespatchAdvice-2','2.0',3);
Insert into `ETR_TB_DOCUMENT` (`DOC_ID`,`DOC_TYPE_CD`,`DOC_LOCAL_NAME`,`DOC_NAME`,`DOC_NAMESPACE`,`DOC_VERSION`,`DOC_SM_ID`) values (73,'ADT6','AdhocC2S','AdhocC2S','ec:schema:xsd:AdhocC2S-0.1','0.1',3);
Insert into `ETR_TB_DOCUMENT` (`DOC_ID`,`DOC_TYPE_CD`,`DOC_LOCAL_NAME`,`DOC_NAME`,`DOC_NAMESPACE`,`DOC_VERSION`,`DOC_SM_ID`) values (101,'ARQ','ArchiveDocumentRequest','ArchiveDocumentRequest','ec:schema:xsd:ArchiveDocumentRequest-1','1.0',7);
Insert into `ETR_TB_DOCUMENT` (`DOC_ID`,`DOC_TYPE_CD`,`DOC_LOCAL_NAME`,`DOC_NAME`,`DOC_NAMESPACE`,`DOC_VERSION`,`DOC_SM_ID`) values (102,'ARS','ArchiveDocumentResponse','ArchiveDocumentResponse','ec:schema:xsd:ArchiveDocumentResponse-1','1.0',null);
Insert into `ETR_TB_DOCUMENT` (`DOC_ID`,`DOC_TYPE_CD`,`DOC_LOCAL_NAME`,`DOC_NAME`,`DOC_NAMESPACE`,`DOC_VERSION`,`DOC_SM_ID`) values (108,'DEL3','DeleteDocument','DeleteDocument','ec:schema:xsd:DeleteDocument-3','3.0',null);
Insert into `ETR_TB_DOCUMENT` (`DOC_ID`,`DOC_TYPE_CD`,`DOC_LOCAL_NAME`,`DOC_NAME`,`DOC_NAMESPACE`,`DOC_VERSION`,`DOC_SM_ID`) values (110,'21','ViewRequest','ViewRequest','ec:schema:xsd:ViewRequest-3','3.0',null);
Insert into `ETR_TB_DOCUMENT` (`DOC_ID`,`DOC_TYPE_CD`,`DOC_LOCAL_NAME`,`DOC_NAME`,`DOC_NAMESPACE`,`DOC_VERSION`,`DOC_SM_ID`) values (109,'21','StatusRequest','StatusRequest','ec:schema:xsd:StatusRequest-3','3.0',null);
Insert into `ETR_TB_DOCUMENT` (`DOC_ID`,`DOC_TYPE_CD`,`DOC_LOCAL_NAME`,`DOC_NAME`,`DOC_NAMESPACE`,`DOC_VERSION`,`DOC_SM_ID`) values (111,'21','RetrieveRequest','RetrieveRequest','ec:schema:xsd:RetrieveRequest-3','3.0',null);
Insert into `ETR_TB_DOCUMENT` (`DOC_ID`,`DOC_TYPE_CD`,`DOC_LOCAL_NAME`,`DOC_NAME`,`DOC_NAMESPACE`,`DOC_VERSION`,`DOC_SM_ID`) values (112,'21','RetrieveInterchangeAgreementsRequest','RetrieveInterchangeAgreementsRequest','ec:schema:xsd:RetrieveInterchangeAgreementsRequest-3','3.0',null);
Insert into `ETR_TB_DOCUMENT` (`DOC_ID`,`DOC_TYPE_CD`,`DOC_LOCAL_NAME`,`DOC_NAME`,`DOC_NAMESPACE`,`DOC_VERSION`,`DOC_SM_ID`) values (113,'301','ApplicationResponse','ApplicationResponse','ec:schema:xsd:ApplicationResponse-3','3.0',null);
Insert into `ETR_TB_DOCUMENT` (`DOC_ID`,`DOC_TYPE_CD`,`DOC_LOCAL_NAME`,`DOC_NAME`,`DOC_NAMESPACE`,`DOC_VERSION`,`DOC_SM_ID`) values (114,'21','QueryRequest','QueryRequest','ec:schema:xsd:QueryRequest-3','3.0',null);
Insert into `ETR_TB_DOCUMENT` (`DOC_ID`,`DOC_TYPE_CD`,`DOC_LOCAL_NAME`,`DOC_NAME`,`DOC_NAMESPACE`,`DOC_VERSION`,`DOC_SM_ID`) values (115,'21','InboxRequest','InboxRequest','ec:schema:xsd:InboxRequest-3','3.0',null);
Insert into `ETR_TB_DOCUMENT` (`DOC_ID`,`DOC_TYPE_CD`,`DOC_LOCAL_NAME`,`DOC_NAME`,`DOC_NAMESPACE`,`DOC_VERSION`,`DOC_SM_ID`) values (116,'916','AttachedDocument','AttachedDocument','ec:schema:xsd:AttachedDocument-3','3.0',2);
Insert into `ETR_TB_DOCUMENT` (`DOC_ID`,`DOC_TYPE_CD`,`DOC_LOCAL_NAME`,`DOC_NAME`,`DOC_NAMESPACE`,`DOC_VERSION`,`DOC_SM_ID`) values (117,'380','Invoice','Invoice','urn:oasis:names:specification:ubl:schema:xsd:Invoice-2','2.1',2);
Insert into `ETR_TB_DOCUMENT` (`DOC_ID`,`DOC_TYPE_CD`,`DOC_LOCAL_NAME`,`DOC_NAME`,`DOC_NAMESPACE`,`DOC_VERSION`,`DOC_SM_ID`) values (84,'21','CreateParty','CreateParty','ec:schema:xsd:CreateParty-2_1','2.1',null);
Insert into `ETR_TB_DOCUMENT` (`DOC_ID`,`DOC_TYPE_CD`,`DOC_LOCAL_NAME`,`DOC_NAME`,`DOC_NAMESPACE`,`DOC_VERSION`,`DOC_SM_ID`) values (104,'PIR1','PDAInformationRequest','PDAInformationRequest','ec:schema:xsd:PDAInformationRequest-0.1','0.1',3);
Insert into `ETR_TB_DOCUMENT` (`DOC_ID`,`DOC_TYPE_CD`,`DOC_LOCAL_NAME`,`DOC_NAME`,`DOC_NAMESPACE`,`DOC_VERSION`,`DOC_SM_ID`) values (105,'PIR2','PDAInformationResponse','PDAInformationResponse','ec:schema:xsd:PDAInformationResponse-0.1','0.1',3);
Insert into `ETR_TB_DOCUMENT` (`DOC_ID`,`DOC_TYPE_CD`,`DOC_LOCAL_NAME`,`DOC_NAME`,`DOC_NAMESPACE`,`DOC_VERSION`,`DOC_SM_ID`) values (118,'81','CreditNote','CreditNote','urn:oasis:names:specification:ubl:schema:xsd:CreditNote-2','2.1',2);
Insert into `ETR_TB_DOCUMENT` (`DOC_ID`,`DOC_TYPE_CD`,`DOC_LOCAL_NAME`,`DOC_NAME`,`DOC_NAMESPACE`,`DOC_VERSION`,`DOC_SM_ID`) values (119,'443','CallForTenders','CallForTenders','urn:oasis:names:specification:ubl:schema:xsd:CallForTenders-2','2.1',3);
Insert into `ETR_TB_DOCUMENT` (`DOC_ID`,`DOC_TYPE_CD`,`DOC_LOCAL_NAME`,`DOC_NAME`,`DOC_NAMESPACE`,`DOC_VERSION`,`DOC_SM_ID`) values (120,'ATR','TenderReceipt','TenderReceipt','urn:oasis:names:specification:ubl:schema:xsd:TenderReceipt-2','2.1',null);
Insert into `ETR_TB_DOCUMENT` (`DOC_ID`,`DOC_TYPE_CD`,`DOC_LOCAL_NAME`,`DOC_NAME`,`DOC_NAMESPACE`,`DOC_VERSION`,`DOC_SM_ID`) values (121,'TQR','TendererQualificationResponse','TendererQualificationResponse','urn:oasis:names:specification:ubl:schema:xsd:TendererQualificationResponse-2','2.1',null);
Insert into `ETR_TB_DOCUMENT` (`DOC_ID`,`DOC_TYPE_CD`,`DOC_LOCAL_NAME`,`DOC_NAME`,`DOC_NAMESPACE`,`DOC_VERSION`,`DOC_SM_ID`) values (122,'21','RetrieveInterchangeAgreementsRequest','RetrieveInterchangeAgreementsRequest','ec:schema:xsd:RetrieveInterchangeAgreementsRequest-2_2','2.1',null);
Insert into `ETR_TB_DOCUMENT` (`DOC_ID`,`DOC_TYPE_CD`,`DOC_LOCAL_NAME`,`DOC_NAME`,`DOC_NAMESPACE`,`DOC_VERSION`,`DOC_SM_ID`) values (82,'AWA','AwardingNotification','AwardingNotificationRequest','ec:schema:xsd:AwardingNotification-0.1','0.1',3);
Insert into `ETR_TB_DOCUMENT` (`DOC_ID`,`DOC_TYPE_CD`,`DOC_LOCAL_NAME`,`DOC_NAME`,`DOC_NAMESPACE`,`DOC_VERSION`,`DOC_SM_ID`) values (76,'RFE','EvidencesRequest','EvidencesRequest','ec:schema:xsd:EvidencesRequest-0.1','0.1',3);
Insert into `ETR_TB_DOCUMENT` (`DOC_ID`,`DOC_TYPE_CD`,`DOC_LOCAL_NAME`,`DOC_NAME`,`DOC_NAMESPACE`,`DOC_VERSION`,`DOC_SM_ID`) values (77,'EVI','BasicQualification','Evidences','ec:schema:xsd:BasicQualification-0.1','0.1',3);
Insert into `ETR_TB_DOCUMENT` (`DOC_ID`,`DOC_TYPE_CD`,`DOC_LOCAL_NAME`,`DOC_NAME`,`DOC_NAMESPACE`,`DOC_VERSION`,`DOC_SM_ID`) values (78,'TCL','TenderingAnswers','TenderClarification','ec:schema:xsd:TenderingAnswers-0.1','0.1',3);
Insert into `ETR_TB_DOCUMENT` (`DOC_ID`,`DOC_TYPE_CD`,`DOC_LOCAL_NAME`,`DOC_NAME`,`DOC_NAMESPACE`,`DOC_VERSION`,`DOC_SM_ID`) values (79,'RTC','TenderingQuestions','TenderClarificationRequest','ec:schema:xsd:TenderingQuestions-0.1','0.1',3);
Insert into `ETR_TB_DOCUMENT` (`DOC_ID`,`DOC_TYPE_CD`,`DOC_LOCAL_NAME`,`DOC_NAME`,`DOC_NAMESPACE`,`DOC_VERSION`,`DOC_SM_ID`) values (83,'DRC','Contract','ContractRequest','ec:schema:xsd:Contract-0.1','0.1',3);
Insert into `ETR_TB_DOCUMENT` (`DOC_ID`,`DOC_TYPE_CD`,`DOC_LOCAL_NAME`,`DOC_NAME`,`DOC_NAMESPACE`,`DOC_VERSION`,`DOC_SM_ID`) values (103,'DEL','DeleteDocument','DeleteDocument','ec:schema:xsd:DeleteDocument-1','1.0',null);
Insert into `ETR_TB_DOCUMENT` (`DOC_ID`,`DOC_TYPE_CD`,`DOC_LOCAL_NAME`,`DOC_NAME`,`DOC_NAMESPACE`,`DOC_VERSION`,`DOC_SM_ID`) values (106,'BDL3','DocumentBundle','DocumentBundle','ec:schema:xsd:DocumentBundle-3','3.0',null);
Insert into `ETR_TB_DOCUMENT` (`DOC_ID`,`DOC_TYPE_CD`,`DOC_LOCAL_NAME`,`DOC_NAME`,`DOC_NAMESPACE`,`DOC_VERSION`,`DOC_SM_ID`) values (107,'DWR3','DocumentWrapper','DocumentWrapper','ec:schema:xsd:DocumentWrapper-3','3.0',null);




Insert into `ETR_TB_TRANSACTION` (`TRA_ID`,`TRA_NAME`,`TRA_NAMESPACE`,`TRA_REQ_LOCAL_NAME`,`TRA_RES_LOCAL_NAME`,`TRA_VERSION`,`TRA_CIA_ID`,`TRA_DOC_ID`,`TRA_REC_ROL_ID`,`TRA_SEN_ROL_ID`,`TRA_TYPE_CD`) values (17,'SubmitStatusRequest_INACTIVE','ec:services:wsdl:StatusRequest-0.2_INACTIVE','SubmitStatusRequestRequest_INACTIVE','SubmitStatusRequestResponse','0.2',null,15,4,4,null);
Insert into `ETR_TB_TRANSACTION` (`TRA_ID`,`TRA_NAME`,`TRA_NAMESPACE`,`TRA_REQ_LOCAL_NAME`,`TRA_RES_LOCAL_NAME`,`TRA_VERSION`,`TRA_CIA_ID`,`TRA_DOC_ID`,`TRA_REC_ROL_ID`,`TRA_SEN_ROL_ID`,`TRA_TYPE_CD`) values (19,'SubmitTenderReceiptRequest','ec:services:wsdl:TenderReceipt-2','SubmitTenderReceiptRequest','SubmitTenderReceiptResponse','2.0',null,17,8,7,null);
Insert into `ETR_TB_TRANSACTION` (`TRA_ID`,`TRA_NAME`,`TRA_NAMESPACE`,`TRA_REQ_LOCAL_NAME`,`TRA_RES_LOCAL_NAME`,`TRA_VERSION`,`TRA_CIA_ID`,`TRA_DOC_ID`,`TRA_REC_ROL_ID`,`TRA_SEN_ROL_ID`,`TRA_TYPE_CD`) values (20,'SubmitCallForTenders','ec:services:wsdl:CallForTenders-2','SubmitCallForTendersRequest','SubmitCallForTendersResponse','2.0',null,18,4,7,null);
Insert into `ETR_TB_TRANSACTION` (`TRA_ID`,`TRA_NAME`,`TRA_NAMESPACE`,`TRA_REQ_LOCAL_NAME`,`TRA_RES_LOCAL_NAME`,`TRA_VERSION`,`TRA_CIA_ID`,`TRA_DOC_ID`,`TRA_REC_ROL_ID`,`TRA_SEN_ROL_ID`,`TRA_TYPE_CD`) values (24,'CreateParty','ec:services:wsdl:CreateParty-2','CreatePartyRequest','CreatePartyResponse','2.0',null,21,4,4,null);
Insert into `ETR_TB_TRANSACTION` (`TRA_ID`,`TRA_NAME`,`TRA_NAMESPACE`,`TRA_REQ_LOCAL_NAME`,`TRA_RES_LOCAL_NAME`,`TRA_VERSION`,`TRA_CIA_ID`,`TRA_DOC_ID`,`TRA_REC_ROL_ID`,`TRA_SEN_ROL_ID`,`TRA_TYPE_CD`) values (25,'CreateInterchangeAgreement','ec:services:wsdl:CreateInterchangeAgreement-2','CreateInterchangeAgreementRequest','CreateInterchangeAgreementResponse','2.0',null,22,4,4,null);
Insert into `ETR_TB_TRANSACTION` (`TRA_ID`,`TRA_NAME`,`TRA_NAMESPACE`,`TRA_REQ_LOCAL_NAME`,`TRA_RES_LOCAL_NAME`,`TRA_VERSION`,`TRA_CIA_ID`,`TRA_DOC_ID`,`TRA_REC_ROL_ID`,`TRA_SEN_ROL_ID`,`TRA_TYPE_CD`) values (42,'SubmitViewRequest_INACTIVE','ec:services:wsdl:ViewRequest-0.1_INACTIVE','SubmitViewRequestRequest_INACTIVE','SubmitViewRequestResponse','0.1',null,25,4,4,null);
Insert into `ETR_TB_TRANSACTION` (`TRA_ID`,`TRA_NAME`,`TRA_NAMESPACE`,`TRA_REQ_LOCAL_NAME`,`TRA_RES_LOCAL_NAME`,`TRA_VERSION`,`TRA_CIA_ID`,`TRA_DOC_ID`,`TRA_REC_ROL_ID`,`TRA_SEN_ROL_ID`,`TRA_TYPE_CD`) values (43,'SubmitInvoice','ec:services:wsdl:Invoice-2','SubmitInvoiceRequest','SubmitInvoiceResponse','2.0',null,1,2,1,null);
Insert into `ETR_TB_TRANSACTION` (`TRA_ID`,`TRA_NAME`,`TRA_NAMESPACE`,`TRA_REQ_LOCAL_NAME`,`TRA_RES_LOCAL_NAME`,`TRA_VERSION`,`TRA_CIA_ID`,`TRA_DOC_ID`,`TRA_REC_ROL_ID`,`TRA_SEN_ROL_ID`,`TRA_TYPE_CD`) values (44,'SubmitCreditNote','ec:services:wsdl:CreditNote-2','SubmitCreditNoteRequest','SubmitCreditNoteResponse','2.0',null,2,2,1,null);
Insert into `ETR_TB_TRANSACTION` (`TRA_ID`,`TRA_NAME`,`TRA_NAMESPACE`,`TRA_REQ_LOCAL_NAME`,`TRA_RES_LOCAL_NAME`,`TRA_VERSION`,`TRA_CIA_ID`,`TRA_DOC_ID`,`TRA_REC_ROL_ID`,`TRA_SEN_ROL_ID`,`TRA_TYPE_CD`) values (45,'SubmitOrder','ec:services:wsdl:Order-2','SubmitOrderRequest','SubmitOrderResponse','2.0',null,28,1,2,null);
Insert into `ETR_TB_TRANSACTION` (`TRA_ID`,`TRA_NAME`,`TRA_NAMESPACE`,`TRA_REQ_LOCAL_NAME`,`TRA_RES_LOCAL_NAME`,`TRA_VERSION`,`TRA_CIA_ID`,`TRA_DOC_ID`,`TRA_REC_ROL_ID`,`TRA_SEN_ROL_ID`,`TRA_TYPE_CD`) values (23,'SubmitInvitationToTenderRequest','ec:services:wsdl:InvitationToTender-2','SubmitInvitationToTenderRequest','SubmitInvitationToTenderResponse','2.0',null,16,7,7,null);
Insert into `ETR_TB_TRANSACTION` (`TRA_ID`,`TRA_NAME`,`TRA_NAMESPACE`,`TRA_REQ_LOCAL_NAME`,`TRA_RES_LOCAL_NAME`,`TRA_VERSION`,`TRA_CIA_ID`,`TRA_DOC_ID`,`TRA_REC_ROL_ID`,`TRA_SEN_ROL_ID`,`TRA_TYPE_CD`) values (18,'SubmitAttachedDocument_INACTIVE','ec:services:wsdl:AttachedDocument-0.1_INACTIVE','SubmitAttachedDocumentRequest_INACTIVE','SubmitAttachedDocumentResponse','0.1',null,9,4,4,null);
Insert into `ETR_TB_TRANSACTION` (`TRA_ID`,`TRA_NAME`,`TRA_NAMESPACE`,`TRA_REQ_LOCAL_NAME`,`TRA_RES_LOCAL_NAME`,`TRA_VERSION`,`TRA_CIA_ID`,`TRA_DOC_ID`,`TRA_REC_ROL_ID`,`TRA_SEN_ROL_ID`,`TRA_TYPE_CD`) values (29,'SubmitAttachedDocumentSup_INACTIVE','ec:services:wsdl:AttachedDocumentSup-0.1_INACTIVE','SubmitAttachedDocumentRequest_INACTIVE','SubmitAttachedDocumentResponse','0.1',null,9,4,4,null);
Insert into `ETR_TB_TRANSACTION` (`TRA_ID`,`TRA_NAME`,`TRA_NAMESPACE`,`TRA_REQ_LOCAL_NAME`,`TRA_RES_LOCAL_NAME`,`TRA_VERSION`,`TRA_CIA_ID`,`TRA_DOC_ID`,`TRA_REC_ROL_ID`,`TRA_SEN_ROL_ID`,`TRA_TYPE_CD`) values (30,'SubmitQueryRequest_INACTIVE','ec:services:wsdl:QueryRequest-0.1_INACTIVE','SubmitQueryRequestRequest_INACTIVE','SubmitQueryRequestResponse','0.1',null,27,4,4,null);
Insert into `ETR_TB_TRANSACTION` (`TRA_ID`,`TRA_NAME`,`TRA_NAMESPACE`,`TRA_REQ_LOCAL_NAME`,`TRA_RES_LOCAL_NAME`,`TRA_VERSION`,`TRA_CIA_ID`,`TRA_DOC_ID`,`TRA_REC_ROL_ID`,`TRA_SEN_ROL_ID`,`TRA_TYPE_CD`) values (21,'SubmitRetrieveRequest_INACTIVE','ec:services:wsdl:RetrieveRequest-0.1_INACTIVE','SubmitRetrieveRequestRequest_INACTIVE','SubmitRetrieveRequestResponse','0.1',null,19,4,4,null);
Insert into `ETR_TB_TRANSACTION` (`TRA_ID`,`TRA_NAME`,`TRA_NAMESPACE`,`TRA_REQ_LOCAL_NAME`,`TRA_RES_LOCAL_NAME`,`TRA_VERSION`,`TRA_CIA_ID`,`TRA_DOC_ID`,`TRA_REC_ROL_ID`,`TRA_SEN_ROL_ID`,`TRA_TYPE_CD`) values (26,'SubmitQueryRequest_INACTIVE','ec:services:wsdl:QueryRequest-0.2_INACTIVE','SubmitQueryRequestRequest_INACTIVE','SubmitQueryRequestResponse','0.2',null,24,4,4,null);
Insert into `ETR_TB_TRANSACTION` (`TRA_ID`,`TRA_NAME`,`TRA_NAMESPACE`,`TRA_REQ_LOCAL_NAME`,`TRA_RES_LOCAL_NAME`,`TRA_VERSION`,`TRA_CIA_ID`,`TRA_DOC_ID`,`TRA_REC_ROL_ID`,`TRA_SEN_ROL_ID`,`TRA_TYPE_CD`) values (27,'SubmitViewRequest_INACTIVE','ec:services:wsdl:ViewRequest-0.2_INACTIVE','SubmitViewRequestRequest_INACTIVE','SubmitViewRequestResponse','0.2',null,25,4,4,null);
Insert into `ETR_TB_TRANSACTION` (`TRA_ID`,`TRA_NAME`,`TRA_NAMESPACE`,`TRA_REQ_LOCAL_NAME`,`TRA_RES_LOCAL_NAME`,`TRA_VERSION`,`TRA_CIA_ID`,`TRA_DOC_ID`,`TRA_REC_ROL_ID`,`TRA_SEN_ROL_ID`,`TRA_TYPE_CD`) values (75,'SubmitEventNotification','ec:services:wsdl:EventNotification-1','SubmitEventNotificationRequest','SubmitEventNotificationResponse','1.0',null,75,12,11,null);
Insert into `ETR_TB_TRANSACTION` (`TRA_ID`,`TRA_NAME`,`TRA_NAMESPACE`,`TRA_REQ_LOCAL_NAME`,`TRA_RES_LOCAL_NAME`,`TRA_VERSION`,`TRA_CIA_ID`,`TRA_DOC_ID`,`TRA_REC_ROL_ID`,`TRA_SEN_ROL_ID`,`TRA_TYPE_CD`) values (15,'SubmitDocumentBundleJustice','ec:services:wsdl:DocumentBundleJustice-2','SubmitDocumentBundleRequest','SubmitDocumentBundleResponse','2.0',null,13,4,4,null);
Insert into `ETR_TB_TRANSACTION` (`TRA_ID`,`TRA_NAME`,`TRA_NAMESPACE`,`TRA_REQ_LOCAL_NAME`,`TRA_RES_LOCAL_NAME`,`TRA_VERSION`,`TRA_CIA_ID`,`TRA_DOC_ID`,`TRA_REC_ROL_ID`,`TRA_SEN_ROL_ID`,`TRA_TYPE_CD`) values (16,'SubmitQueryRequestJustice','ec:services:wsdl:QueryRequestJustice-2','SubmitQueryRequestRequest','SubmitQueryRequestResponse','2.0',null,14,4,4,null);
Insert into `ETR_TB_TRANSACTION` (`TRA_ID`,`TRA_NAME`,`TRA_NAMESPACE`,`TRA_REQ_LOCAL_NAME`,`TRA_RES_LOCAL_NAME`,`TRA_VERSION`,`TRA_CIA_ID`,`TRA_DOC_ID`,`TRA_REC_ROL_ID`,`TRA_SEN_ROL_ID`,`TRA_TYPE_CD`) values (22,'SubmitTendererQualificationResponse','ec:services:wsdl:TendererQualificationResponse-2','SubmitTendererQualificationResponseRequest','SubmitTendererQualificationResponseResponse','2.0',null,20,8,7,null);
Insert into `ETR_TB_TRANSACTION` (`TRA_ID`,`TRA_NAME`,`TRA_NAMESPACE`,`TRA_REQ_LOCAL_NAME`,`TRA_RES_LOCAL_NAME`,`TRA_VERSION`,`TRA_CIA_ID`,`TRA_DOC_ID`,`TRA_REC_ROL_ID`,`TRA_SEN_ROL_ID`,`TRA_TYPE_CD`) values (28,'SubmitInboxRequest_INACTIVE','ec:services:wsdl:InboxRequest-0.1_INACTIVE','SubmitInboxRequestRequest_INACTIVE','SubmitInboxRequestResponse','0.1',null,23,2,1,null);
Insert into `ETR_TB_TRANSACTION` (`TRA_ID`,`TRA_NAME`,`TRA_NAMESPACE`,`TRA_REQ_LOCAL_NAME`,`TRA_RES_LOCAL_NAME`,`TRA_VERSION`,`TRA_CIA_ID`,`TRA_DOC_ID`,`TRA_REC_ROL_ID`,`TRA_SEN_ROL_ID`,`TRA_TYPE_CD`) values (46,'SubmitCatalogue','ec:services:wsdl:Catalogue-2','SubmitCatalogueRequest','SubmitCatalogueResponse','2.0',null,29,2,1,null);
Insert into `ETR_TB_TRANSACTION` (`TRA_ID`,`TRA_NAME`,`TRA_NAMESPACE`,`TRA_REQ_LOCAL_NAME`,`TRA_RES_LOCAL_NAME`,`TRA_VERSION`,`TRA_CIA_ID`,`TRA_DOC_ID`,`TRA_REC_ROL_ID`,`TRA_SEN_ROL_ID`,`TRA_TYPE_CD`) values (47,'SubmitViewRequest','ec:services:wsdl:ViewRequest-2','SubmitViewRequestRequest','SubmitViewRequestResponse','2.0',null,30,4,4,null);
Insert into `ETR_TB_TRANSACTION` (`TRA_ID`,`TRA_NAME`,`TRA_NAMESPACE`,`TRA_REQ_LOCAL_NAME`,`TRA_RES_LOCAL_NAME`,`TRA_VERSION`,`TRA_CIA_ID`,`TRA_DOC_ID`,`TRA_REC_ROL_ID`,`TRA_SEN_ROL_ID`,`TRA_TYPE_CD`) values (50,'SubmitWillingness','ec:services:wsdl:Willingness-2','SubmitWillingnessRequest','SubmitWillingnessResponse','2.0',null,50,2,1,null);
Insert into `ETR_TB_TRANSACTION` (`TRA_ID`,`TRA_NAME`,`TRA_NAMESPACE`,`TRA_REQ_LOCAL_NAME`,`TRA_RES_LOCAL_NAME`,`TRA_VERSION`,`TRA_CIA_ID`,`TRA_DOC_ID`,`TRA_REC_ROL_ID`,`TRA_SEN_ROL_ID`,`TRA_TYPE_CD`) values (51,'SubmitAcknowledgement','ec:services:wsdl:Acknowledgement-2','SubmitAcknowledgementRequest','SubmitAcknowledgementResponse','2.0',null,51,2,1,null);
Insert into `ETR_TB_TRANSACTION` (`TRA_ID`,`TRA_NAME`,`TRA_NAMESPACE`,`TRA_REQ_LOCAL_NAME`,`TRA_RES_LOCAL_NAME`,`TRA_VERSION`,`TRA_CIA_ID`,`TRA_DOC_ID`,`TRA_REC_ROL_ID`,`TRA_SEN_ROL_ID`,`TRA_TYPE_CD`) values (52,'SubmitProposal','ec:services:wsdl:Proposal-2','SubmitProposalRequest','SubmitProposalResponse','2.0',null,52,2,1,null);
Insert into `ETR_TB_TRANSACTION` (`TRA_ID`,`TRA_NAME`,`TRA_NAMESPACE`,`TRA_REQ_LOCAL_NAME`,`TRA_RES_LOCAL_NAME`,`TRA_VERSION`,`TRA_CIA_ID`,`TRA_DOC_ID`,`TRA_REC_ROL_ID`,`TRA_SEN_ROL_ID`,`TRA_TYPE_CD`) values (53,'SubmitQuotation','ec:services:wsdl:Quotation-2','SubmitQuotationRequest','SubmitQuotationResponse','2.0',null,53,2,1,null);
Insert into `ETR_TB_TRANSACTION` (`TRA_ID`,`TRA_NAME`,`TRA_NAMESPACE`,`TRA_REQ_LOCAL_NAME`,`TRA_RES_LOCAL_NAME`,`TRA_VERSION`,`TRA_CIA_ID`,`TRA_DOC_ID`,`TRA_REC_ROL_ID`,`TRA_SEN_ROL_ID`,`TRA_TYPE_CD`) values (54,'SubmitQuotationRequest','ec:services:wsdl:QuotationRequest-2','SubmitQuotationRequestRequest','SubmitQuotationRequestResponse','2.0',null,54,1,2,null);
Insert into `ETR_TB_TRANSACTION` (`TRA_ID`,`TRA_NAME`,`TRA_NAMESPACE`,`TRA_REQ_LOCAL_NAME`,`TRA_RES_LOCAL_NAME`,`TRA_VERSION`,`TRA_CIA_ID`,`TRA_DOC_ID`,`TRA_REC_ROL_ID`,`TRA_SEN_ROL_ID`,`TRA_TYPE_CD`) values (55,'SubmitRequestForQuotation','ec:services:wsdl:RequestForQuotation-2','SubmitRequestForQuotationRequest','SubmitRequestForQuotationResponse','2.0',null,55,1,2,null);
Insert into `ETR_TB_TRANSACTION` (`TRA_ID`,`TRA_NAME`,`TRA_NAMESPACE`,`TRA_REQ_LOCAL_NAME`,`TRA_RES_LOCAL_NAME`,`TRA_VERSION`,`TRA_CIA_ID`,`TRA_DOC_ID`,`TRA_REC_ROL_ID`,`TRA_SEN_ROL_ID`,`TRA_TYPE_CD`) values (56,'SubmitReminderRequest','ec:services:wsdl:Reminder-2','SubmitReminderRequest','SubmitReminderResponse','2.0',null,56,2,1,null);
Insert into `ETR_TB_TRANSACTION` (`TRA_ID`,`TRA_NAME`,`TRA_NAMESPACE`,`TRA_REQ_LOCAL_NAME`,`TRA_RES_LOCAL_NAME`,`TRA_VERSION`,`TRA_CIA_ID`,`TRA_DOC_ID`,`TRA_REC_ROL_ID`,`TRA_SEN_ROL_ID`,`TRA_TYPE_CD`) values (57,'SubmitOrderResponseSimple','ec:services:wsdl:OrderResponseSimple-2','SubmitOrderResponseSimpleRequest','SubmitOrderResponseSimpleResponse','2.0',null,57,2,1,null);
Insert into `ETR_TB_TRANSACTION` (`TRA_ID`,`TRA_NAME`,`TRA_NAMESPACE`,`TRA_REQ_LOCAL_NAME`,`TRA_RES_LOCAL_NAME`,`TRA_VERSION`,`TRA_CIA_ID`,`TRA_DOC_ID`,`TRA_REC_ROL_ID`,`TRA_SEN_ROL_ID`,`TRA_TYPE_CD`) values (58,'SubmitOrderAcknowledgement','ec:services:wsdl:OrderAcknowledgement-2','SubmitOrderAcknowledgementRequest','SubmitOrderAcknowledgementResponse','2.0',null,57,1,2,'320');
Insert into `ETR_TB_TRANSACTION` (`TRA_ID`,`TRA_NAME`,`TRA_NAMESPACE`,`TRA_REQ_LOCAL_NAME`,`TRA_RES_LOCAL_NAME`,`TRA_VERSION`,`TRA_CIA_ID`,`TRA_DOC_ID`,`TRA_REC_ROL_ID`,`TRA_SEN_ROL_ID`,`TRA_TYPE_CD`) values (59,'SubmitOrderChange','ec:services:wsdl:OrderChange-2','SubmitOrderChangeRequest','SubmitOrderChangeResponse','2.0',null,59,2,1,null);
Insert into `ETR_TB_TRANSACTION` (`TRA_ID`,`TRA_NAME`,`TRA_NAMESPACE`,`TRA_REQ_LOCAL_NAME`,`TRA_RES_LOCAL_NAME`,`TRA_VERSION`,`TRA_CIA_ID`,`TRA_DOC_ID`,`TRA_REC_ROL_ID`,`TRA_SEN_ROL_ID`,`TRA_TYPE_CD`) values (60,'SubmitOrderCancellation','ec:services:wsdl:OrderCancellation-2','SubmitOrderCancellationRequest','SubmitOrderCancellationResponse','2.0',null,60,1,2,null);
Insert into `ETR_TB_TRANSACTION` (`TRA_ID`,`TRA_NAME`,`TRA_NAMESPACE`,`TRA_REQ_LOCAL_NAME`,`TRA_RES_LOCAL_NAME`,`TRA_VERSION`,`TRA_CIA_ID`,`TRA_DOC_ID`,`TRA_REC_ROL_ID`,`TRA_SEN_ROL_ID`,`TRA_TYPE_CD`) values (61,'SubmitAdhocS2C','ec:services:wsdl:AdhocS2C-2','SubmitAdhocS2CRequest','SubmitAdhocS2CResponse','2.0',null,61,2,1,null);
Insert into `ETR_TB_TRANSACTION` (`TRA_ID`,`TRA_NAME`,`TRA_NAMESPACE`,`TRA_REQ_LOCAL_NAME`,`TRA_RES_LOCAL_NAME`,`TRA_VERSION`,`TRA_CIA_ID`,`TRA_DOC_ID`,`TRA_REC_ROL_ID`,`TRA_SEN_ROL_ID`,`TRA_TYPE_CD`) values (62,'SubmitProposalRequest','ec:services:wsdl:ProposalRequest-2','SubmitProposalRequestRequest','SubmitProposalRequestResponse','2.0',null,62,1,2,null);
Insert into `ETR_TB_TRANSACTION` (`TRA_ID`,`TRA_NAME`,`TRA_NAMESPACE`,`TRA_REQ_LOCAL_NAME`,`TRA_RES_LOCAL_NAME`,`TRA_VERSION`,`TRA_CIA_ID`,`TRA_DOC_ID`,`TRA_REC_ROL_ID`,`TRA_SEN_ROL_ID`,`TRA_TYPE_CD`) values (63,'SubmitDownloadOrganizationUsersRequest','ec:services:wsdl:DownloadOrganizationUsersRequest-2','SubmitDownloadOrganizationUsersRequestRequest','SubmitDownloadOrganizationUsersRequestResponse','2.0',null,63,9,9,null);
Insert into `ETR_TB_TRANSACTION` (`TRA_ID`,`TRA_NAME`,`TRA_NAMESPACE`,`TRA_REQ_LOCAL_NAME`,`TRA_RES_LOCAL_NAME`,`TRA_VERSION`,`TRA_CIA_ID`,`TRA_DOC_ID`,`TRA_REC_ROL_ID`,`TRA_SEN_ROL_ID`,`TRA_TYPE_CD`) values (64,'SubmitDownloadOrganizationUsersResponse','ec:services:wsdl:DownloadOrganizationUsersResponse-2','SubmitDownloadOrganizationUsersResponseRequest','SubmitDownloadOrganizationUsersResponseResponse','2.0',null,64,9,9,null);
Insert into `ETR_TB_TRANSACTION` (`TRA_ID`,`TRA_NAME`,`TRA_NAMESPACE`,`TRA_REQ_LOCAL_NAME`,`TRA_RES_LOCAL_NAME`,`TRA_VERSION`,`TRA_CIA_ID`,`TRA_DOC_ID`,`TRA_REC_ROL_ID`,`TRA_SEN_ROL_ID`,`TRA_TYPE_CD`) values (65,'SubmitDownloadTrackingFilesRequest','ec:services:wsdl:DownloadTrackingFilesRequest-2','SubmitDownloadTrackingFilesRequestRequest','SubmitDownloadTrackingFilesRequestResponse','2.0',null,65,9,9,null);
Insert into `ETR_TB_TRANSACTION` (`TRA_ID`,`TRA_NAME`,`TRA_NAMESPACE`,`TRA_REQ_LOCAL_NAME`,`TRA_RES_LOCAL_NAME`,`TRA_VERSION`,`TRA_CIA_ID`,`TRA_DOC_ID`,`TRA_REC_ROL_ID`,`TRA_SEN_ROL_ID`,`TRA_TYPE_CD`) values (66,'SubmitDownloadTrackingFilesResponse','ec:services:wsdl:DownloadTrackingFilesResponse-2','SubmitDownloadTrackingFilesResponseRequest','SubmitDownloadTrackingFilesResponseResponse','2.0',null,66,9,9,null);
Insert into `ETR_TB_TRANSACTION` (`TRA_ID`,`TRA_NAME`,`TRA_NAMESPACE`,`TRA_REQ_LOCAL_NAME`,`TRA_RES_LOCAL_NAME`,`TRA_VERSION`,`TRA_CIA_ID`,`TRA_DOC_ID`,`TRA_REC_ROL_ID`,`TRA_SEN_ROL_ID`,`TRA_TYPE_CD`) values (67,'SubmitUpdateTrackingFilesStepRequest','ec:services:wsdl:UpdateTrackingFilesStepRequest-2','SubmitUpdateTrackingFilesStepRequestRequest','SubmitUpdateTrackingFilesStepRequestResponse','2.0',null,67,9,9,null);
Insert into `ETR_TB_TRANSACTION` (`TRA_ID`,`TRA_NAME`,`TRA_NAMESPACE`,`TRA_REQ_LOCAL_NAME`,`TRA_RES_LOCAL_NAME`,`TRA_VERSION`,`TRA_CIA_ID`,`TRA_DOC_ID`,`TRA_REC_ROL_ID`,`TRA_SEN_ROL_ID`,`TRA_TYPE_CD`) values (68,'SubmitUpdateTrackingFilesStepResponse','ec:services:wsdl:UpdateTrackingFilesStepResponse-2','SubmitUpdateTrackingFilesStepResponseRequest','SubmitUpdateTrackingFilesStepResponseResponse','2.0',null,68,9,9,null);
Insert into `ETR_TB_TRANSACTION` (`TRA_ID`,`TRA_NAME`,`TRA_NAMESPACE`,`TRA_REQ_LOCAL_NAME`,`TRA_RES_LOCAL_NAME`,`TRA_VERSION`,`TRA_CIA_ID`,`TRA_DOC_ID`,`TRA_REC_ROL_ID`,`TRA_SEN_ROL_ID`,`TRA_TYPE_CD`) values (69,'SubmitUploadTrackingFilesRequest','ec:services:wsdl:UploadTrackingFilesRequest-2','SubmitUploadTrackingFilesRequestRequest','SubmitUploadTrackingFilesRequestResponse','2.0',null,69,9,9,null);
Insert into `ETR_TB_TRANSACTION` (`TRA_ID`,`TRA_NAME`,`TRA_NAMESPACE`,`TRA_REQ_LOCAL_NAME`,`TRA_RES_LOCAL_NAME`,`TRA_VERSION`,`TRA_CIA_ID`,`TRA_DOC_ID`,`TRA_REC_ROL_ID`,`TRA_SEN_ROL_ID`,`TRA_TYPE_CD`) values (70,'SubmitUploadTrackingFilesResponse','ec:services:wsdl:UploadTrackingFilesResponse-2','SubmitUploadTrackingFilesResponseRequest','SubmitUploadTrackingFilesResponseResponse','2.0',null,70,9,9,null);
Insert into `ETR_TB_TRANSACTION` (`TRA_ID`,`TRA_NAME`,`TRA_NAMESPACE`,`TRA_REQ_LOCAL_NAME`,`TRA_RES_LOCAL_NAME`,`TRA_VERSION`,`TRA_CIA_ID`,`TRA_DOC_ID`,`TRA_REC_ROL_ID`,`TRA_SEN_ROL_ID`,`TRA_TYPE_CD`) values (1,'SubmitInvoice_INACTIVE','ec:services:wsdl:Invoice-0.1_INACTIVE','SubmitInvoiceRequest_INACTIVE','SubmitInvoiceResponse','0.1',null,1,2,1,null);
Insert into `ETR_TB_TRANSACTION` (`TRA_ID`,`TRA_NAME`,`TRA_NAMESPACE`,`TRA_REQ_LOCAL_NAME`,`TRA_RES_LOCAL_NAME`,`TRA_VERSION`,`TRA_CIA_ID`,`TRA_DOC_ID`,`TRA_REC_ROL_ID`,`TRA_SEN_ROL_ID`,`TRA_TYPE_CD`) values (2,'SubmitCreditNote_INACTIVE','ec:services:wsdl:CreditNote-0.1_INACTIVE','SubmitCreditNoteRequest_INACTIVE','SubmitCreditNoteResponse','0.1',null,2,2,1,null);
Insert into `ETR_TB_TRANSACTION` (`TRA_ID`,`TRA_NAME`,`TRA_NAMESPACE`,`TRA_REQ_LOCAL_NAME`,`TRA_RES_LOCAL_NAME`,`TRA_VERSION`,`TRA_CIA_ID`,`TRA_DOC_ID`,`TRA_REC_ROL_ID`,`TRA_SEN_ROL_ID`,`TRA_TYPE_CD`) values (3,'SubmitApplicationResponse','ec:services:wsdl:ApplicationResponse-2','SubmitApplicationResponseRequest','SubmitApplicationResponseResponse','2.0',null,3,4,4,null);
Insert into `ETR_TB_TRANSACTION` (`TRA_ID`,`TRA_NAME`,`TRA_NAMESPACE`,`TRA_REQ_LOCAL_NAME`,`TRA_RES_LOCAL_NAME`,`TRA_VERSION`,`TRA_CIA_ID`,`TRA_DOC_ID`,`TRA_REC_ROL_ID`,`TRA_SEN_ROL_ID`,`TRA_TYPE_CD`) values (4,'SubmitInboxRequest','ec:services:wsdl:InboxRequest-2','SubmitInboxRequestRequest','SubmitInboxRequestResponse','2.0',null,4,4,4,null);
Insert into `ETR_TB_TRANSACTION` (`TRA_ID`,`TRA_NAME`,`TRA_NAMESPACE`,`TRA_REQ_LOCAL_NAME`,`TRA_RES_LOCAL_NAME`,`TRA_VERSION`,`TRA_CIA_ID`,`TRA_DOC_ID`,`TRA_REC_ROL_ID`,`TRA_SEN_ROL_ID`,`TRA_TYPE_CD`) values (5,'StoreDocumentWrapper','ec:services:wsdl:DocumentWrapper-2','StoreDocumentWrapperRequest','StoreDocumentWrapperResponse','2.0',2,5,4,4,null);
Insert into `ETR_TB_TRANSACTION` (`TRA_ID`,`TRA_NAME`,`TRA_NAMESPACE`,`TRA_REQ_LOCAL_NAME`,`TRA_RES_LOCAL_NAME`,`TRA_VERSION`,`TRA_CIA_ID`,`TRA_DOC_ID`,`TRA_REC_ROL_ID`,`TRA_SEN_ROL_ID`,`TRA_TYPE_CD`) values (8,'SubmitDocumentBundle','ec:services:wsdl:DocumentBundle-2','SubmitDocumentBundleRequest','SubmitDocumentBundleResponse','2.0',null,7,6,6,null);
Insert into `ETR_TB_TRANSACTION` (`TRA_ID`,`TRA_NAME`,`TRA_NAMESPACE`,`TRA_REQ_LOCAL_NAME`,`TRA_RES_LOCAL_NAME`,`TRA_VERSION`,`TRA_CIA_ID`,`TRA_DOC_ID`,`TRA_REC_ROL_ID`,`TRA_SEN_ROL_ID`,`TRA_TYPE_CD`) values (9,'SubmitRetrieveRequest','ec:services:wsdl:RetrieveRequest-2','SubmitRetrieveRequestRequest','SubmitRetrieveRequestResponse','2.0',null,8,4,4,null);
Insert into `ETR_TB_TRANSACTION` (`TRA_ID`,`TRA_NAME`,`TRA_NAMESPACE`,`TRA_REQ_LOCAL_NAME`,`TRA_RES_LOCAL_NAME`,`TRA_VERSION`,`TRA_CIA_ID`,`TRA_DOC_ID`,`TRA_REC_ROL_ID`,`TRA_SEN_ROL_ID`,`TRA_TYPE_CD`) values (10,'SubmitAttachedDocument','ec:services:wsdl:AttachedDocument-2','SubmitAttachedDocumentRequest','SubmitAttachedDocumentResponse','2.0',null,9,4,4,null);
Insert into `ETR_TB_TRANSACTION` (`TRA_ID`,`TRA_NAME`,`TRA_NAMESPACE`,`TRA_REQ_LOCAL_NAME`,`TRA_RES_LOCAL_NAME`,`TRA_VERSION`,`TRA_CIA_ID`,`TRA_DOC_ID`,`TRA_REC_ROL_ID`,`TRA_SEN_ROL_ID`,`TRA_TYPE_CD`) values (11,'SubmitStatusRequest','ec:services:wsdl:StatusRequest-2','SubmitStatusRequestRequest','SubmitStatusRequestResponse','2.0',null,10,4,4,null);
Insert into `ETR_TB_TRANSACTION` (`TRA_ID`,`TRA_NAME`,`TRA_NAMESPACE`,`TRA_REQ_LOCAL_NAME`,`TRA_RES_LOCAL_NAME`,`TRA_VERSION`,`TRA_CIA_ID`,`TRA_DOC_ID`,`TRA_REC_ROL_ID`,`TRA_SEN_ROL_ID`,`TRA_TYPE_CD`) values (12,'SubmitQueryRequest','ec:services:wsdl:QueryRequest-2','SubmitQueryRequestRequest','SubmitQueryRequestResponse','2.0',null,11,4,4,null);
Insert into `ETR_TB_TRANSACTION` (`TRA_ID`,`TRA_NAME`,`TRA_NAMESPACE`,`TRA_REQ_LOCAL_NAME`,`TRA_RES_LOCAL_NAME`,`TRA_VERSION`,`TRA_CIA_ID`,`TRA_DOC_ID`,`TRA_REC_ROL_ID`,`TRA_SEN_ROL_ID`,`TRA_TYPE_CD`) values (13,'SubmitDocumentBundle','ec:services:wsdl:DocumentBundle-2.1','SubmitDocumentBundleRequest','SubmitDocumentBundleResponse','2.1',null,7,6,6,null);
Insert into `ETR_TB_TRANSACTION` (`TRA_ID`,`TRA_NAME`,`TRA_NAMESPACE`,`TRA_REQ_LOCAL_NAME`,`TRA_RES_LOCAL_NAME`,`TRA_VERSION`,`TRA_CIA_ID`,`TRA_DOC_ID`,`TRA_REC_ROL_ID`,`TRA_SEN_ROL_ID`,`TRA_TYPE_CD`) values (14,'SubmitRetrieveInterchangeAgreements','ec:services:wsdl:RetrieveInterchangeAgreementsRequest-2','SubmitRetrieveInterchangeAgreementsRequestRequest','SubmitRetrieveInterchangeAgreementsRequestResponse','2.0',null,12,4,4,null);
Insert into `ETR_TB_TRANSACTION` (`TRA_ID`,`TRA_NAME`,`TRA_NAMESPACE`,`TRA_REQ_LOCAL_NAME`,`TRA_RES_LOCAL_NAME`,`TRA_VERSION`,`TRA_CIA_ID`,`TRA_DOC_ID`,`TRA_REC_ROL_ID`,`TRA_SEN_ROL_ID`,`TRA_TYPE_CD`) values (6,'DeleteDocumentWrapperRequest','ec:services:wsdl:DocumentWrapper-2','DeleteDocumentWrapperRequestRequest','DeleteDocumentWrapperRequestResponse','2.0',null,6,4,4,null);
Insert into `ETR_TB_TRANSACTION` (`TRA_ID`,`TRA_NAME`,`TRA_NAMESPACE`,`TRA_REQ_LOCAL_NAME`,`TRA_RES_LOCAL_NAME`,`TRA_VERSION`,`TRA_CIA_ID`,`TRA_DOC_ID`,`TRA_REC_ROL_ID`,`TRA_SEN_ROL_ID`,`TRA_TYPE_CD`) values (7,'RetrieveDocumentWrapperRequest','ec:services:wsdl:DocumentWrapper-2','RetrieveDocumentWrapperRequestRequest','RetrieveDocumentWrapperRequestResponse','2.0',null,6,4,4,null);
Insert into `ETR_TB_TRANSACTION` (`TRA_ID`,`TRA_NAME`,`TRA_NAMESPACE`,`TRA_REQ_LOCAL_NAME`,`TRA_RES_LOCAL_NAME`,`TRA_VERSION`,`TRA_CIA_ID`,`TRA_DOC_ID`,`TRA_REC_ROL_ID`,`TRA_SEN_ROL_ID`,`TRA_TYPE_CD`) values (71,'SubmitDespatchAdvice','ec:services:wsdl:DespatchAdvice-2','SubmitDespatchAdviceRequest','SubmitDespatchAdviceResponse','2.0',null,71,2,1,null);
Insert into `ETR_TB_TRANSACTION` (`TRA_ID`,`TRA_NAME`,`TRA_NAMESPACE`,`TRA_REQ_LOCAL_NAME`,`TRA_RES_LOCAL_NAME`,`TRA_VERSION`,`TRA_CIA_ID`,`TRA_DOC_ID`,`TRA_REC_ROL_ID`,`TRA_SEN_ROL_ID`,`TRA_TYPE_CD`) values (73,'SubmitAdhocC2S','ec:services:wsdl:AdhocC2S-2','SubmitAdhocC2SRequest','SubmitAdhocC2SResponse','2.0',null,73,1,2,null);
Insert into `ETR_TB_TRANSACTION` (`TRA_ID`,`TRA_NAME`,`TRA_NAMESPACE`,`TRA_REQ_LOCAL_NAME`,`TRA_RES_LOCAL_NAME`,`TRA_VERSION`,`TRA_CIA_ID`,`TRA_DOC_ID`,`TRA_REC_ROL_ID`,`TRA_SEN_ROL_ID`,`TRA_TYPE_CD`) values (72,'SubmitReceiptAdvice','ec:services:wsdl:ReceiptAdvice-2','SubmitReceiptAdviceRequest','SubmitReceiptAdviceResponse','2.0',null,72,1,2,null);
Insert into `ETR_TB_TRANSACTION` (`TRA_ID`,`TRA_NAME`,`TRA_NAMESPACE`,`TRA_REQ_LOCAL_NAME`,`TRA_RES_LOCAL_NAME`,`TRA_VERSION`,`TRA_CIA_ID`,`TRA_DOC_ID`,`TRA_REC_ROL_ID`,`TRA_SEN_ROL_ID`,`TRA_TYPE_CD`) values (80,'CreateParty','ec:services:wsdl:CreateParty-2_1','CreatePartyRequest','CreatePartyResponse','2.1',null,84,3,13,null);
Insert into `ETR_TB_TRANSACTION` (`TRA_ID`,`TRA_NAME`,`TRA_NAMESPACE`,`TRA_REQ_LOCAL_NAME`,`TRA_RES_LOCAL_NAME`,`TRA_VERSION`,`TRA_CIA_ID`,`TRA_DOC_ID`,`TRA_REC_ROL_ID`,`TRA_SEN_ROL_ID`,`TRA_TYPE_CD`) values (81,'CreateInterchangeAgreement','ec:services:wsdl:CreateInterchangeAgreement-2_1','CreateInterchangeAgreementRequest','CreateInterchangeAgreementResponse','2.1',null,22,3,13,null);
Insert into `ETR_TB_TRANSACTION` (`TRA_ID`,`TRA_NAME`,`TRA_NAMESPACE`,`TRA_REQ_LOCAL_NAME`,`TRA_RES_LOCAL_NAME`,`TRA_VERSION`,`TRA_CIA_ID`,`TRA_DOC_ID`,`TRA_REC_ROL_ID`,`TRA_SEN_ROL_ID`,`TRA_TYPE_CD`) values (110,'SubmitViewRequest_INACTIVE','ec:services:wsdl:ViewRequest-3_INACTIVE','SubmitViewRequestRequest_INACTIVE','SubmitViewRequestResponse','3.0',null,110,4,4,null);
Insert into `ETR_TB_TRANSACTION` (`TRA_ID`,`TRA_NAME`,`TRA_NAMESPACE`,`TRA_REQ_LOCAL_NAME`,`TRA_RES_LOCAL_NAME`,`TRA_VERSION`,`TRA_CIA_ID`,`TRA_DOC_ID`,`TRA_REC_ROL_ID`,`TRA_SEN_ROL_ID`,`TRA_TYPE_CD`) values (111,'SubmitRetrieveRequest_INACTIVE','ec:services:wsdl:RetrieveRequest-3_INACTIVE','SubmitRetrieveRequestRequest_INACTIVE','SubmitRetrieveRequestResponse','3.0',null,111,4,4,null);
Insert into `ETR_TB_TRANSACTION` (`TRA_ID`,`TRA_NAME`,`TRA_NAMESPACE`,`TRA_REQ_LOCAL_NAME`,`TRA_RES_LOCAL_NAME`,`TRA_VERSION`,`TRA_CIA_ID`,`TRA_DOC_ID`,`TRA_REC_ROL_ID`,`TRA_SEN_ROL_ID`,`TRA_TYPE_CD`) values (112,'SubmitRetrieveInterchangeAgreements_INACTIVE','ec:services:wsdl:RetrieveInterchangeAgreementsRequest-3_INACTIVE','SubmitRetrieveInterchangeAgreementsRequestRequest_INACTIVE','SubmitRetrieveInterchangeAgreementsRequestResponse','3.0',null,112,4,4,null);
Insert into `ETR_TB_TRANSACTION` (`TRA_ID`,`TRA_NAME`,`TRA_NAMESPACE`,`TRA_REQ_LOCAL_NAME`,`TRA_RES_LOCAL_NAME`,`TRA_VERSION`,`TRA_CIA_ID`,`TRA_DOC_ID`,`TRA_REC_ROL_ID`,`TRA_SEN_ROL_ID`,`TRA_TYPE_CD`) values (86,'SubmitCallForTenders','ec:services:wsdl:CallForTenders-2.1','SubmitCallForTendersRequest','SubmitCallForTendersResponse','2.1',null,119,4,7,null);
Insert into `ETR_TB_TRANSACTION` (`TRA_ID`,`TRA_NAME`,`TRA_NAMESPACE`,`TRA_REQ_LOCAL_NAME`,`TRA_RES_LOCAL_NAME`,`TRA_VERSION`,`TRA_CIA_ID`,`TRA_DOC_ID`,`TRA_REC_ROL_ID`,`TRA_SEN_ROL_ID`,`TRA_TYPE_CD`) values (101,'SubmitArchiveDocumentRequest_INACTIVE','ec:services:wsdl:ArchiveDocumentRequest-1_INACTIVE','SubmitArchiveDocumentRequestRequest_INACTIVE','SubmitArchiveDocumentRequestResponse','1.0',null,101,4,4,null);
Insert into `ETR_TB_TRANSACTION` (`TRA_ID`,`TRA_NAME`,`TRA_NAMESPACE`,`TRA_REQ_LOCAL_NAME`,`TRA_RES_LOCAL_NAME`,`TRA_VERSION`,`TRA_CIA_ID`,`TRA_DOC_ID`,`TRA_REC_ROL_ID`,`TRA_SEN_ROL_ID`,`TRA_TYPE_CD`) values (102,'SubmitArchiveDocumentResponse_INACTIVE','ec:services:wsdl:ArchiveDocumentResponse-1_INACTIVE','SubmitArchiveDocumentResponseRequest_INACTIVE','SubmitArchiveDocumentResponseResponse','1.0',null,102,4,4,null);
Insert into `ETR_TB_TRANSACTION` (`TRA_ID`,`TRA_NAME`,`TRA_NAMESPACE`,`TRA_REQ_LOCAL_NAME`,`TRA_RES_LOCAL_NAME`,`TRA_VERSION`,`TRA_CIA_ID`,`TRA_DOC_ID`,`TRA_REC_ROL_ID`,`TRA_SEN_ROL_ID`,`TRA_TYPE_CD`) values (108,'DeleteDocument_INACTIVE','ec:services:wsdl:Document-3_INACTIVE','DeleteDocumentRequest_INACTIVE','DeleteDocumentResponse','3.0',null,108,4,4,null);
Insert into `ETR_TB_TRANSACTION` (`TRA_ID`,`TRA_NAME`,`TRA_NAMESPACE`,`TRA_REQ_LOCAL_NAME`,`TRA_RES_LOCAL_NAME`,`TRA_VERSION`,`TRA_CIA_ID`,`TRA_DOC_ID`,`TRA_REC_ROL_ID`,`TRA_SEN_ROL_ID`,`TRA_TYPE_CD`) values (109,'SubmitStatusRequest_INACTIVE','ec:services:wsdl:StatusRequest-3_INACTIVE','SubmitStatusRequestRequest_INACTIVE','SubmitStatusRequestResponse','3.0',null,109,4,4,null);
Insert into `ETR_TB_TRANSACTION` (`TRA_ID`,`TRA_NAME`,`TRA_NAMESPACE`,`TRA_REQ_LOCAL_NAME`,`TRA_RES_LOCAL_NAME`,`TRA_VERSION`,`TRA_CIA_ID`,`TRA_DOC_ID`,`TRA_REC_ROL_ID`,`TRA_SEN_ROL_ID`,`TRA_TYPE_CD`) values (113,'SubmitApplicationResponse_INACTIVE','ec:services:wsdl:ApplicationResponse-3_INACTIVE','SubmitApplicationResponseRequest_INACTIVE','SubmitApplicationResponseResponse','3.0',null,113,4,4,null);
Insert into `ETR_TB_TRANSACTION` (`TRA_ID`,`TRA_NAME`,`TRA_NAMESPACE`,`TRA_REQ_LOCAL_NAME`,`TRA_RES_LOCAL_NAME`,`TRA_VERSION`,`TRA_CIA_ID`,`TRA_DOC_ID`,`TRA_REC_ROL_ID`,`TRA_SEN_ROL_ID`,`TRA_TYPE_CD`) values (114,'SubmitQueryRequest_INACTIVE','ec:services:wsdl:QueryRequest-3_INACTIVE','SubmitQueryRequestRequest_INACTIVE','SubmitQueryRequestResponse','3.0',null,114,4,4,null);
Insert into `ETR_TB_TRANSACTION` (`TRA_ID`,`TRA_NAME`,`TRA_NAMESPACE`,`TRA_REQ_LOCAL_NAME`,`TRA_RES_LOCAL_NAME`,`TRA_VERSION`,`TRA_CIA_ID`,`TRA_DOC_ID`,`TRA_REC_ROL_ID`,`TRA_SEN_ROL_ID`,`TRA_TYPE_CD`) values (115,'SubmitInboxRequest_INACTIVE','ec:services:wsdl:InboxRequest-3_INACTIVE','SubmitInboxRequestRequest_INACTIVE','SubmitInboxRequestResponse','3.0',null,115,4,4,null);
Insert into `ETR_TB_TRANSACTION` (`TRA_ID`,`TRA_NAME`,`TRA_NAMESPACE`,`TRA_REQ_LOCAL_NAME`,`TRA_RES_LOCAL_NAME`,`TRA_VERSION`,`TRA_CIA_ID`,`TRA_DOC_ID`,`TRA_REC_ROL_ID`,`TRA_SEN_ROL_ID`,`TRA_TYPE_CD`) values (116,'SubmitAttachedDocument_INACTIVE','ec:services:wsdl:AttachedDocument-3_INACTIVE','SubmitAttachedDocumentRequest_INACTIVE','SubmitAttachedDocumentResponse','3.0',null,116,4,4,null);
Insert into `ETR_TB_TRANSACTION` (`TRA_ID`,`TRA_NAME`,`TRA_NAMESPACE`,`TRA_REQ_LOCAL_NAME`,`TRA_RES_LOCAL_NAME`,`TRA_VERSION`,`TRA_CIA_ID`,`TRA_DOC_ID`,`TRA_REC_ROL_ID`,`TRA_SEN_ROL_ID`,`TRA_TYPE_CD`) values (117,'SubmitInvoice','ec:services:wsdl:Invoice-2.1','SubmitInvoiceRequest','SubmitInvoiceResponse','2.1',null,117,2,1,null);
Insert into `ETR_TB_TRANSACTION` (`TRA_ID`,`TRA_NAME`,`TRA_NAMESPACE`,`TRA_REQ_LOCAL_NAME`,`TRA_RES_LOCAL_NAME`,`TRA_VERSION`,`TRA_CIA_ID`,`TRA_DOC_ID`,`TRA_REC_ROL_ID`,`TRA_SEN_ROL_ID`,`TRA_TYPE_CD`) values (87,'SubmitAdditionalInformation','ec:services:wsdl:AdditionalInformation-2','SubmitAdditionalInformationRequest','SubmitAdditionalInformationResponse','2.0',null,78,8,7,'AIN');
Insert into `ETR_TB_TRANSACTION` (`TRA_ID`,`TRA_NAME`,`TRA_NAMESPACE`,`TRA_REQ_LOCAL_NAME`,`TRA_RES_LOCAL_NAME`,`TRA_VERSION`,`TRA_CIA_ID`,`TRA_DOC_ID`,`TRA_REC_ROL_ID`,`TRA_SEN_ROL_ID`,`TRA_TYPE_CD`) values (118,'SubmitCreditNote','ec:services:wsdl:CreditNote-2.1','SubmitCreditNoteRequest','SubmitCreditNoteResponse','2.1',null,118,2,1,null);
Insert into `ETR_TB_TRANSACTION` (`TRA_ID`,`TRA_NAME`,`TRA_NAMESPACE`,`TRA_REQ_LOCAL_NAME`,`TRA_RES_LOCAL_NAME`,`TRA_VERSION`,`TRA_CIA_ID`,`TRA_DOC_ID`,`TRA_REC_ROL_ID`,`TRA_SEN_ROL_ID`,`TRA_TYPE_CD`) values (88,'SubmitAdditionalInformationRequest','ec:services:wsdl:AdditionalInformationRequest-2','SubmitAdditionalInformationRequestRequest','SubmitAdditionalInformationRequestResponse','2.0',null,79,7,8,'RAI');
Insert into `ETR_TB_TRANSACTION` (`TRA_ID`,`TRA_NAME`,`TRA_NAMESPACE`,`TRA_REQ_LOCAL_NAME`,`TRA_RES_LOCAL_NAME`,`TRA_VERSION`,`TRA_CIA_ID`,`TRA_DOC_ID`,`TRA_REC_ROL_ID`,`TRA_SEN_ROL_ID`,`TRA_TYPE_CD`) values (89,'SubmitInboxRequest','ec:services:wsdl:InboxRequest-2.1','SubmitInboxRequestRequest','SubmitInboxRequestResponse','2.1',null,4,4,4,null);
Insert into `ETR_TB_TRANSACTION` (`TRA_ID`,`TRA_NAME`,`TRA_NAMESPACE`,`TRA_REQ_LOCAL_NAME`,`TRA_RES_LOCAL_NAME`,`TRA_VERSION`,`TRA_CIA_ID`,`TRA_DOC_ID`,`TRA_REC_ROL_ID`,`TRA_SEN_ROL_ID`,`TRA_TYPE_CD`) values (90,'SubmitStatusRequest','ec:services:wsdl:StatusRequest-2.2','SubmitStatusRequestRequest','SubmitStatusRequestResponse','2.2',null,10,4,4,null);
Insert into `ETR_TB_TRANSACTION` (`TRA_ID`,`TRA_NAME`,`TRA_NAMESPACE`,`TRA_REQ_LOCAL_NAME`,`TRA_RES_LOCAL_NAME`,`TRA_VERSION`,`TRA_CIA_ID`,`TRA_DOC_ID`,`TRA_REC_ROL_ID`,`TRA_SEN_ROL_ID`,`TRA_TYPE_CD`) values (104,'SubmitPDAInformationRequest','ec:services:wsdl:PDAInformationRequest-2','SubmitPDAInformationRequestRequest','SubmitPDAInformationRequestResponse','2.0',null,104,9,9,null);
Insert into `ETR_TB_TRANSACTION` (`TRA_ID`,`TRA_NAME`,`TRA_NAMESPACE`,`TRA_REQ_LOCAL_NAME`,`TRA_RES_LOCAL_NAME`,`TRA_VERSION`,`TRA_CIA_ID`,`TRA_DOC_ID`,`TRA_REC_ROL_ID`,`TRA_SEN_ROL_ID`,`TRA_TYPE_CD`) values (105,'SubmitPDAInformationResponse','ec:services:wsdl:PDAInformationResponse-2','SubmitPDAInformationResponseRequest','SubmitPDAInformationResponseResponse','2.0',null,105,9,9,null);
Insert into `ETR_TB_TRANSACTION` (`TRA_ID`,`TRA_NAME`,`TRA_NAMESPACE`,`TRA_REQ_LOCAL_NAME`,`TRA_RES_LOCAL_NAME`,`TRA_VERSION`,`TRA_CIA_ID`,`TRA_DOC_ID`,`TRA_REC_ROL_ID`,`TRA_SEN_ROL_ID`,`TRA_TYPE_CD`) values (120,'SubmitTenderReceiptRequest','ec:services:wsdl:TenderReceipt-2.1','SubmitTenderReceiptRequest','SubmitTenderReceiptResponse','2.1',null,120,8,7,null);
Insert into `ETR_TB_TRANSACTION` (`TRA_ID`,`TRA_NAME`,`TRA_NAMESPACE`,`TRA_REQ_LOCAL_NAME`,`TRA_RES_LOCAL_NAME`,`TRA_VERSION`,`TRA_CIA_ID`,`TRA_DOC_ID`,`TRA_REC_ROL_ID`,`TRA_SEN_ROL_ID`,`TRA_TYPE_CD`) values (121,'SubmitTendererQualificationResponse','ec:services:wsdl:TendererQualificationResponse-2.1','SubmitTendererQualificationResponseRequest','SubmitTendererQualificationResponseResponse','2.1',null,121,8,7,null);
Insert into `ETR_TB_TRANSACTION` (`TRA_ID`,`TRA_NAME`,`TRA_NAMESPACE`,`TRA_REQ_LOCAL_NAME`,`TRA_RES_LOCAL_NAME`,`TRA_VERSION`,`TRA_CIA_ID`,`TRA_DOC_ID`,`TRA_REC_ROL_ID`,`TRA_SEN_ROL_ID`,`TRA_TYPE_CD`) values (122,'SubmitRetrieveInterchangeAgreements','ec:services:wsdl:RetrieveInterchangeAgreementsRequest-2_1','SubmitRetrieveInterchangeAgreementsRequestRequest','SubmitRetrieveInterchangeAgreementsRequestResponse','2.1',null,122,4,4,null);
Insert into `ETR_TB_TRANSACTION` (`TRA_ID`,`TRA_NAME`,`TRA_NAMESPACE`,`TRA_REQ_LOCAL_NAME`,`TRA_RES_LOCAL_NAME`,`TRA_VERSION`,`TRA_CIA_ID`,`TRA_DOC_ID`,`TRA_REC_ROL_ID`,`TRA_SEN_ROL_ID`,`TRA_TYPE_CD`) values (76,'SubmitEvidencesRequest','ec:services:wsdl:EvidencesRequest-2','SubmitEvidencesRequestRequest','SubmitEvidencesRequestResponse','2.0',null,76,8,7,null);
Insert into `ETR_TB_TRANSACTION` (`TRA_ID`,`TRA_NAME`,`TRA_NAMESPACE`,`TRA_REQ_LOCAL_NAME`,`TRA_RES_LOCAL_NAME`,`TRA_VERSION`,`TRA_CIA_ID`,`TRA_DOC_ID`,`TRA_REC_ROL_ID`,`TRA_SEN_ROL_ID`,`TRA_TYPE_CD`) values (77,'SubmitEvidences','ec:services:wsdl:Evidences-2','SubmitEvidencesRequest','SubmitEvidencesResponse','2.0',null,77,7,8,null);
Insert into `ETR_TB_TRANSACTION` (`TRA_ID`,`TRA_NAME`,`TRA_NAMESPACE`,`TRA_REQ_LOCAL_NAME`,`TRA_RES_LOCAL_NAME`,`TRA_VERSION`,`TRA_CIA_ID`,`TRA_DOC_ID`,`TRA_REC_ROL_ID`,`TRA_SEN_ROL_ID`,`TRA_TYPE_CD`) values (78,'SubmitClarification','ec:services:wsdl:TenderClarification-2','SubmitTenderClarificationRequest','SubmitTenderClarificationResponse','2.0',null,78,7,8,'TCL');
Insert into `ETR_TB_TRANSACTION` (`TRA_ID`,`TRA_NAME`,`TRA_NAMESPACE`,`TRA_REQ_LOCAL_NAME`,`TRA_RES_LOCAL_NAME`,`TRA_VERSION`,`TRA_CIA_ID`,`TRA_DOC_ID`,`TRA_REC_ROL_ID`,`TRA_SEN_ROL_ID`,`TRA_TYPE_CD`) values (79,'SubmitClarificationRequest','ec:services:wsdl:TenderClarificationRequest-2','SubmitTenderClarificationRequestRequest','SubmitTenderClarificationRequestResponse','2.0',null,79,8,7,'RTC');
Insert into `ETR_TB_TRANSACTION` (`TRA_ID`,`TRA_NAME`,`TRA_NAMESPACE`,`TRA_REQ_LOCAL_NAME`,`TRA_RES_LOCAL_NAME`,`TRA_VERSION`,`TRA_CIA_ID`,`TRA_DOC_ID`,`TRA_REC_ROL_ID`,`TRA_SEN_ROL_ID`,`TRA_TYPE_CD`) values (82,'SubmitAwardingNotification','ec:services:wsdl:AwardingNotification-2','SubmitAwardingNotificationRequest','SubmitAwardingNotificationResponse','2.0',null,82,8,7,null);
Insert into `ETR_TB_TRANSACTION` (`TRA_ID`,`TRA_NAME`,`TRA_NAMESPACE`,`TRA_REQ_LOCAL_NAME`,`TRA_RES_LOCAL_NAME`,`TRA_VERSION`,`TRA_CIA_ID`,`TRA_DOC_ID`,`TRA_REC_ROL_ID`,`TRA_SEN_ROL_ID`,`TRA_TYPE_CD`) values (83,'DraftContractRequest','ec:services:wsdl:DraftContract-2','SubmitDraftContractRequest','SubmitDraftContractResponse','2.0',null,83,8,7,'DRC');
Insert into `ETR_TB_TRANSACTION` (`TRA_ID`,`TRA_NAME`,`TRA_NAMESPACE`,`TRA_REQ_LOCAL_NAME`,`TRA_RES_LOCAL_NAME`,`TRA_VERSION`,`TRA_CIA_ID`,`TRA_DOC_ID`,`TRA_REC_ROL_ID`,`TRA_SEN_ROL_ID`,`TRA_TYPE_CD`) values (84,'SupplierSignedContractRequest','ec:services:wsdl:SupplierSignedContract-2','SubmitSupplierSignedContractRequest','SubmitSupplierSignedContractResponse','2.0',null,83,7,8,'SSC');
Insert into `ETR_TB_TRANSACTION` (`TRA_ID`,`TRA_NAME`,`TRA_NAMESPACE`,`TRA_REQ_LOCAL_NAME`,`TRA_RES_LOCAL_NAME`,`TRA_VERSION`,`TRA_CIA_ID`,`TRA_DOC_ID`,`TRA_REC_ROL_ID`,`TRA_SEN_ROL_ID`,`TRA_TYPE_CD`) values (85,'SignedContractRequest','ec:services:wsdl:SignedContract-2','SubmitSignedContractRequest','SubmitSignedContractResponse','2.0',null,83,8,7,'SCO');
Insert into `ETR_TB_TRANSACTION` (`TRA_ID`,`TRA_NAME`,`TRA_NAMESPACE`,`TRA_REQ_LOCAL_NAME`,`TRA_RES_LOCAL_NAME`,`TRA_VERSION`,`TRA_CIA_ID`,`TRA_DOC_ID`,`TRA_REC_ROL_ID`,`TRA_SEN_ROL_ID`,`TRA_TYPE_CD`) values (107,'StoreDocumentWrapper_INACTIVE','ec:services:wsdl:DocumentWrapper-3_INACTIVE','StoreDocumentWrapperRequest_INACTIVE','StoreDocumentWrapperResponse','3.0',null,107,4,4,null);
Insert into `ETR_TB_TRANSACTION` (`TRA_ID`,`TRA_NAME`,`TRA_NAMESPACE`,`TRA_REQ_LOCAL_NAME`,`TRA_RES_LOCAL_NAME`,`TRA_VERSION`,`TRA_CIA_ID`,`TRA_DOC_ID`,`TRA_REC_ROL_ID`,`TRA_SEN_ROL_ID`,`TRA_TYPE_CD`) values (103,'DeleteDocument','ec:services:wsdl:Document-1','DeleteDocumentRequest','DeleteDocumentResponse','1.0',null,103,4,4,null);
Insert into `ETR_TB_TRANSACTION` (`TRA_ID`,`TRA_NAME`,`TRA_NAMESPACE`,`TRA_REQ_LOCAL_NAME`,`TRA_RES_LOCAL_NAME`,`TRA_VERSION`,`TRA_CIA_ID`,`TRA_DOC_ID`,`TRA_REC_ROL_ID`,`TRA_SEN_ROL_ID`,`TRA_TYPE_CD`) values (106,'SubmitDocumentBundle_INACTIVE','ec:services:wsdl:DocumentBundle-3_INACTIVE','SubmitDocumentBundleRequest_INACTIVE','SubmitDocumentBundleResponse','3.0',null,106,6,6,null);
Insert into `ETR_TB_TRANSACTION` (`TRA_ID`,`TRA_NAME`,`TRA_NAMESPACE`,`TRA_REQ_LOCAL_NAME`,`TRA_RES_LOCAL_NAME`,`TRA_VERSION`,`TRA_CIA_ID`,`TRA_DOC_ID`,`TRA_REC_ROL_ID`,`TRA_SEN_ROL_ID`,`TRA_TYPE_CD`) values (123,'SubmitInvoice','ec:services:wsdl:Invoice-2.2','SubmitInvoiceRequest','SubmitInvoiceResponse','2.2',null,117,2,1,null);
Insert into `ETR_TB_TRANSACTION` (`TRA_ID`,`TRA_NAME`,`TRA_NAMESPACE`,`TRA_REQ_LOCAL_NAME`,`TRA_RES_LOCAL_NAME`,`TRA_VERSION`,`TRA_CIA_ID`,`TRA_DOC_ID`,`TRA_REC_ROL_ID`,`TRA_SEN_ROL_ID`,`TRA_TYPE_CD`) values (124,'SubmitCreditNote','ec:services:wsdl:CreditNote-2.2','SubmitCreditNoteRequest','SubmitCreditNoteResponse','2.2',null,118,2,1,null);




Insert into `ETR_TB_PROFILE_TRANSACTION` (`PTR_PRO_ID`,`PTR_TRA_ID`) values (1,1);
Insert into `ETR_TB_PROFILE_TRANSACTION` (`PTR_PRO_ID`,`PTR_TRA_ID`) values (1,3);
Insert into `ETR_TB_PROFILE_TRANSACTION` (`PTR_PRO_ID`,`PTR_TRA_ID`) values (1,4);
Insert into `ETR_TB_PROFILE_TRANSACTION` (`PTR_PRO_ID`,`PTR_TRA_ID`) values (1,9);
Insert into `ETR_TB_PROFILE_TRANSACTION` (`PTR_PRO_ID`,`PTR_TRA_ID`) values (1,10);
Insert into `ETR_TB_PROFILE_TRANSACTION` (`PTR_PRO_ID`,`PTR_TRA_ID`) values (1,11);
Insert into `ETR_TB_PROFILE_TRANSACTION` (`PTR_PRO_ID`,`PTR_TRA_ID`) values (1,12);
Insert into `ETR_TB_PROFILE_TRANSACTION` (`PTR_PRO_ID`,`PTR_TRA_ID`) values (1,43);
Insert into `ETR_TB_PROFILE_TRANSACTION` (`PTR_PRO_ID`,`PTR_TRA_ID`) values (1,44);
Insert into `ETR_TB_PROFILE_TRANSACTION` (`PTR_PRO_ID`,`PTR_TRA_ID`) values (1,45);
Insert into `ETR_TB_PROFILE_TRANSACTION` (`PTR_PRO_ID`,`PTR_TRA_ID`) values (1,47);
Insert into `ETR_TB_PROFILE_TRANSACTION` (`PTR_PRO_ID`,`PTR_TRA_ID`) values (1,117);
Insert into `ETR_TB_PROFILE_TRANSACTION` (`PTR_PRO_ID`,`PTR_TRA_ID`) values (1,118);
Insert into `ETR_TB_PROFILE_TRANSACTION` (`PTR_PRO_ID`,`PTR_TRA_ID`) values (2,1);
Insert into `ETR_TB_PROFILE_TRANSACTION` (`PTR_PRO_ID`,`PTR_TRA_ID`) values (2,2);
Insert into `ETR_TB_PROFILE_TRANSACTION` (`PTR_PRO_ID`,`PTR_TRA_ID`) values (2,3);
Insert into `ETR_TB_PROFILE_TRANSACTION` (`PTR_PRO_ID`,`PTR_TRA_ID`) values (2,75);
Insert into `ETR_TB_PROFILE_TRANSACTION` (`PTR_PRO_ID`,`PTR_TRA_ID`) values (3,3);
Insert into `ETR_TB_PROFILE_TRANSACTION` (`PTR_PRO_ID`,`PTR_TRA_ID`) values (3,4);
Insert into `ETR_TB_PROFILE_TRANSACTION` (`PTR_PRO_ID`,`PTR_TRA_ID`) values (3,5);
Insert into `ETR_TB_PROFILE_TRANSACTION` (`PTR_PRO_ID`,`PTR_TRA_ID`) values (3,6);
Insert into `ETR_TB_PROFILE_TRANSACTION` (`PTR_PRO_ID`,`PTR_TRA_ID`) values (3,7);
Insert into `ETR_TB_PROFILE_TRANSACTION` (`PTR_PRO_ID`,`PTR_TRA_ID`) values (3,8);
Insert into `ETR_TB_PROFILE_TRANSACTION` (`PTR_PRO_ID`,`PTR_TRA_ID`) values (3,9);
Insert into `ETR_TB_PROFILE_TRANSACTION` (`PTR_PRO_ID`,`PTR_TRA_ID`) values (3,10);
Insert into `ETR_TB_PROFILE_TRANSACTION` (`PTR_PRO_ID`,`PTR_TRA_ID`) values (3,11);
Insert into `ETR_TB_PROFILE_TRANSACTION` (`PTR_PRO_ID`,`PTR_TRA_ID`) values (3,12);
Insert into `ETR_TB_PROFILE_TRANSACTION` (`PTR_PRO_ID`,`PTR_TRA_ID`) values (3,13);
Insert into `ETR_TB_PROFILE_TRANSACTION` (`PTR_PRO_ID`,`PTR_TRA_ID`) values (3,14);
Insert into `ETR_TB_PROFILE_TRANSACTION` (`PTR_PRO_ID`,`PTR_TRA_ID`) values (3,15);
Insert into `ETR_TB_PROFILE_TRANSACTION` (`PTR_PRO_ID`,`PTR_TRA_ID`) values (3,16);
Insert into `ETR_TB_PROFILE_TRANSACTION` (`PTR_PRO_ID`,`PTR_TRA_ID`) values (3,17);
Insert into `ETR_TB_PROFILE_TRANSACTION` (`PTR_PRO_ID`,`PTR_TRA_ID`) values (3,18);
Insert into `ETR_TB_PROFILE_TRANSACTION` (`PTR_PRO_ID`,`PTR_TRA_ID`) values (3,21);
Insert into `ETR_TB_PROFILE_TRANSACTION` (`PTR_PRO_ID`,`PTR_TRA_ID`) values (3,26);
Insert into `ETR_TB_PROFILE_TRANSACTION` (`PTR_PRO_ID`,`PTR_TRA_ID`) values (3,27);
Insert into `ETR_TB_PROFILE_TRANSACTION` (`PTR_PRO_ID`,`PTR_TRA_ID`) values (3,47);
Insert into `ETR_TB_PROFILE_TRANSACTION` (`PTR_PRO_ID`,`PTR_TRA_ID`) values (3,89);
Insert into `ETR_TB_PROFILE_TRANSACTION` (`PTR_PRO_ID`,`PTR_TRA_ID`) values (3,90);
Insert into `ETR_TB_PROFILE_TRANSACTION` (`PTR_PRO_ID`,`PTR_TRA_ID`) values (3,103);
Insert into `ETR_TB_PROFILE_TRANSACTION` (`PTR_PRO_ID`,`PTR_TRA_ID`) values (3,106);
Insert into `ETR_TB_PROFILE_TRANSACTION` (`PTR_PRO_ID`,`PTR_TRA_ID`) values (3,107);
Insert into `ETR_TB_PROFILE_TRANSACTION` (`PTR_PRO_ID`,`PTR_TRA_ID`) values (3,108);
Insert into `ETR_TB_PROFILE_TRANSACTION` (`PTR_PRO_ID`,`PTR_TRA_ID`) values (3,109);
Insert into `ETR_TB_PROFILE_TRANSACTION` (`PTR_PRO_ID`,`PTR_TRA_ID`) values (3,110);
Insert into `ETR_TB_PROFILE_TRANSACTION` (`PTR_PRO_ID`,`PTR_TRA_ID`) values (3,111);
Insert into `ETR_TB_PROFILE_TRANSACTION` (`PTR_PRO_ID`,`PTR_TRA_ID`) values (3,112);
Insert into `ETR_TB_PROFILE_TRANSACTION` (`PTR_PRO_ID`,`PTR_TRA_ID`) values (3,114);
Insert into `ETR_TB_PROFILE_TRANSACTION` (`PTR_PRO_ID`,`PTR_TRA_ID`) values (3,115);
Insert into `ETR_TB_PROFILE_TRANSACTION` (`PTR_PRO_ID`,`PTR_TRA_ID`) values (3,116);
Insert into `ETR_TB_PROFILE_TRANSACTION` (`PTR_PRO_ID`,`PTR_TRA_ID`) values (3,122);
Insert into `ETR_TB_PROFILE_TRANSACTION` (`PTR_PRO_ID`,`PTR_TRA_ID`) values (4,3);
Insert into `ETR_TB_PROFILE_TRANSACTION` (`PTR_PRO_ID`,`PTR_TRA_ID`) values (4,4);
Insert into `ETR_TB_PROFILE_TRANSACTION` (`PTR_PRO_ID`,`PTR_TRA_ID`) values (4,9);
Insert into `ETR_TB_PROFILE_TRANSACTION` (`PTR_PRO_ID`,`PTR_TRA_ID`) values (4,10);
Insert into `ETR_TB_PROFILE_TRANSACTION` (`PTR_PRO_ID`,`PTR_TRA_ID`) values (4,11);
Insert into `ETR_TB_PROFILE_TRANSACTION` (`PTR_PRO_ID`,`PTR_TRA_ID`) values (4,12);
Insert into `ETR_TB_PROFILE_TRANSACTION` (`PTR_PRO_ID`,`PTR_TRA_ID`) values (4,17);
Insert into `ETR_TB_PROFILE_TRANSACTION` (`PTR_PRO_ID`,`PTR_TRA_ID`) values (4,18);
Insert into `ETR_TB_PROFILE_TRANSACTION` (`PTR_PRO_ID`,`PTR_TRA_ID`) values (4,19);
Insert into `ETR_TB_PROFILE_TRANSACTION` (`PTR_PRO_ID`,`PTR_TRA_ID`) values (4,20);
Insert into `ETR_TB_PROFILE_TRANSACTION` (`PTR_PRO_ID`,`PTR_TRA_ID`) values (4,21);
Insert into `ETR_TB_PROFILE_TRANSACTION` (`PTR_PRO_ID`,`PTR_TRA_ID`) values (4,22);
Insert into `ETR_TB_PROFILE_TRANSACTION` (`PTR_PRO_ID`,`PTR_TRA_ID`) values (4,24);
Insert into `ETR_TB_PROFILE_TRANSACTION` (`PTR_PRO_ID`,`PTR_TRA_ID`) values (4,25);
Insert into `ETR_TB_PROFILE_TRANSACTION` (`PTR_PRO_ID`,`PTR_TRA_ID`) values (4,26);
Insert into `ETR_TB_PROFILE_TRANSACTION` (`PTR_PRO_ID`,`PTR_TRA_ID`) values (4,27);
Insert into `ETR_TB_PROFILE_TRANSACTION` (`PTR_PRO_ID`,`PTR_TRA_ID`) values (4,29);
Insert into `ETR_TB_PROFILE_TRANSACTION` (`PTR_PRO_ID`,`PTR_TRA_ID`) values (4,30);
Insert into `ETR_TB_PROFILE_TRANSACTION` (`PTR_PRO_ID`,`PTR_TRA_ID`) values (4,76);
Insert into `ETR_TB_PROFILE_TRANSACTION` (`PTR_PRO_ID`,`PTR_TRA_ID`) values (4,77);
Insert into `ETR_TB_PROFILE_TRANSACTION` (`PTR_PRO_ID`,`PTR_TRA_ID`) values (4,78);
Insert into `ETR_TB_PROFILE_TRANSACTION` (`PTR_PRO_ID`,`PTR_TRA_ID`) values (4,79);
Insert into `ETR_TB_PROFILE_TRANSACTION` (`PTR_PRO_ID`,`PTR_TRA_ID`) values (4,82);
Insert into `ETR_TB_PROFILE_TRANSACTION` (`PTR_PRO_ID`,`PTR_TRA_ID`) values (4,83);
Insert into `ETR_TB_PROFILE_TRANSACTION` (`PTR_PRO_ID`,`PTR_TRA_ID`) values (4,84);
Insert into `ETR_TB_PROFILE_TRANSACTION` (`PTR_PRO_ID`,`PTR_TRA_ID`) values (4,85);
Insert into `ETR_TB_PROFILE_TRANSACTION` (`PTR_PRO_ID`,`PTR_TRA_ID`) values (4,86);
Insert into `ETR_TB_PROFILE_TRANSACTION` (`PTR_PRO_ID`,`PTR_TRA_ID`) values (4,87);
Insert into `ETR_TB_PROFILE_TRANSACTION` (`PTR_PRO_ID`,`PTR_TRA_ID`) values (4,88);
Insert into `ETR_TB_PROFILE_TRANSACTION` (`PTR_PRO_ID`,`PTR_TRA_ID`) values (4,120);
Insert into `ETR_TB_PROFILE_TRANSACTION` (`PTR_PRO_ID`,`PTR_TRA_ID`) values (4,121);
Insert into `ETR_TB_PROFILE_TRANSACTION` (`PTR_PRO_ID`,`PTR_TRA_ID`) values (5,3);
Insert into `ETR_TB_PROFILE_TRANSACTION` (`PTR_PRO_ID`,`PTR_TRA_ID`) values (5,4);
Insert into `ETR_TB_PROFILE_TRANSACTION` (`PTR_PRO_ID`,`PTR_TRA_ID`) values (5,9);
Insert into `ETR_TB_PROFILE_TRANSACTION` (`PTR_PRO_ID`,`PTR_TRA_ID`) values (5,11);
Insert into `ETR_TB_PROFILE_TRANSACTION` (`PTR_PRO_ID`,`PTR_TRA_ID`) values (5,12);
Insert into `ETR_TB_PROFILE_TRANSACTION` (`PTR_PRO_ID`,`PTR_TRA_ID`) values (5,17);
Insert into `ETR_TB_PROFILE_TRANSACTION` (`PTR_PRO_ID`,`PTR_TRA_ID`) values (5,20);
Insert into `ETR_TB_PROFILE_TRANSACTION` (`PTR_PRO_ID`,`PTR_TRA_ID`) values (5,23);
Insert into `ETR_TB_PROFILE_TRANSACTION` (`PTR_PRO_ID`,`PTR_TRA_ID`) values (5,26);
Insert into `ETR_TB_PROFILE_TRANSACTION` (`PTR_PRO_ID`,`PTR_TRA_ID`) values (5,27);
Insert into `ETR_TB_PROFILE_TRANSACTION` (`PTR_PRO_ID`,`PTR_TRA_ID`) values (5,86);
Insert into `ETR_TB_PROFILE_TRANSACTION` (`PTR_PRO_ID`,`PTR_TRA_ID`) values (5,89);
Insert into `ETR_TB_PROFILE_TRANSACTION` (`PTR_PRO_ID`,`PTR_TRA_ID`) values (5,90);
Insert into `ETR_TB_PROFILE_TRANSACTION` (`PTR_PRO_ID`,`PTR_TRA_ID`) values (6,1);
Insert into `ETR_TB_PROFILE_TRANSACTION` (`PTR_PRO_ID`,`PTR_TRA_ID`) values (6,2);
Insert into `ETR_TB_PROFILE_TRANSACTION` (`PTR_PRO_ID`,`PTR_TRA_ID`) values (6,3);
Insert into `ETR_TB_PROFILE_TRANSACTION` (`PTR_PRO_ID`,`PTR_TRA_ID`) values (6,4);
Insert into `ETR_TB_PROFILE_TRANSACTION` (`PTR_PRO_ID`,`PTR_TRA_ID`) values (6,5);
Insert into `ETR_TB_PROFILE_TRANSACTION` (`PTR_PRO_ID`,`PTR_TRA_ID`) values (6,6);
Insert into `ETR_TB_PROFILE_TRANSACTION` (`PTR_PRO_ID`,`PTR_TRA_ID`) values (6,7);
Insert into `ETR_TB_PROFILE_TRANSACTION` (`PTR_PRO_ID`,`PTR_TRA_ID`) values (6,8);
Insert into `ETR_TB_PROFILE_TRANSACTION` (`PTR_PRO_ID`,`PTR_TRA_ID`) values (6,9);
Insert into `ETR_TB_PROFILE_TRANSACTION` (`PTR_PRO_ID`,`PTR_TRA_ID`) values (6,10);
Insert into `ETR_TB_PROFILE_TRANSACTION` (`PTR_PRO_ID`,`PTR_TRA_ID`) values (6,11);
Insert into `ETR_TB_PROFILE_TRANSACTION` (`PTR_PRO_ID`,`PTR_TRA_ID`) values (6,12);
Insert into `ETR_TB_PROFILE_TRANSACTION` (`PTR_PRO_ID`,`PTR_TRA_ID`) values (6,13);
Insert into `ETR_TB_PROFILE_TRANSACTION` (`PTR_PRO_ID`,`PTR_TRA_ID`) values (6,14);
Insert into `ETR_TB_PROFILE_TRANSACTION` (`PTR_PRO_ID`,`PTR_TRA_ID`) values (6,15);
Insert into `ETR_TB_PROFILE_TRANSACTION` (`PTR_PRO_ID`,`PTR_TRA_ID`) values (6,16);
Insert into `ETR_TB_PROFILE_TRANSACTION` (`PTR_PRO_ID`,`PTR_TRA_ID`) values (6,17);
Insert into `ETR_TB_PROFILE_TRANSACTION` (`PTR_PRO_ID`,`PTR_TRA_ID`) values (6,18);
Insert into `ETR_TB_PROFILE_TRANSACTION` (`PTR_PRO_ID`,`PTR_TRA_ID`) values (6,19);
Insert into `ETR_TB_PROFILE_TRANSACTION` (`PTR_PRO_ID`,`PTR_TRA_ID`) values (6,20);
Insert into `ETR_TB_PROFILE_TRANSACTION` (`PTR_PRO_ID`,`PTR_TRA_ID`) values (6,21);
Insert into `ETR_TB_PROFILE_TRANSACTION` (`PTR_PRO_ID`,`PTR_TRA_ID`) values (6,22);
Insert into `ETR_TB_PROFILE_TRANSACTION` (`PTR_PRO_ID`,`PTR_TRA_ID`) values (6,23);
Insert into `ETR_TB_PROFILE_TRANSACTION` (`PTR_PRO_ID`,`PTR_TRA_ID`) values (6,24);
Insert into `ETR_TB_PROFILE_TRANSACTION` (`PTR_PRO_ID`,`PTR_TRA_ID`) values (6,25);
Insert into `ETR_TB_PROFILE_TRANSACTION` (`PTR_PRO_ID`,`PTR_TRA_ID`) values (6,26);
Insert into `ETR_TB_PROFILE_TRANSACTION` (`PTR_PRO_ID`,`PTR_TRA_ID`) values (6,27);
Insert into `ETR_TB_PROFILE_TRANSACTION` (`PTR_PRO_ID`,`PTR_TRA_ID`) values (6,28);
Insert into `ETR_TB_PROFILE_TRANSACTION` (`PTR_PRO_ID`,`PTR_TRA_ID`) values (6,29);
Insert into `ETR_TB_PROFILE_TRANSACTION` (`PTR_PRO_ID`,`PTR_TRA_ID`) values (6,30);
Insert into `ETR_TB_PROFILE_TRANSACTION` (`PTR_PRO_ID`,`PTR_TRA_ID`) values (6,42);
Insert into `ETR_TB_PROFILE_TRANSACTION` (`PTR_PRO_ID`,`PTR_TRA_ID`) values (6,43);
Insert into `ETR_TB_PROFILE_TRANSACTION` (`PTR_PRO_ID`,`PTR_TRA_ID`) values (6,44);
Insert into `ETR_TB_PROFILE_TRANSACTION` (`PTR_PRO_ID`,`PTR_TRA_ID`) values (6,45);
Insert into `ETR_TB_PROFILE_TRANSACTION` (`PTR_PRO_ID`,`PTR_TRA_ID`) values (6,46);
Insert into `ETR_TB_PROFILE_TRANSACTION` (`PTR_PRO_ID`,`PTR_TRA_ID`) values (6,47);
Insert into `ETR_TB_PROFILE_TRANSACTION` (`PTR_PRO_ID`,`PTR_TRA_ID`) values (6,50);
Insert into `ETR_TB_PROFILE_TRANSACTION` (`PTR_PRO_ID`,`PTR_TRA_ID`) values (6,51);
Insert into `ETR_TB_PROFILE_TRANSACTION` (`PTR_PRO_ID`,`PTR_TRA_ID`) values (6,52);
Insert into `ETR_TB_PROFILE_TRANSACTION` (`PTR_PRO_ID`,`PTR_TRA_ID`) values (6,53);
Insert into `ETR_TB_PROFILE_TRANSACTION` (`PTR_PRO_ID`,`PTR_TRA_ID`) values (6,54);
Insert into `ETR_TB_PROFILE_TRANSACTION` (`PTR_PRO_ID`,`PTR_TRA_ID`) values (6,55);
Insert into `ETR_TB_PROFILE_TRANSACTION` (`PTR_PRO_ID`,`PTR_TRA_ID`) values (6,56);
Insert into `ETR_TB_PROFILE_TRANSACTION` (`PTR_PRO_ID`,`PTR_TRA_ID`) values (6,57);
Insert into `ETR_TB_PROFILE_TRANSACTION` (`PTR_PRO_ID`,`PTR_TRA_ID`) values (6,58);
Insert into `ETR_TB_PROFILE_TRANSACTION` (`PTR_PRO_ID`,`PTR_TRA_ID`) values (6,59);
Insert into `ETR_TB_PROFILE_TRANSACTION` (`PTR_PRO_ID`,`PTR_TRA_ID`) values (6,60);
Insert into `ETR_TB_PROFILE_TRANSACTION` (`PTR_PRO_ID`,`PTR_TRA_ID`) values (6,61);
Insert into `ETR_TB_PROFILE_TRANSACTION` (`PTR_PRO_ID`,`PTR_TRA_ID`) values (6,62);
Insert into `ETR_TB_PROFILE_TRANSACTION` (`PTR_PRO_ID`,`PTR_TRA_ID`) values (6,63);
Insert into `ETR_TB_PROFILE_TRANSACTION` (`PTR_PRO_ID`,`PTR_TRA_ID`) values (6,64);
Insert into `ETR_TB_PROFILE_TRANSACTION` (`PTR_PRO_ID`,`PTR_TRA_ID`) values (6,65);
Insert into `ETR_TB_PROFILE_TRANSACTION` (`PTR_PRO_ID`,`PTR_TRA_ID`) values (6,66);
Insert into `ETR_TB_PROFILE_TRANSACTION` (`PTR_PRO_ID`,`PTR_TRA_ID`) values (6,67);
Insert into `ETR_TB_PROFILE_TRANSACTION` (`PTR_PRO_ID`,`PTR_TRA_ID`) values (6,68);
Insert into `ETR_TB_PROFILE_TRANSACTION` (`PTR_PRO_ID`,`PTR_TRA_ID`) values (6,69);
Insert into `ETR_TB_PROFILE_TRANSACTION` (`PTR_PRO_ID`,`PTR_TRA_ID`) values (6,70);
Insert into `ETR_TB_PROFILE_TRANSACTION` (`PTR_PRO_ID`,`PTR_TRA_ID`) values (6,71);
Insert into `ETR_TB_PROFILE_TRANSACTION` (`PTR_PRO_ID`,`PTR_TRA_ID`) values (6,72);
Insert into `ETR_TB_PROFILE_TRANSACTION` (`PTR_PRO_ID`,`PTR_TRA_ID`) values (6,73);
Insert into `ETR_TB_PROFILE_TRANSACTION` (`PTR_PRO_ID`,`PTR_TRA_ID`) values (6,89);
Insert into `ETR_TB_PROFILE_TRANSACTION` (`PTR_PRO_ID`,`PTR_TRA_ID`) values (6,90);
Insert into `ETR_TB_PROFILE_TRANSACTION` (`PTR_PRO_ID`,`PTR_TRA_ID`) values (6,120);
Insert into `ETR_TB_PROFILE_TRANSACTION` (`PTR_PRO_ID`,`PTR_TRA_ID`) values (6,121);
Insert into `ETR_TB_PROFILE_TRANSACTION` (`PTR_PRO_ID`,`PTR_TRA_ID`) values (7,9);
Insert into `ETR_TB_PROFILE_TRANSACTION` (`PTR_PRO_ID`,`PTR_TRA_ID`) values (7,11);
Insert into `ETR_TB_PROFILE_TRANSACTION` (`PTR_PRO_ID`,`PTR_TRA_ID`) values (7,63);
Insert into `ETR_TB_PROFILE_TRANSACTION` (`PTR_PRO_ID`,`PTR_TRA_ID`) values (7,64);
Insert into `ETR_TB_PROFILE_TRANSACTION` (`PTR_PRO_ID`,`PTR_TRA_ID`) values (7,65);
Insert into `ETR_TB_PROFILE_TRANSACTION` (`PTR_PRO_ID`,`PTR_TRA_ID`) values (7,66);
Insert into `ETR_TB_PROFILE_TRANSACTION` (`PTR_PRO_ID`,`PTR_TRA_ID`) values (7,67);
Insert into `ETR_TB_PROFILE_TRANSACTION` (`PTR_PRO_ID`,`PTR_TRA_ID`) values (7,68);
Insert into `ETR_TB_PROFILE_TRANSACTION` (`PTR_PRO_ID`,`PTR_TRA_ID`) values (7,69);
Insert into `ETR_TB_PROFILE_TRANSACTION` (`PTR_PRO_ID`,`PTR_TRA_ID`) values (7,70);
Insert into `ETR_TB_PROFILE_TRANSACTION` (`PTR_PRO_ID`,`PTR_TRA_ID`) values (7,104);
Insert into `ETR_TB_PROFILE_TRANSACTION` (`PTR_PRO_ID`,`PTR_TRA_ID`) values (7,105);
Insert into `ETR_TB_PROFILE_TRANSACTION` (`PTR_PRO_ID`,`PTR_TRA_ID`) values (8,43);
Insert into `ETR_TB_PROFILE_TRANSACTION` (`PTR_PRO_ID`,`PTR_TRA_ID`) values (8,44);
Insert into `ETR_TB_PROFILE_TRANSACTION` (`PTR_PRO_ID`,`PTR_TRA_ID`) values (8,56);
Insert into `ETR_TB_PROFILE_TRANSACTION` (`PTR_PRO_ID`,`PTR_TRA_ID`) values (8,117);
Insert into `ETR_TB_PROFILE_TRANSACTION` (`PTR_PRO_ID`,`PTR_TRA_ID`) values (8,118);
Insert into `ETR_TB_PROFILE_TRANSACTION` (`PTR_PRO_ID`,`PTR_TRA_ID`) values (8,123);
Insert into `ETR_TB_PROFILE_TRANSACTION` (`PTR_PRO_ID`,`PTR_TRA_ID`) values (8,124);
Insert into `ETR_TB_PROFILE_TRANSACTION` (`PTR_PRO_ID`,`PTR_TRA_ID`) values (9,45);
Insert into `ETR_TB_PROFILE_TRANSACTION` (`PTR_PRO_ID`,`PTR_TRA_ID`) values (9,57);
Insert into `ETR_TB_PROFILE_TRANSACTION` (`PTR_PRO_ID`,`PTR_TRA_ID`) values (9,58);
Insert into `ETR_TB_PROFILE_TRANSACTION` (`PTR_PRO_ID`,`PTR_TRA_ID`) values (9,59);
Insert into `ETR_TB_PROFILE_TRANSACTION` (`PTR_PRO_ID`,`PTR_TRA_ID`) values (9,60);
Insert into `ETR_TB_PROFILE_TRANSACTION` (`PTR_PRO_ID`,`PTR_TRA_ID`) values (10,46);
Insert into `ETR_TB_PROFILE_TRANSACTION` (`PTR_PRO_ID`,`PTR_TRA_ID`) values (11,50);
Insert into `ETR_TB_PROFILE_TRANSACTION` (`PTR_PRO_ID`,`PTR_TRA_ID`) values (11,51);
Insert into `ETR_TB_PROFILE_TRANSACTION` (`PTR_PRO_ID`,`PTR_TRA_ID`) values (11,52);
Insert into `ETR_TB_PROFILE_TRANSACTION` (`PTR_PRO_ID`,`PTR_TRA_ID`) values (11,53);
Insert into `ETR_TB_PROFILE_TRANSACTION` (`PTR_PRO_ID`,`PTR_TRA_ID`) values (11,54);
Insert into `ETR_TB_PROFILE_TRANSACTION` (`PTR_PRO_ID`,`PTR_TRA_ID`) values (11,55);
Insert into `ETR_TB_PROFILE_TRANSACTION` (`PTR_PRO_ID`,`PTR_TRA_ID`) values (11,61);
Insert into `ETR_TB_PROFILE_TRANSACTION` (`PTR_PRO_ID`,`PTR_TRA_ID`) values (11,62);
Insert into `ETR_TB_PROFILE_TRANSACTION` (`PTR_PRO_ID`,`PTR_TRA_ID`) values (11,73);
Insert into `ETR_TB_PROFILE_TRANSACTION` (`PTR_PRO_ID`,`PTR_TRA_ID`) values (12,3);
Insert into `ETR_TB_PROFILE_TRANSACTION` (`PTR_PRO_ID`,`PTR_TRA_ID`) values (12,4);
Insert into `ETR_TB_PROFILE_TRANSACTION` (`PTR_PRO_ID`,`PTR_TRA_ID`) values (12,9);
Insert into `ETR_TB_PROFILE_TRANSACTION` (`PTR_PRO_ID`,`PTR_TRA_ID`) values (12,10);
Insert into `ETR_TB_PROFILE_TRANSACTION` (`PTR_PRO_ID`,`PTR_TRA_ID`) values (12,11);
Insert into `ETR_TB_PROFILE_TRANSACTION` (`PTR_PRO_ID`,`PTR_TRA_ID`) values (12,12);
Insert into `ETR_TB_PROFILE_TRANSACTION` (`PTR_PRO_ID`,`PTR_TRA_ID`) values (12,47);
Insert into `ETR_TB_PROFILE_TRANSACTION` (`PTR_PRO_ID`,`PTR_TRA_ID`) values (12,75);
Insert into `ETR_TB_PROFILE_TRANSACTION` (`PTR_PRO_ID`,`PTR_TRA_ID`) values (12,89);
Insert into `ETR_TB_PROFILE_TRANSACTION` (`PTR_PRO_ID`,`PTR_TRA_ID`) values (12,90);
Insert into `ETR_TB_PROFILE_TRANSACTION` (`PTR_PRO_ID`,`PTR_TRA_ID`) values (12,101);
Insert into `ETR_TB_PROFILE_TRANSACTION` (`PTR_PRO_ID`,`PTR_TRA_ID`) values (12,102);
Insert into `ETR_TB_PROFILE_TRANSACTION` (`PTR_PRO_ID`,`PTR_TRA_ID`) values (12,103);
Insert into `ETR_TB_PROFILE_TRANSACTION` (`PTR_PRO_ID`,`PTR_TRA_ID`) values (13,61);
Insert into `ETR_TB_PROFILE_TRANSACTION` (`PTR_PRO_ID`,`PTR_TRA_ID`) values (13,71);
Insert into `ETR_TB_PROFILE_TRANSACTION` (`PTR_PRO_ID`,`PTR_TRA_ID`) values (13,72);
Insert into `ETR_TB_PROFILE_TRANSACTION` (`PTR_PRO_ID`,`PTR_TRA_ID`) values (13,73);
Insert into `ETR_TB_PROFILE_TRANSACTION` (`PTR_PRO_ID`,`PTR_TRA_ID`) values (15,80);
Insert into `ETR_TB_PROFILE_TRANSACTION` (`PTR_PRO_ID`,`PTR_TRA_ID`) values (15,81);



Insert into `ETR_TB_METADATA` (`MD_ID`,`MD_TYPE`,`PID_DOC_ID`,`PID_ICA_ID`,`PID_PRO_ID`,`PID_TRA_ID`,`MD_SENDER_ID`,`MD_BUSINESSDOMAIN_ID`,`MD_VALUE`) values (-1,'FILTER_READ_SERVICES_RESULTS',null,null,null,null,null,1,'false');
Insert into `ETR_TB_METADATA` (`MD_ID`,`MD_TYPE`,`PID_DOC_ID`,`PID_ICA_ID`,`PID_PRO_ID`,`PID_TRA_ID`,`MD_SENDER_ID`,`MD_BUSINESSDOMAIN_ID`,`MD_VALUE`) values (1,'DOCUMENT_ID_XQUERY',null,null,null,1,null,null,'//*:Invoice/*:ID');
Insert into `ETR_TB_METADATA` (`MD_ID`,`MD_TYPE`,`PID_DOC_ID`,`PID_ICA_ID`,`PID_PRO_ID`,`PID_TRA_ID`,`MD_SENDER_ID`,`MD_BUSINESSDOMAIN_ID`,`MD_VALUE`) values (2,'SENDER_ID_XQUERY',null,null,null,1,null,null,'//*:SupplierID');
Insert into `ETR_TB_METADATA` (`MD_ID`,`MD_TYPE`,`PID_DOC_ID`,`PID_ICA_ID`,`PID_PRO_ID`,`PID_TRA_ID`,`MD_SENDER_ID`,`MD_BUSINESSDOMAIN_ID`,`MD_VALUE`) values (3,'RECEIVER_ID_XQUERY',null,null,null,1,null,null,'//*:CustomerID');
Insert into `ETR_TB_METADATA` (`MD_ID`,`MD_TYPE`,`PID_DOC_ID`,`PID_ICA_ID`,`PID_PRO_ID`,`PID_TRA_ID`,`MD_SENDER_ID`,`MD_BUSINESSDOMAIN_ID`,`MD_VALUE`) values (4,'DOCUMENT_ID_XQUERY',null,null,null,2,null,null,'//*:CreditNote/*:ID');
Insert into `ETR_TB_METADATA` (`MD_ID`,`MD_TYPE`,`PID_DOC_ID`,`PID_ICA_ID`,`PID_PRO_ID`,`PID_TRA_ID`,`MD_SENDER_ID`,`MD_BUSINESSDOMAIN_ID`,`MD_VALUE`) values (5,'SENDER_ID_XQUERY',null,null,null,2,null,null,'//*:SupplierID');
Insert into `ETR_TB_METADATA` (`MD_ID`,`MD_TYPE`,`PID_DOC_ID`,`PID_ICA_ID`,`PID_PRO_ID`,`PID_TRA_ID`,`MD_SENDER_ID`,`MD_BUSINESSDOMAIN_ID`,`MD_VALUE`) values (6,'RECEIVER_ID_XQUERY',null,null,null,2,null,null,'//*:CustomerID');
Insert into `ETR_TB_METADATA` (`MD_ID`,`MD_TYPE`,`PID_DOC_ID`,`PID_ICA_ID`,`PID_PRO_ID`,`PID_TRA_ID`,`MD_SENDER_ID`,`MD_BUSINESSDOMAIN_ID`,`MD_VALUE`) values (7,'SYNCH_VALIDATE_XSD',null,null,null,1,null,null,'false');
Insert into `ETR_TB_METADATA` (`MD_ID`,`MD_TYPE`,`PID_DOC_ID`,`PID_ICA_ID`,`PID_PRO_ID`,`PID_TRA_ID`,`MD_SENDER_ID`,`MD_BUSINESSDOMAIN_ID`,`MD_VALUE`) values (9,'SYNCH_VALIDATE_XSD',null,null,null,2,null,null,'false');
Insert into `ETR_TB_METADATA` (`MD_ID`,`MD_TYPE`,`PID_DOC_ID`,`PID_ICA_ID`,`PID_PRO_ID`,`PID_TRA_ID`,`MD_SENDER_ID`,`MD_BUSINESSDOMAIN_ID`,`MD_VALUE`) values (10,'DOCUMENT_XSD_URL',null,null,null,2,null,null,'/eprior/xsd/maindoc/UBL-CreditNote-2.0.xsd');
Insert into `ETR_TB_METADATA` (`MD_ID`,`MD_TYPE`,`PID_DOC_ID`,`PID_ICA_ID`,`PID_PRO_ID`,`PID_TRA_ID`,`MD_SENDER_ID`,`MD_BUSINESSDOMAIN_ID`,`MD_VALUE`) values (11,'PARENT_DOCUMENT_ID_XQUERY',null,null,null,2,null,null,'//*:CreditNote/*:BillingReference/*:InvoiceDocumentReference/*:ID');
Insert into `ETR_TB_METADATA` (`MD_ID`,`MD_TYPE`,`PID_DOC_ID`,`PID_ICA_ID`,`PID_PRO_ID`,`PID_TRA_ID`,`MD_SENDER_ID`,`MD_BUSINESSDOMAIN_ID`,`MD_VALUE`) values (12,'PARENT_DOCUMENT_NA_STRATEGY',null,null,null,2,null,null,'IGNORE');
Insert into `ETR_TB_METADATA` (`MD_ID`,`MD_TYPE`,`PID_DOC_ID`,`PID_ICA_ID`,`PID_PRO_ID`,`PID_TRA_ID`,`MD_SENDER_ID`,`MD_BUSINESSDOMAIN_ID`,`MD_VALUE`) values (13,'DOCUMENT_ISSUEDATE_XQUERY',null,null,null,1,null,null,'//*:Invoice/*:IssueDate');
Insert into `ETR_TB_METADATA` (`MD_ID`,`MD_TYPE`,`PID_DOC_ID`,`PID_ICA_ID`,`PID_PRO_ID`,`PID_TRA_ID`,`MD_SENDER_ID`,`MD_BUSINESSDOMAIN_ID`,`MD_VALUE`) values (14,'DOCUMENT_ISSUEDATE_XQUERY',null,null,null,2,null,null,'//*:CreditNote/*:IssueDate');
Insert into `ETR_TB_METADATA` (`MD_ID`,`MD_TYPE`,`PID_DOC_ID`,`PID_ICA_ID`,`PID_PRO_ID`,`PID_TRA_ID`,`MD_SENDER_ID`,`MD_BUSINESSDOMAIN_ID`,`MD_VALUE`) values (15,'SENDER_ID_XQUERY',null,null,3,null,null,null,'//*:Sender/*:Identifier');
Insert into `ETR_TB_METADATA` (`MD_ID`,`MD_TYPE`,`PID_DOC_ID`,`PID_ICA_ID`,`PID_PRO_ID`,`PID_TRA_ID`,`MD_SENDER_ID`,`MD_BUSINESSDOMAIN_ID`,`MD_VALUE`) values (16,'SIGNATURE_INFO_QUERY',null,null,null,null,null,null,'//*:TechnicalHeader/*:SignatureInformation');
Insert into `ETR_TB_METADATA` (`MD_ID`,`MD_TYPE`,`PID_DOC_ID`,`PID_ICA_ID`,`PID_PRO_ID`,`PID_TRA_ID`,`MD_SENDER_ID`,`MD_BUSINESSDOMAIN_ID`,`MD_VALUE`) values (17,'DOCUMENT_XSD_URL',null,null,null,5,null,null,'/etrustex/xsd/maindoc/EC-DocumentWrapper-1.0.xsd');
Insert into `ETR_TB_METADATA` (`MD_ID`,`MD_TYPE`,`PID_DOC_ID`,`PID_ICA_ID`,`PID_PRO_ID`,`PID_TRA_ID`,`MD_SENDER_ID`,`MD_BUSINESSDOMAIN_ID`,`MD_VALUE`) values (19,'DOCUMENT_XSD_URL',6,null,null,null,null,null,'/etrustex/xsd/maindoc/EC-DocumentWrapperRequest-1.0.xsd');
Insert into `ETR_TB_METADATA` (`MD_ID`,`MD_TYPE`,`PID_DOC_ID`,`PID_ICA_ID`,`PID_PRO_ID`,`PID_TRA_ID`,`MD_SENDER_ID`,`MD_BUSINESSDOMAIN_ID`,`MD_VALUE`) values (21,'DOCUMENT_ID_XQUERY',7,null,null,null,null,null,'//*:Body/*/*:DocumentBundle/*:ID');
Insert into `ETR_TB_METADATA` (`MD_ID`,`MD_TYPE`,`PID_DOC_ID`,`PID_ICA_ID`,`PID_PRO_ID`,`PID_TRA_ID`,`MD_SENDER_ID`,`MD_BUSINESSDOMAIN_ID`,`MD_VALUE`) values (22,'RECEIVER_ID_XQUERY',7,null,null,null,null,null,'//*:Receiver/*:Identifier');
Insert into `ETR_TB_METADATA` (`MD_ID`,`MD_TYPE`,`PID_DOC_ID`,`PID_ICA_ID`,`PID_PRO_ID`,`PID_TRA_ID`,`MD_SENDER_ID`,`MD_BUSINESSDOMAIN_ID`,`MD_VALUE`) values (23,'DOCUMENT_XSD_URL',7,null,null,null,null,null,'/etrustex/xsd/maindoc/EC-DocumentBundle-1.0.xsd');
Insert into `ETR_TB_METADATA` (`MD_ID`,`MD_TYPE`,`PID_DOC_ID`,`PID_ICA_ID`,`PID_PRO_ID`,`PID_TRA_ID`,`MD_SENDER_ID`,`MD_BUSINESSDOMAIN_ID`,`MD_VALUE`) values (25,'DOCUMENT_ISSUEDATE_XQUERY',7,null,null,null,null,null,'//*:DocumentBundle/*:IssueDate');
Insert into `ETR_TB_METADATA` (`MD_ID`,`MD_TYPE`,`PID_DOC_ID`,`PID_ICA_ID`,`PID_PRO_ID`,`PID_TRA_ID`,`MD_SENDER_ID`,`MD_BUSINESSDOMAIN_ID`,`MD_VALUE`) values (26,'SYNCH_VALIDATE_XSD',7,null,null,null,null,null,'false');
Insert into `ETR_TB_METADATA` (`MD_ID`,`MD_TYPE`,`PID_DOC_ID`,`PID_ICA_ID`,`PID_PRO_ID`,`PID_TRA_ID`,`MD_SENDER_ID`,`MD_BUSINESSDOMAIN_ID`,`MD_VALUE`) values (27,'PARENT_DOCUMENT_ID_XQUERY',7,null,null,null,null,null,'//*:DocumentBundle/*:ParentDocumentID');
Insert into `ETR_TB_METADATA` (`MD_ID`,`MD_TYPE`,`PID_DOC_ID`,`PID_ICA_ID`,`PID_PRO_ID`,`PID_TRA_ID`,`MD_SENDER_ID`,`MD_BUSINESSDOMAIN_ID`,`MD_VALUE`) values (28,'PARENT_DOCUMENT_NA_STRATEGY',7,null,null,null,null,null,'ERROR');
Insert into `ETR_TB_METADATA` (`MD_ID`,`MD_TYPE`,`PID_DOC_ID`,`PID_ICA_ID`,`PID_PRO_ID`,`PID_TRA_ID`,`MD_SENDER_ID`,`MD_BUSINESSDOMAIN_ID`,`MD_VALUE`) values (29,'DOCUMENT_XSD_URL',null,null,null,9,null,null,'/etrustex/xsd/maindoc/EC-RetrieveRequest-2.0.xsd');
Insert into `ETR_TB_METADATA` (`MD_ID`,`MD_TYPE`,`PID_DOC_ID`,`PID_ICA_ID`,`PID_PRO_ID`,`PID_TRA_ID`,`MD_SENDER_ID`,`MD_BUSINESSDOMAIN_ID`,`MD_VALUE`) values (30,'SYNCH_VALIDATE_XSD',null,null,null,9,null,null,'true');
Insert into `ETR_TB_METADATA` (`MD_ID`,`MD_TYPE`,`PID_DOC_ID`,`PID_ICA_ID`,`PID_PRO_ID`,`PID_TRA_ID`,`MD_SENDER_ID`,`MD_BUSINESSDOMAIN_ID`,`MD_VALUE`) values (32,'PARENT_ID_NOT_FOUND_TIMEFRAME',null,null,null,null,null,null,'300000');
Insert into `ETR_TB_METADATA` (`MD_ID`,`MD_TYPE`,`PID_DOC_ID`,`PID_ICA_ID`,`PID_PRO_ID`,`PID_TRA_ID`,`MD_SENDER_ID`,`MD_BUSINESSDOMAIN_ID`,`MD_VALUE`) values (33,'DOCUMENT_XSD_URL',null,null,null,10,null,null,'/etrustex/xsd/maindoc/UBL-AttachedDocument-2.0.xsd');
Insert into `ETR_TB_METADATA` (`MD_ID`,`MD_TYPE`,`PID_DOC_ID`,`PID_ICA_ID`,`PID_PRO_ID`,`PID_TRA_ID`,`MD_SENDER_ID`,`MD_BUSINESSDOMAIN_ID`,`MD_VALUE`) values (35,'RECEIVER_ID_XQUERY',null,null,null,10,null,null,'//*:Receiver/*:Identifier');
Insert into `ETR_TB_METADATA` (`MD_ID`,`MD_TYPE`,`PID_DOC_ID`,`PID_ICA_ID`,`PID_PRO_ID`,`PID_TRA_ID`,`MD_SENDER_ID`,`MD_BUSINESSDOMAIN_ID`,`MD_VALUE`) values (36,'DOCUMENT_ID_XQUERY',null,null,null,10,null,null,'//*:AttachedDocument/*:ID');
Insert into `ETR_TB_METADATA` (`MD_ID`,`MD_TYPE`,`PID_DOC_ID`,`PID_ICA_ID`,`PID_PRO_ID`,`PID_TRA_ID`,`MD_SENDER_ID`,`MD_BUSINESSDOMAIN_ID`,`MD_VALUE`) values (37,'SYNCH_VALIDATE_XSD',null,null,null,10,null,null,'false');
Insert into `ETR_TB_METADATA` (`MD_ID`,`MD_TYPE`,`PID_DOC_ID`,`PID_ICA_ID`,`PID_PRO_ID`,`PID_TRA_ID`,`MD_SENDER_ID`,`MD_BUSINESSDOMAIN_ID`,`MD_VALUE`) values (38,'SERVER_URL',null,null,null,null,null,null,'http://10.5.0.5:8080');
Insert into `ETR_TB_METADATA` (`MD_ID`,`MD_TYPE`,`PID_DOC_ID`,`PID_ICA_ID`,`PID_PRO_ID`,`PID_TRA_ID`,`MD_SENDER_ID`,`MD_BUSINESSDOMAIN_ID`,`MD_VALUE`) values (40,'SYNCH_VALIDATE_XSD',null,null,null,11,null,null,'true');
Insert into `ETR_TB_METADATA` (`MD_ID`,`MD_TYPE`,`PID_DOC_ID`,`PID_ICA_ID`,`PID_PRO_ID`,`PID_TRA_ID`,`MD_SENDER_ID`,`MD_BUSINESSDOMAIN_ID`,`MD_VALUE`) values (41,'DOCUMENT_XSD_URL',null,null,null,11,null,null,'/etrustex/xsd/maindoc/EC-StatusRequest-2.0.xsd');
Insert into `ETR_TB_METADATA` (`MD_ID`,`MD_TYPE`,`PID_DOC_ID`,`PID_ICA_ID`,`PID_PRO_ID`,`PID_TRA_ID`,`MD_SENDER_ID`,`MD_BUSINESSDOMAIN_ID`,`MD_VALUE`) values (42,'SYNCH_VALIDATE_XSD',null,null,null,12,null,null,'true');
Insert into `ETR_TB_METADATA` (`MD_ID`,`MD_TYPE`,`PID_DOC_ID`,`PID_ICA_ID`,`PID_PRO_ID`,`PID_TRA_ID`,`MD_SENDER_ID`,`MD_BUSINESSDOMAIN_ID`,`MD_VALUE`) values (43,'DOCUMENT_XSD_URL',null,null,null,12,null,null,'/etrustex/xsd/maindoc/EC-QueryRequest-2.0.xsd');
Insert into `ETR_TB_METADATA` (`MD_ID`,`MD_TYPE`,`PID_DOC_ID`,`PID_ICA_ID`,`PID_PRO_ID`,`PID_TRA_ID`,`MD_SENDER_ID`,`MD_BUSINESSDOMAIN_ID`,`MD_VALUE`) values (45,'SYNCH_VALIDATE_XSD',null,null,null,5,null,null,'true');
Insert into `ETR_TB_METADATA` (`MD_ID`,`MD_TYPE`,`PID_DOC_ID`,`PID_ICA_ID`,`PID_PRO_ID`,`PID_TRA_ID`,`MD_SENDER_ID`,`MD_BUSINESSDOMAIN_ID`,`MD_VALUE`) values (46,'SYNCH_VALIDATE_XSD',null,null,null,7,null,null,'true');
Insert into `ETR_TB_METADATA` (`MD_ID`,`MD_TYPE`,`PID_DOC_ID`,`PID_ICA_ID`,`PID_PRO_ID`,`PID_TRA_ID`,`MD_SENDER_ID`,`MD_BUSINESSDOMAIN_ID`,`MD_VALUE`) values (48,'SYNCH_VALIDATE_XSD',null,null,null,4,null,null,'true');
Insert into `ETR_TB_METADATA` (`MD_ID`,`MD_TYPE`,`PID_DOC_ID`,`PID_ICA_ID`,`PID_PRO_ID`,`PID_TRA_ID`,`MD_SENDER_ID`,`MD_BUSINESSDOMAIN_ID`,`MD_VALUE`) values (49,'DOCUMENT_XSD_URL',null,null,null,4,null,null,'/etrustex/xsd/maindoc/EC-InboxRequest-2.0.xsd');
Insert into `ETR_TB_METADATA` (`MD_ID`,`MD_TYPE`,`PID_DOC_ID`,`PID_ICA_ID`,`PID_PRO_ID`,`PID_TRA_ID`,`MD_SENDER_ID`,`MD_BUSINESSDOMAIN_ID`,`MD_VALUE`) values (50,'DOCUMENT_ID_XQUERY',null,null,null,3,null,null,'//*:ApplicationResponse/*:ID');
Insert into `ETR_TB_METADATA` (`MD_ID`,`MD_TYPE`,`PID_DOC_ID`,`PID_ICA_ID`,`PID_PRO_ID`,`PID_TRA_ID`,`MD_SENDER_ID`,`MD_BUSINESSDOMAIN_ID`,`MD_VALUE`) values (51,'SENDER_ID_XQUERY',null,null,null,3,null,null,'//*:Sender/*:Identifier');
Insert into `ETR_TB_METADATA` (`MD_ID`,`MD_TYPE`,`PID_DOC_ID`,`PID_ICA_ID`,`PID_PRO_ID`,`PID_TRA_ID`,`MD_SENDER_ID`,`MD_BUSINESSDOMAIN_ID`,`MD_VALUE`) values (52,'RECEIVER_ID_XQUERY',null,null,null,3,null,null,'//*:Receiver/*:Identifier');
Insert into `ETR_TB_METADATA` (`MD_ID`,`MD_TYPE`,`PID_DOC_ID`,`PID_ICA_ID`,`PID_PRO_ID`,`PID_TRA_ID`,`MD_SENDER_ID`,`MD_BUSINESSDOMAIN_ID`,`MD_VALUE`) values (53,'DOCUMENT_XSD_URL',null,null,null,3,null,null,'/etrustex/xsd/maindoc/UBL-ApplicationResponse-2.0.xsd');
Insert into `ETR_TB_METADATA` (`MD_ID`,`MD_TYPE`,`PID_DOC_ID`,`PID_ICA_ID`,`PID_PRO_ID`,`PID_TRA_ID`,`MD_SENDER_ID`,`MD_BUSINESSDOMAIN_ID`,`MD_VALUE`) values (54,'DOCUMENT_ISSUEDATE_XQUERY',null,null,null,3,null,null,'//*:ApplicationResponse/*:IssueDate');
Insert into `ETR_TB_METADATA` (`MD_ID`,`MD_TYPE`,`PID_DOC_ID`,`PID_ICA_ID`,`PID_PRO_ID`,`PID_TRA_ID`,`MD_SENDER_ID`,`MD_BUSINESSDOMAIN_ID`,`MD_VALUE`) values (55,'SYNCH_VALIDATE_XSD',null,null,null,3,null,null,'false');
Insert into `ETR_TB_METADATA` (`MD_ID`,`MD_TYPE`,`PID_DOC_ID`,`PID_ICA_ID`,`PID_PRO_ID`,`PID_TRA_ID`,`MD_SENDER_ID`,`MD_BUSINESSDOMAIN_ID`,`MD_VALUE`) values (56,'PARENT_DOCUMENT_ID_XQUERY',null,null,null,3,null,null,'//*:ApplicationResponse/*:DocumentResponse/*:DocumentReference/*:ID');
Insert into `ETR_TB_METADATA` (`MD_ID`,`MD_TYPE`,`PID_DOC_ID`,`PID_ICA_ID`,`PID_PRO_ID`,`PID_TRA_ID`,`MD_SENDER_ID`,`MD_BUSINESSDOMAIN_ID`,`MD_VALUE`) values (57,'PARENT_DOCUMENT_NA_STRATEGY',null,null,null,3,null,null,'ERROR');
Insert into `ETR_TB_METADATA` (`MD_ID`,`MD_TYPE`,`PID_DOC_ID`,`PID_ICA_ID`,`PID_PRO_ID`,`PID_TRA_ID`,`MD_SENDER_ID`,`MD_BUSINESSDOMAIN_ID`,`MD_VALUE`) values (59,'SYNCH_VALIDATE_XSD',null,null,null,6,null,null,'true');
Insert into `ETR_TB_METADATA` (`MD_ID`,`MD_TYPE`,`PID_DOC_ID`,`PID_ICA_ID`,`PID_PRO_ID`,`PID_TRA_ID`,`MD_SENDER_ID`,`MD_BUSINESSDOMAIN_ID`,`MD_VALUE`) values (60,'SENDER_ID_XQUERY',13,null,null,null,null,null,'//*:Sender/*:Identifier');
Insert into `ETR_TB_METADATA` (`MD_ID`,`MD_TYPE`,`PID_DOC_ID`,`PID_ICA_ID`,`PID_PRO_ID`,`PID_TRA_ID`,`MD_SENDER_ID`,`MD_BUSINESSDOMAIN_ID`,`MD_VALUE`) values (61,'DOCUMENT_ID_XQUERY',13,null,null,null,null,null,'//*:DocumentBundle/*:ID');
Insert into `ETR_TB_METADATA` (`MD_ID`,`MD_TYPE`,`PID_DOC_ID`,`PID_ICA_ID`,`PID_PRO_ID`,`PID_TRA_ID`,`MD_SENDER_ID`,`MD_BUSINESSDOMAIN_ID`,`MD_VALUE`) values (62,'RECEIVER_ID_XQUERY',13,null,null,null,null,null,'//*:Receiver/*:Identifier');
Insert into `ETR_TB_METADATA` (`MD_ID`,`MD_TYPE`,`PID_DOC_ID`,`PID_ICA_ID`,`PID_PRO_ID`,`PID_TRA_ID`,`MD_SENDER_ID`,`MD_BUSINESSDOMAIN_ID`,`MD_VALUE`) values (63,'DOCUMENT_XSD_URL',13,null,null,null,null,null,'/etrustex/xsd/maindoc/EC-DocumentBundleJustice-1.0.xsd');
Insert into `ETR_TB_METADATA` (`MD_ID`,`MD_TYPE`,`PID_DOC_ID`,`PID_ICA_ID`,`PID_PRO_ID`,`PID_TRA_ID`,`MD_SENDER_ID`,`MD_BUSINESSDOMAIN_ID`,`MD_VALUE`) values (65,'DOCUMENT_ISSUEDATE_XQUERY',13,null,null,null,null,null,'//*:DocumentBundle/*:IssueDate');
Insert into `ETR_TB_METADATA` (`MD_ID`,`MD_TYPE`,`PID_DOC_ID`,`PID_ICA_ID`,`PID_PRO_ID`,`PID_TRA_ID`,`MD_SENDER_ID`,`MD_BUSINESSDOMAIN_ID`,`MD_VALUE`) values (66,'SYNCH_VALIDATE_XSD',13,null,null,null,null,null,'false');
Insert into `ETR_TB_METADATA` (`MD_ID`,`MD_TYPE`,`PID_DOC_ID`,`PID_ICA_ID`,`PID_PRO_ID`,`PID_TRA_ID`,`MD_SENDER_ID`,`MD_BUSINESSDOMAIN_ID`,`MD_VALUE`) values (67,'PARENT_DOCUMENT_ID_XQUERY',13,null,null,null,null,null,'//*:DocumentBundle/*:ParentDocumentID');
Insert into `ETR_TB_METADATA` (`MD_ID`,`MD_TYPE`,`PID_DOC_ID`,`PID_ICA_ID`,`PID_PRO_ID`,`PID_TRA_ID`,`MD_SENDER_ID`,`MD_BUSINESSDOMAIN_ID`,`MD_VALUE`) values (68,'PARENT_DOCUMENT_NA_STRATEGY',13,null,null,null,null,null,'ERROR');
Insert into `ETR_TB_METADATA` (`MD_ID`,`MD_TYPE`,`PID_DOC_ID`,`PID_ICA_ID`,`PID_PRO_ID`,`PID_TRA_ID`,`MD_SENDER_ID`,`MD_BUSINESSDOMAIN_ID`,`MD_VALUE`) values (69,'CORRELATION_ID_XQUERY',13,null,null,null,null,null,'//*:DocumentBundle/*:OriginatorDocumentReference/*:ID');
Insert into `ETR_TB_METADATA` (`MD_ID`,`MD_TYPE`,`PID_DOC_ID`,`PID_ICA_ID`,`PID_PRO_ID`,`PID_TRA_ID`,`MD_SENDER_ID`,`MD_BUSINESSDOMAIN_ID`,`MD_VALUE`) values (70,'REPLYTO_XQUERY',13,null,null,null,null,null,'//*:ReplyTo/*:Address');
Insert into `ETR_TB_METADATA` (`MD_ID`,`MD_TYPE`,`PID_DOC_ID`,`PID_ICA_ID`,`PID_PRO_ID`,`PID_TRA_ID`,`MD_SENDER_ID`,`MD_BUSINESSDOMAIN_ID`,`MD_VALUE`) values (71,'INSTANCE_IDENTIFIER_XQUERY',13,null,null,null,null,null,'//*:Header/*:BusinessHeader/*:DocumentIdentification/*:InstanceIdentifier');
Insert into `ETR_TB_METADATA` (`MD_ID`,`MD_TYPE`,`PID_DOC_ID`,`PID_ICA_ID`,`PID_PRO_ID`,`PID_TRA_ID`,`MD_SENDER_ID`,`MD_BUSINESSDOMAIN_ID`,`MD_VALUE`) values (72,'DOCUMENT_ISSUETIME_XQUERY',13,null,null,null,null,null,'//*:DocumentBundle/*:IssueTime');
Insert into `ETR_TB_METADATA` (`MD_ID`,`MD_TYPE`,`PID_DOC_ID`,`PID_ICA_ID`,`PID_PRO_ID`,`PID_TRA_ID`,`MD_SENDER_ID`,`MD_BUSINESSDOMAIN_ID`,`MD_VALUE`) values (73,'DOCUMENT_XSD_URL',null,null,null,16,null,null,'/etrustex/xsd/maindoc/EC-QueryRequestJustice-2.0.xsd');
Insert into `ETR_TB_METADATA` (`MD_ID`,`MD_TYPE`,`PID_DOC_ID`,`PID_ICA_ID`,`PID_PRO_ID`,`PID_TRA_ID`,`MD_SENDER_ID`,`MD_BUSINESSDOMAIN_ID`,`MD_VALUE`) values (75,'SENDER_ID_XQUERY',null,null,null,16,null,null,'//*:Sender/*:Identifier');
Insert into `ETR_TB_METADATA` (`MD_ID`,`MD_TYPE`,`PID_DOC_ID`,`PID_ICA_ID`,`PID_PRO_ID`,`PID_TRA_ID`,`MD_SENDER_ID`,`MD_BUSINESSDOMAIN_ID`,`MD_VALUE`) values (76,'CORRELATION_ID_XQUERY',null,null,null,16,null,null,'//*:ExtendedRequestDocumentParameter/*:OriginatorDocumentReference/*:ID');
Insert into `ETR_TB_METADATA` (`MD_ID`,`MD_TYPE`,`PID_DOC_ID`,`PID_ICA_ID`,`PID_PRO_ID`,`PID_TRA_ID`,`MD_SENDER_ID`,`MD_BUSINESSDOMAIN_ID`,`MD_VALUE`) values (77,'SYNCH_VALIDATE_XSD',null,null,null,16,null,null,'true');
Insert into `ETR_TB_METADATA` (`MD_ID`,`MD_TYPE`,`PID_DOC_ID`,`PID_ICA_ID`,`PID_PRO_ID`,`PID_TRA_ID`,`MD_SENDER_ID`,`MD_BUSINESSDOMAIN_ID`,`MD_VALUE`) values (78,'DOCUMENT_XSD_URL',12,null,null,null,null,null,'/etrustex/xsd/maindoc/EC-RetrieveInterchangeAgreementsRequest-2.1.xsd');
Insert into `ETR_TB_METADATA` (`MD_ID`,`MD_TYPE`,`PID_DOC_ID`,`PID_ICA_ID`,`PID_PRO_ID`,`PID_TRA_ID`,`MD_SENDER_ID`,`MD_BUSINESSDOMAIN_ID`,`MD_VALUE`) values (79,'SYNCH_VALIDATE_XSD',12,null,null,null,null,null,'true');
Insert into `ETR_TB_METADATA` (`MD_ID`,`MD_TYPE`,`PID_DOC_ID`,`PID_ICA_ID`,`PID_PRO_ID`,`PID_TRA_ID`,`MD_SENDER_ID`,`MD_BUSINESSDOMAIN_ID`,`MD_VALUE`) values (80,'SYNCH_VALIDATE_XSD',null,null,null,17,null,null,'true');
Insert into `ETR_TB_METADATA` (`MD_ID`,`MD_TYPE`,`PID_DOC_ID`,`PID_ICA_ID`,`PID_PRO_ID`,`PID_TRA_ID`,`MD_SENDER_ID`,`MD_BUSINESSDOMAIN_ID`,`MD_VALUE`) values (81,'DOCUMENT_XSD_URL',null,null,null,17,null,null,'/eprior/xsd/maindoc/EC-StatusRequest-0.1.xsd');
Insert into `ETR_TB_METADATA` (`MD_ID`,`MD_TYPE`,`PID_DOC_ID`,`PID_ICA_ID`,`PID_PRO_ID`,`PID_TRA_ID`,`MD_SENDER_ID`,`MD_BUSINESSDOMAIN_ID`,`MD_VALUE`) values (82,'SENDER_ID_XQUERY',null,null,null,17,null,null,'//*:AuthorisationHeader/*:SupplierID');
Insert into `ETR_TB_METADATA` (`MD_ID`,`MD_TYPE`,`PID_DOC_ID`,`PID_ICA_ID`,`PID_PRO_ID`,`PID_TRA_ID`,`MD_SENDER_ID`,`MD_BUSINESSDOMAIN_ID`,`MD_VALUE`) values (83,'SENDER_ID_XQUERY',16,null,null,null,null,null,'//*:Sender/*:Identifier');
Insert into `ETR_TB_METADATA` (`MD_ID`,`MD_TYPE`,`PID_DOC_ID`,`PID_ICA_ID`,`PID_PRO_ID`,`PID_TRA_ID`,`MD_SENDER_ID`,`MD_BUSINESSDOMAIN_ID`,`MD_VALUE`) values (84,'RECEIVER_ID_XQUERY',16,null,null,null,null,null,'//*:Receiver/*:Identifier');
Insert into `ETR_TB_METADATA` (`MD_ID`,`MD_TYPE`,`PID_DOC_ID`,`PID_ICA_ID`,`PID_PRO_ID`,`PID_TRA_ID`,`MD_SENDER_ID`,`MD_BUSINESSDOMAIN_ID`,`MD_VALUE`) values (85,'DOCUMENT_ID_XQUERY',16,null,null,null,null,null,'//*:Shortlist/*:ID');
Insert into `ETR_TB_METADATA` (`MD_ID`,`MD_TYPE`,`PID_DOC_ID`,`PID_ICA_ID`,`PID_PRO_ID`,`PID_TRA_ID`,`MD_SENDER_ID`,`MD_BUSINESSDOMAIN_ID`,`MD_VALUE`) values (86,'SYNCH_VALIDATE_XSD',16,null,null,null,null,null,'false');
Insert into `ETR_TB_METADATA` (`MD_ID`,`MD_TYPE`,`PID_DOC_ID`,`PID_ICA_ID`,`PID_PRO_ID`,`PID_TRA_ID`,`MD_SENDER_ID`,`MD_BUSINESSDOMAIN_ID`,`MD_VALUE`) values (87,'DOCUMENT_XSD_URL',16,null,null,null,null,null,'/eprior/xsd2.1/maindoc/EC-Shortlist-0.1.xsd');
Insert into `ETR_TB_METADATA` (`MD_ID`,`MD_TYPE`,`PID_DOC_ID`,`PID_ICA_ID`,`PID_PRO_ID`,`PID_TRA_ID`,`MD_SENDER_ID`,`MD_BUSINESSDOMAIN_ID`,`MD_VALUE`) values (89,'DOCUMENT_ISSUEDATE_XQUERY',16,null,null,null,null,null,'//*:Shortlist/*:IssueDate');
Insert into `ETR_TB_METADATA` (`MD_ID`,`MD_TYPE`,`PID_DOC_ID`,`PID_ICA_ID`,`PID_PRO_ID`,`PID_TRA_ID`,`MD_SENDER_ID`,`MD_BUSINESSDOMAIN_ID`,`MD_VALUE`) values (90,'PARENT_DOCUMENT_ID_XQUERY',16,null,null,null,null,null,'//*:Shortlist/*:CallForTendersDocumentReference/*:ID');
Insert into `ETR_TB_METADATA` (`MD_ID`,`MD_TYPE`,`PID_DOC_ID`,`PID_ICA_ID`,`PID_PRO_ID`,`PID_TRA_ID`,`MD_SENDER_ID`,`MD_BUSINESSDOMAIN_ID`,`MD_VALUE`) values (91,'PARENT_DOCUMENT_NA_STRATEGY',16,null,null,null,null,null,'ERROR');
Insert into `ETR_TB_METADATA` (`MD_ID`,`MD_TYPE`,`PID_DOC_ID`,`PID_ICA_ID`,`PID_PRO_ID`,`PID_TRA_ID`,`MD_SENDER_ID`,`MD_BUSINESSDOMAIN_ID`,`MD_VALUE`) values (92,'DOCUMENT_ISSUEDATE_XQUERY',null,null,null,10,null,null,'//*:AttachedDocument/*:IssueDate');
Insert into `ETR_TB_METADATA` (`MD_ID`,`MD_TYPE`,`PID_DOC_ID`,`PID_ICA_ID`,`PID_PRO_ID`,`PID_TRA_ID`,`MD_SENDER_ID`,`MD_BUSINESSDOMAIN_ID`,`MD_VALUE`) values (93,'DOCUMENT_ID_XQUERY',null,null,null,18,null,null,'//*:AttachedDocument/*:ID');
Insert into `ETR_TB_METADATA` (`MD_ID`,`MD_TYPE`,`PID_DOC_ID`,`PID_ICA_ID`,`PID_PRO_ID`,`PID_TRA_ID`,`MD_SENDER_ID`,`MD_BUSINESSDOMAIN_ID`,`MD_VALUE`) values (94,'SENDER_ID_XQUERY',null,null,null,18,null,null,'//*:AuthorisationHeader/*:CustomerID');
Insert into `ETR_TB_METADATA` (`MD_ID`,`MD_TYPE`,`PID_DOC_ID`,`PID_ICA_ID`,`PID_PRO_ID`,`PID_TRA_ID`,`MD_SENDER_ID`,`MD_BUSINESSDOMAIN_ID`,`MD_VALUE`) values (95,'RECEIVER_ID_XQUERY',null,null,null,18,null,null,'//*:AuthorisationHeader/*:SupplierID');
Insert into `ETR_TB_METADATA` (`MD_ID`,`MD_TYPE`,`PID_DOC_ID`,`PID_ICA_ID`,`PID_PRO_ID`,`PID_TRA_ID`,`MD_SENDER_ID`,`MD_BUSINESSDOMAIN_ID`,`MD_VALUE`) values (96,'SYNCH_VALIDATE_XSD',null,null,null,18,null,null,'false');
Insert into `ETR_TB_METADATA` (`MD_ID`,`MD_TYPE`,`PID_DOC_ID`,`PID_ICA_ID`,`PID_PRO_ID`,`PID_TRA_ID`,`MD_SENDER_ID`,`MD_BUSINESSDOMAIN_ID`,`MD_VALUE`) values (97,'DOCUMENT_XSD_URL',null,null,null,18,null,null,'/eprior/xsd/maindoc/UBL-AttachedDocument-2.0.xsd');
Insert into `ETR_TB_METADATA` (`MD_ID`,`MD_TYPE`,`PID_DOC_ID`,`PID_ICA_ID`,`PID_PRO_ID`,`PID_TRA_ID`,`MD_SENDER_ID`,`MD_BUSINESSDOMAIN_ID`,`MD_VALUE`) values (98,'DOCUMENT_ISSUEDATE_XQUERY',null,null,null,18,null,null,'//*:AttachedDocument/*:IssueDate');
Insert into `ETR_TB_METADATA` (`MD_ID`,`MD_TYPE`,`PID_DOC_ID`,`PID_ICA_ID`,`PID_PRO_ID`,`PID_TRA_ID`,`MD_SENDER_ID`,`MD_BUSINESSDOMAIN_ID`,`MD_VALUE`) values (101,'DOCUMENT_ID_XQUERY',17,null,null,null,null,null,'//*:TenderReceipt/*:ID');
Insert into `ETR_TB_METADATA` (`MD_ID`,`MD_TYPE`,`PID_DOC_ID`,`PID_ICA_ID`,`PID_PRO_ID`,`PID_TRA_ID`,`MD_SENDER_ID`,`MD_BUSINESSDOMAIN_ID`,`MD_VALUE`) values (102,'SYNCH_VALIDATE_XSD',17,null,null,null,null,null,'false');
Insert into `ETR_TB_METADATA` (`MD_ID`,`MD_TYPE`,`PID_DOC_ID`,`PID_ICA_ID`,`PID_PRO_ID`,`PID_TRA_ID`,`MD_SENDER_ID`,`MD_BUSINESSDOMAIN_ID`,`MD_VALUE`) values (103,'SENDER_ID_XQUERY',17,null,null,null,null,null,'//*:Sender/*:Identifier');
Insert into `ETR_TB_METADATA` (`MD_ID`,`MD_TYPE`,`PID_DOC_ID`,`PID_ICA_ID`,`PID_PRO_ID`,`PID_TRA_ID`,`MD_SENDER_ID`,`MD_BUSINESSDOMAIN_ID`,`MD_VALUE`) values (104,'RECEIVER_ID_XQUERY',17,null,null,null,null,null,'//*:Receiver/*:Identifier');
Insert into `ETR_TB_METADATA` (`MD_ID`,`MD_TYPE`,`PID_DOC_ID`,`PID_ICA_ID`,`PID_PRO_ID`,`PID_TRA_ID`,`MD_SENDER_ID`,`MD_BUSINESSDOMAIN_ID`,`MD_VALUE`) values (105,'DOCUMENT_XSD_URL',17,null,null,null,null,null,'/eprior/xsd2.1/maindoc/UBL-TenderReceipt-2.1.xsd');
Insert into `ETR_TB_METADATA` (`MD_ID`,`MD_TYPE`,`PID_DOC_ID`,`PID_ICA_ID`,`PID_PRO_ID`,`PID_TRA_ID`,`MD_SENDER_ID`,`MD_BUSINESSDOMAIN_ID`,`MD_VALUE`) values (106,'DOCUMENT_ISSUEDATE_XQUERY',17,null,null,null,null,null,'//*:TenderReceipt/*:IssueDate');
Insert into `ETR_TB_METADATA` (`MD_ID`,`MD_TYPE`,`PID_DOC_ID`,`PID_ICA_ID`,`PID_PRO_ID`,`PID_TRA_ID`,`MD_SENDER_ID`,`MD_BUSINESSDOMAIN_ID`,`MD_VALUE`) values (109,'DOCUMENT_ISSUETIME_XQUERY',17,null,null,null,null,null,'//*:TenderReceipt/*:IssueTime');
Insert into `ETR_TB_METADATA` (`MD_ID`,`MD_TYPE`,`PID_DOC_ID`,`PID_ICA_ID`,`PID_PRO_ID`,`PID_TRA_ID`,`MD_SENDER_ID`,`MD_BUSINESSDOMAIN_ID`,`MD_VALUE`) values (110,'SENDER_ID_XQUERY',null,null,null,20,null,null,'//*:Sender/*:Identifier');
Insert into `ETR_TB_METADATA` (`MD_ID`,`MD_TYPE`,`PID_DOC_ID`,`PID_ICA_ID`,`PID_PRO_ID`,`PID_TRA_ID`,`MD_SENDER_ID`,`MD_BUSINESSDOMAIN_ID`,`MD_VALUE`) values (111,'DOCUMENT_XSD_URL',null,null,null,20,null,null,'/eprior/xsd2.1/maindoc/UBL-CallForTenders-2.1.xsd');
Insert into `ETR_TB_METADATA` (`MD_ID`,`MD_TYPE`,`PID_DOC_ID`,`PID_ICA_ID`,`PID_PRO_ID`,`PID_TRA_ID`,`MD_SENDER_ID`,`MD_BUSINESSDOMAIN_ID`,`MD_VALUE`) values (112,'SYNCH_VALIDATE_XSD',null,null,null,20,null,null,'false');
Insert into `ETR_TB_METADATA` (`MD_ID`,`MD_TYPE`,`PID_DOC_ID`,`PID_ICA_ID`,`PID_PRO_ID`,`PID_TRA_ID`,`MD_SENDER_ID`,`MD_BUSINESSDOMAIN_ID`,`MD_VALUE`) values (114,'RECEIVER_ID_XQUERY',null,null,null,20,null,null,'//*:Receiver/*:Identifier');
Insert into `ETR_TB_METADATA` (`MD_ID`,`MD_TYPE`,`PID_DOC_ID`,`PID_ICA_ID`,`PID_PRO_ID`,`PID_TRA_ID`,`MD_SENDER_ID`,`MD_BUSINESSDOMAIN_ID`,`MD_VALUE`) values (115,'DOCUMENT_ID_XQUERY',null,null,null,20,null,null,'concat(//*:Body/*/*:CallForTenders/*:UUID/text(), ''::'', //*:Body/*/*:CallForTenders/*:ID/text())');
Insert into `ETR_TB_METADATA` (`MD_ID`,`MD_TYPE`,`PID_DOC_ID`,`PID_ICA_ID`,`PID_PRO_ID`,`PID_TRA_ID`,`MD_SENDER_ID`,`MD_BUSINESSDOMAIN_ID`,`MD_VALUE`) values (116,'DOCUMENT_ISSUEDATE_XQUERY',null,null,null,20,null,null,'//*:CallForTenders/*:IssueDate');
Insert into `ETR_TB_METADATA` (`MD_ID`,`MD_TYPE`,`PID_DOC_ID`,`PID_ICA_ID`,`PID_PRO_ID`,`PID_TRA_ID`,`MD_SENDER_ID`,`MD_BUSINESSDOMAIN_ID`,`MD_VALUE`) values (117,'DOCUMENT_VERSION_XQUERY',null,null,null,20,null,null,'//*:CallForTenders/*:ID');
Insert into `ETR_TB_METADATA` (`MD_ID`,`MD_TYPE`,`PID_DOC_ID`,`PID_ICA_ID`,`PID_PRO_ID`,`PID_TRA_ID`,`MD_SENDER_ID`,`MD_BUSINESSDOMAIN_ID`,`MD_VALUE`) values (120,'SYNCH_VALIDATE_XSD',null,null,null,21,null,null,'true');
Insert into `ETR_TB_METADATA` (`MD_ID`,`MD_TYPE`,`PID_DOC_ID`,`PID_ICA_ID`,`PID_PRO_ID`,`PID_TRA_ID`,`MD_SENDER_ID`,`MD_BUSINESSDOMAIN_ID`,`MD_VALUE`) values (121,'DOCUMENT_XSD_URL',null,null,null,21,null,null,'/eprior/xsd/maindoc/EC-RetrieveRequest-0.1.xsd');
Insert into `ETR_TB_METADATA` (`MD_ID`,`MD_TYPE`,`PID_DOC_ID`,`PID_ICA_ID`,`PID_PRO_ID`,`PID_TRA_ID`,`MD_SENDER_ID`,`MD_BUSINESSDOMAIN_ID`,`MD_VALUE`) values (122,'SENDER_ID_XQUERY',null,null,null,21,null,null,'//*:AuthorisationHeader/*:SupplierID');
Insert into `ETR_TB_METADATA` (`MD_ID`,`MD_TYPE`,`PID_DOC_ID`,`PID_ICA_ID`,`PID_PRO_ID`,`PID_TRA_ID`,`MD_SENDER_ID`,`MD_BUSINESSDOMAIN_ID`,`MD_VALUE`) values (132,'SENDER_ID_XQUERY',null,null,null,22,null,null,'//*:Sender/*:Identifier');
Insert into `ETR_TB_METADATA` (`MD_ID`,`MD_TYPE`,`PID_DOC_ID`,`PID_ICA_ID`,`PID_PRO_ID`,`PID_TRA_ID`,`MD_SENDER_ID`,`MD_BUSINESSDOMAIN_ID`,`MD_VALUE`) values (133,'DOCUMENT_XSD_URL',null,null,null,22,null,null,'/eprior/xsd2.1/maindoc/UBL-TendererQualificationResponse-2.1.xsd');
Insert into `ETR_TB_METADATA` (`MD_ID`,`MD_TYPE`,`PID_DOC_ID`,`PID_ICA_ID`,`PID_PRO_ID`,`PID_TRA_ID`,`MD_SENDER_ID`,`MD_BUSINESSDOMAIN_ID`,`MD_VALUE`) values (136,'RECEIVER_ID_XQUERY',null,null,null,22,null,null,'//*:Receiver/*:Identifier');
Insert into `ETR_TB_METADATA` (`MD_ID`,`MD_TYPE`,`PID_DOC_ID`,`PID_ICA_ID`,`PID_PRO_ID`,`PID_TRA_ID`,`MD_SENDER_ID`,`MD_BUSINESSDOMAIN_ID`,`MD_VALUE`) values (137,'DOCUMENT_ID_XQUERY',null,null,null,22,null,null,'//*:TendererQualificationResponse/*:ID');
Insert into `ETR_TB_METADATA` (`MD_ID`,`MD_TYPE`,`PID_DOC_ID`,`PID_ICA_ID`,`PID_PRO_ID`,`PID_TRA_ID`,`MD_SENDER_ID`,`MD_BUSINESSDOMAIN_ID`,`MD_VALUE`) values (138,'DOCUMENT_ISSUEDATE_XQUERY',null,null,null,22,null,null,'//*:TendererQualificationResponse/*:IssueDate');
Insert into `ETR_TB_METADATA` (`MD_ID`,`MD_TYPE`,`PID_DOC_ID`,`PID_ICA_ID`,`PID_PRO_ID`,`PID_TRA_ID`,`MD_SENDER_ID`,`MD_BUSINESSDOMAIN_ID`,`MD_VALUE`) values (141,'SYNCH_VALIDATE_XSD',null,null,null,24,null,null,'true');
Insert into `ETR_TB_METADATA` (`MD_ID`,`MD_TYPE`,`PID_DOC_ID`,`PID_ICA_ID`,`PID_PRO_ID`,`PID_TRA_ID`,`MD_SENDER_ID`,`MD_BUSINESSDOMAIN_ID`,`MD_VALUE`) values (142,'DOCUMENT_XSD_URL',null,null,null,24,null,null,'/eprior/xsd/maindoc/EC-CreateParty-2.0.xsd');
Insert into `ETR_TB_METADATA` (`MD_ID`,`MD_TYPE`,`PID_DOC_ID`,`PID_ICA_ID`,`PID_PRO_ID`,`PID_TRA_ID`,`MD_SENDER_ID`,`MD_BUSINESSDOMAIN_ID`,`MD_VALUE`) values (143,'SENDER_ID_XQUERY',null,null,null,24,null,null,'//*:Sender/*:Identifier');
Insert into `ETR_TB_METADATA` (`MD_ID`,`MD_TYPE`,`PID_DOC_ID`,`PID_ICA_ID`,`PID_PRO_ID`,`PID_TRA_ID`,`MD_SENDER_ID`,`MD_BUSINESSDOMAIN_ID`,`MD_VALUE`) values (144,'SYNCH_VALIDATE_XSD',null,null,null,25,null,null,'true');
Insert into `ETR_TB_METADATA` (`MD_ID`,`MD_TYPE`,`PID_DOC_ID`,`PID_ICA_ID`,`PID_PRO_ID`,`PID_TRA_ID`,`MD_SENDER_ID`,`MD_BUSINESSDOMAIN_ID`,`MD_VALUE`) values (145,'DOCUMENT_XSD_URL',null,null,null,25,null,null,'/eprior/xsd/maindoc/EC-CreateInterchangeAgreement-2.0.xsd');
Insert into `ETR_TB_METADATA` (`MD_ID`,`MD_TYPE`,`PID_DOC_ID`,`PID_ICA_ID`,`PID_PRO_ID`,`PID_TRA_ID`,`MD_SENDER_ID`,`MD_BUSINESSDOMAIN_ID`,`MD_VALUE`) values (146,'SENDER_ID_XQUERY',null,null,null,25,null,null,'//*:Sender/*:Identifier');
Insert into `ETR_TB_METADATA` (`MD_ID`,`MD_TYPE`,`PID_DOC_ID`,`PID_ICA_ID`,`PID_PRO_ID`,`PID_TRA_ID`,`MD_SENDER_ID`,`MD_BUSINESSDOMAIN_ID`,`MD_VALUE`) values (147,'PARENT_DOCUMENT_ID_XQUERY',null,null,null,18,null,null,'//*:AttachedDocument/*:ParentDocumentID');
Insert into `ETR_TB_METADATA` (`MD_ID`,`MD_TYPE`,`PID_DOC_ID`,`PID_ICA_ID`,`PID_PRO_ID`,`PID_TRA_ID`,`MD_SENDER_ID`,`MD_BUSINESSDOMAIN_ID`,`MD_VALUE`) values (148,'PARENT_DOCUMENT_NA_STRATEGY',null,null,null,18,null,null,'WAIT');
Insert into `ETR_TB_METADATA` (`MD_ID`,`MD_TYPE`,`PID_DOC_ID`,`PID_ICA_ID`,`PID_PRO_ID`,`PID_TRA_ID`,`MD_SENDER_ID`,`MD_BUSINESSDOMAIN_ID`,`MD_VALUE`) values (149,'PARENT_DOCUMENT_ID_XQUERY',null,null,null,10,null,null,'//*:AttachedDocument/*:ParentDocumentID');
Insert into `ETR_TB_METADATA` (`MD_ID`,`MD_TYPE`,`PID_DOC_ID`,`PID_ICA_ID`,`PID_PRO_ID`,`PID_TRA_ID`,`MD_SENDER_ID`,`MD_BUSINESSDOMAIN_ID`,`MD_VALUE`) values (150,'PARENT_DOCUMENT_NA_STRATEGY',null,null,null,10,null,null,'WAIT');
Insert into `ETR_TB_METADATA` (`MD_ID`,`MD_TYPE`,`PID_DOC_ID`,`PID_ICA_ID`,`PID_PRO_ID`,`PID_TRA_ID`,`MD_SENDER_ID`,`MD_BUSINESSDOMAIN_ID`,`MD_VALUE`) values (151,'PARENT_DOCUMENT_ID_XQUERY',17,null,null,null,null,null,'//*:TenderReceipt/*:TenderDocumentReference[*:DocumentTypeCode = ''BDL'']/*:ID');
Insert into `ETR_TB_METADATA` (`MD_ID`,`MD_TYPE`,`PID_DOC_ID`,`PID_ICA_ID`,`PID_PRO_ID`,`PID_TRA_ID`,`MD_SENDER_ID`,`MD_BUSINESSDOMAIN_ID`,`MD_VALUE`) values (152,'PARENT_DOCUMENT_NA_STRATEGY',17,null,null,null,null,null,'ERROR');
Insert into `ETR_TB_METADATA` (`MD_ID`,`MD_TYPE`,`PID_DOC_ID`,`PID_ICA_ID`,`PID_PRO_ID`,`PID_TRA_ID`,`MD_SENDER_ID`,`MD_BUSINESSDOMAIN_ID`,`MD_VALUE`) values (153,'SYNCH_VALIDATE_XSD',null,null,null,26,null,null,'true');
Insert into `ETR_TB_METADATA` (`MD_ID`,`MD_TYPE`,`PID_DOC_ID`,`PID_ICA_ID`,`PID_PRO_ID`,`PID_TRA_ID`,`MD_SENDER_ID`,`MD_BUSINESSDOMAIN_ID`,`MD_VALUE`) values (154,'DOCUMENT_XSD_URL',null,null,null,26,null,null,'/eprior/xsd/maindoc/EC-QueryRequest-0.2.xsd');
Insert into `ETR_TB_METADATA` (`MD_ID`,`MD_TYPE`,`PID_DOC_ID`,`PID_ICA_ID`,`PID_PRO_ID`,`PID_TRA_ID`,`MD_SENDER_ID`,`MD_BUSINESSDOMAIN_ID`,`MD_VALUE`) values (156,'SYNCH_VALIDATE_XSD',null,null,null,27,null,null,'true');
Insert into `ETR_TB_METADATA` (`MD_ID`,`MD_TYPE`,`PID_DOC_ID`,`PID_ICA_ID`,`PID_PRO_ID`,`PID_TRA_ID`,`MD_SENDER_ID`,`MD_BUSINESSDOMAIN_ID`,`MD_VALUE`) values (157,'DOCUMENT_XSD_URL',null,null,null,27,null,null,'/eprior/xsd/maindoc/EC-ViewRequest-0.1.xsd');
Insert into `ETR_TB_METADATA` (`MD_ID`,`MD_TYPE`,`PID_DOC_ID`,`PID_ICA_ID`,`PID_PRO_ID`,`PID_TRA_ID`,`MD_SENDER_ID`,`MD_BUSINESSDOMAIN_ID`,`MD_VALUE`) values (159,'AVAILABLE_NOTIFICATION_XPATH',7,null,null,null,null,null,'//*:BusinessHeader/*:BusinessScope/*:Scope/*:Type');
Insert into `ETR_TB_METADATA` (`MD_ID`,`MD_TYPE`,`PID_DOC_ID`,`PID_ICA_ID`,`PID_PRO_ID`,`PID_TRA_ID`,`MD_SENDER_ID`,`MD_BUSINESSDOMAIN_ID`,`MD_VALUE`) values (160,'DOCUMENT_XSD_URL',null,null,null,1,null,null,'/eprior/xsd/maindoc/UBL-Invoice-2.0.xsd');
Insert into `ETR_TB_METADATA` (`MD_ID`,`MD_TYPE`,`PID_DOC_ID`,`PID_ICA_ID`,`PID_PRO_ID`,`PID_TRA_ID`,`MD_SENDER_ID`,`MD_BUSINESSDOMAIN_ID`,`MD_VALUE`) values (164,'RECEIVER_ID_XQUERY',null,null,null,21,null,null,'//*:AuthorisationHeader/*:CustomerID');
Insert into `ETR_TB_METADATA` (`MD_ID`,`MD_TYPE`,`PID_DOC_ID`,`PID_ICA_ID`,`PID_PRO_ID`,`PID_TRA_ID`,`MD_SENDER_ID`,`MD_BUSINESSDOMAIN_ID`,`MD_VALUE`) values (171,'PARENT_DOCUMENT_ID_XQUERY',null,null,null,29,null,null,'//*:AttachedDocument/*:ParentDocumentID');
Insert into `ETR_TB_METADATA` (`MD_ID`,`MD_TYPE`,`PID_DOC_ID`,`PID_ICA_ID`,`PID_PRO_ID`,`PID_TRA_ID`,`MD_SENDER_ID`,`MD_BUSINESSDOMAIN_ID`,`MD_VALUE`) values (172,'PARENT_DOCUMENT_NA_STRATEGY',null,null,null,29,null,null,'ERROR');
Insert into `ETR_TB_METADATA` (`MD_ID`,`MD_TYPE`,`PID_DOC_ID`,`PID_ICA_ID`,`PID_PRO_ID`,`PID_TRA_ID`,`MD_SENDER_ID`,`MD_BUSINESSDOMAIN_ID`,`MD_VALUE`) values (173,'DOCUMENT_ID_XQUERY',null,null,null,29,null,null,'//*:AttachedDocument/*:ID');
Insert into `ETR_TB_METADATA` (`MD_ID`,`MD_TYPE`,`PID_DOC_ID`,`PID_ICA_ID`,`PID_PRO_ID`,`PID_TRA_ID`,`MD_SENDER_ID`,`MD_BUSINESSDOMAIN_ID`,`MD_VALUE`) values (174,'SENDER_ID_XQUERY',null,null,null,29,null,null,'//*:AuthorisationHeader/*:SupplierID');
Insert into `ETR_TB_METADATA` (`MD_ID`,`MD_TYPE`,`PID_DOC_ID`,`PID_ICA_ID`,`PID_PRO_ID`,`PID_TRA_ID`,`MD_SENDER_ID`,`MD_BUSINESSDOMAIN_ID`,`MD_VALUE`) values (175,'RECEIVER_ID_XQUERY',null,null,null,29,null,null,'//*:AuthorisationHeader/*:CustomerID');
Insert into `ETR_TB_METADATA` (`MD_ID`,`MD_TYPE`,`PID_DOC_ID`,`PID_ICA_ID`,`PID_PRO_ID`,`PID_TRA_ID`,`MD_SENDER_ID`,`MD_BUSINESSDOMAIN_ID`,`MD_VALUE`) values (176,'SYNCH_VALIDATE_XSD',null,null,null,29,null,null,'true');
Insert into `ETR_TB_METADATA` (`MD_ID`,`MD_TYPE`,`PID_DOC_ID`,`PID_ICA_ID`,`PID_PRO_ID`,`PID_TRA_ID`,`MD_SENDER_ID`,`MD_BUSINESSDOMAIN_ID`,`MD_VALUE`) values (177,'DOCUMENT_XSD_URL',null,null,null,29,null,null,'/eprior/xsd/maindoc/UBL-AttachedDocument-2.0.xsd');
Insert into `ETR_TB_METADATA` (`MD_ID`,`MD_TYPE`,`PID_DOC_ID`,`PID_ICA_ID`,`PID_PRO_ID`,`PID_TRA_ID`,`MD_SENDER_ID`,`MD_BUSINESSDOMAIN_ID`,`MD_VALUE`) values (178,'DOCUMENT_ISSUEDATE_XQUERY',null,null,null,29,null,null,'//*:AttachedDocument/*:IssueDate');
Insert into `ETR_TB_METADATA` (`MD_ID`,`MD_TYPE`,`PID_DOC_ID`,`PID_ICA_ID`,`PID_PRO_ID`,`PID_TRA_ID`,`MD_SENDER_ID`,`MD_BUSINESSDOMAIN_ID`,`MD_VALUE`) values (179,'SYNCH_VALIDATE_XSD',null,null,null,30,null,null,'true');
Insert into `ETR_TB_METADATA` (`MD_ID`,`MD_TYPE`,`PID_DOC_ID`,`PID_ICA_ID`,`PID_PRO_ID`,`PID_TRA_ID`,`MD_SENDER_ID`,`MD_BUSINESSDOMAIN_ID`,`MD_VALUE`) values (181,'DOCUMENT_XSD_URL',null,null,null,30,null,null,'/eprior/xsd/maindoc/EC-QueryRequest-0.1.xsd');
Insert into `ETR_TB_METADATA` (`MD_ID`,`MD_TYPE`,`PID_DOC_ID`,`PID_ICA_ID`,`PID_PRO_ID`,`PID_TRA_ID`,`MD_SENDER_ID`,`MD_BUSINESSDOMAIN_ID`,`MD_VALUE`) values (200,'SUPPORT_MULTICAST',null,null,null,8,null,null,'true');
Insert into `ETR_TB_METADATA` (`MD_ID`,`MD_TYPE`,`PID_DOC_ID`,`PID_ICA_ID`,`PID_PRO_ID`,`PID_TRA_ID`,`MD_SENDER_ID`,`MD_BUSINESSDOMAIN_ID`,`MD_VALUE`) values (291,'SYNCH_VALIDATE_XSD',null,null,null,42,null,null,'true');
Insert into `ETR_TB_METADATA` (`MD_ID`,`MD_TYPE`,`PID_DOC_ID`,`PID_ICA_ID`,`PID_PRO_ID`,`PID_TRA_ID`,`MD_SENDER_ID`,`MD_BUSINESSDOMAIN_ID`,`MD_VALUE`) values (292,'DOCUMENT_XSD_URL',null,null,null,42,null,null,'/eprior/xsd/maindoc/EC-ViewRequest-0.1.xsd');
Insert into `ETR_TB_METADATA` (`MD_ID`,`MD_TYPE`,`PID_DOC_ID`,`PID_ICA_ID`,`PID_PRO_ID`,`PID_TRA_ID`,`MD_SENDER_ID`,`MD_BUSINESSDOMAIN_ID`,`MD_VALUE`) values (301,'DOCUMENT_ISSUEDATE_XQUERY',null,null,null,43,null,null,'//*:Invoice/*:IssueDate');
Insert into `ETR_TB_METADATA` (`MD_ID`,`MD_TYPE`,`PID_DOC_ID`,`PID_ICA_ID`,`PID_PRO_ID`,`PID_TRA_ID`,`MD_SENDER_ID`,`MD_BUSINESSDOMAIN_ID`,`MD_VALUE`) values (302,'SYNCH_VALIDATE_XSD',null,null,null,43,null,null,'false');
Insert into `ETR_TB_METADATA` (`MD_ID`,`MD_TYPE`,`PID_DOC_ID`,`PID_ICA_ID`,`PID_PRO_ID`,`PID_TRA_ID`,`MD_SENDER_ID`,`MD_BUSINESSDOMAIN_ID`,`MD_VALUE`) values (303,'RECEIVER_ID_XQUERY',null,null,null,43,null,null,'//*:Receiver/*:Identifier');
Insert into `ETR_TB_METADATA` (`MD_ID`,`MD_TYPE`,`PID_DOC_ID`,`PID_ICA_ID`,`PID_PRO_ID`,`PID_TRA_ID`,`MD_SENDER_ID`,`MD_BUSINESSDOMAIN_ID`,`MD_VALUE`) values (304,'SENDER_ID_XQUERY',null,null,null,43,null,null,'//*:Sender/*:Identifier');
Insert into `ETR_TB_METADATA` (`MD_ID`,`MD_TYPE`,`PID_DOC_ID`,`PID_ICA_ID`,`PID_PRO_ID`,`PID_TRA_ID`,`MD_SENDER_ID`,`MD_BUSINESSDOMAIN_ID`,`MD_VALUE`) values (305,'DOCUMENT_ID_XQUERY',null,null,null,43,null,null,'//*:Invoice/*:ID');
Insert into `ETR_TB_METADATA` (`MD_ID`,`MD_TYPE`,`PID_DOC_ID`,`PID_ICA_ID`,`PID_PRO_ID`,`PID_TRA_ID`,`MD_SENDER_ID`,`MD_BUSINESSDOMAIN_ID`,`MD_VALUE`) values (306,'DOCUMENT_XSD_URL',null,null,null,43,null,null,'/eprior/xsd/maindoc/UBL-Invoice-2.0.xsd');
Insert into `ETR_TB_METADATA` (`MD_ID`,`MD_TYPE`,`PID_DOC_ID`,`PID_ICA_ID`,`PID_PRO_ID`,`PID_TRA_ID`,`MD_SENDER_ID`,`MD_BUSINESSDOMAIN_ID`,`MD_VALUE`) values (310,'DOCUMENT_ID_XQUERY',null,null,null,44,null,null,'//*:CreditNote/*:ID');
Insert into `ETR_TB_METADATA` (`MD_ID`,`MD_TYPE`,`PID_DOC_ID`,`PID_ICA_ID`,`PID_PRO_ID`,`PID_TRA_ID`,`MD_SENDER_ID`,`MD_BUSINESSDOMAIN_ID`,`MD_VALUE`) values (311,'SENDER_ID_XQUERY',null,null,null,44,null,null,'//*:Sender/*:Identifier');
Insert into `ETR_TB_METADATA` (`MD_ID`,`MD_TYPE`,`PID_DOC_ID`,`PID_ICA_ID`,`PID_PRO_ID`,`PID_TRA_ID`,`MD_SENDER_ID`,`MD_BUSINESSDOMAIN_ID`,`MD_VALUE`) values (312,'RECEIVER_ID_XQUERY',null,null,null,44,null,null,'//*:Receiver/*:Identifier');
Insert into `ETR_TB_METADATA` (`MD_ID`,`MD_TYPE`,`PID_DOC_ID`,`PID_ICA_ID`,`PID_PRO_ID`,`PID_TRA_ID`,`MD_SENDER_ID`,`MD_BUSINESSDOMAIN_ID`,`MD_VALUE`) values (313,'SYNCH_VALIDATE_XSD',null,null,null,44,null,null,'false');
Insert into `ETR_TB_METADATA` (`MD_ID`,`MD_TYPE`,`PID_DOC_ID`,`PID_ICA_ID`,`PID_PRO_ID`,`PID_TRA_ID`,`MD_SENDER_ID`,`MD_BUSINESSDOMAIN_ID`,`MD_VALUE`) values (314,'DOCUMENT_XSD_URL',null,null,null,44,null,null,'/eprior/xsd/maindoc/UBL-CreditNote-2.0.xsd');
Insert into `ETR_TB_METADATA` (`MD_ID`,`MD_TYPE`,`PID_DOC_ID`,`PID_ICA_ID`,`PID_PRO_ID`,`PID_TRA_ID`,`MD_SENDER_ID`,`MD_BUSINESSDOMAIN_ID`,`MD_VALUE`) values (315,'DOCUMENT_ISSUEDATE_XQUERY',null,null,null,44,null,null,'//*:CreditNote/*:IssueDate');
Insert into `ETR_TB_METADATA` (`MD_ID`,`MD_TYPE`,`PID_DOC_ID`,`PID_ICA_ID`,`PID_PRO_ID`,`PID_TRA_ID`,`MD_SENDER_ID`,`MD_BUSINESSDOMAIN_ID`,`MD_VALUE`) values (316,'DOCUMENT_ID_XQUERY',null,null,null,45,null,null,'//*:Order/*:ID');
Insert into `ETR_TB_METADATA` (`MD_ID`,`MD_TYPE`,`PID_DOC_ID`,`PID_ICA_ID`,`PID_PRO_ID`,`PID_TRA_ID`,`MD_SENDER_ID`,`MD_BUSINESSDOMAIN_ID`,`MD_VALUE`) values (317,'SENDER_ID_XQUERY',null,null,null,45,null,null,'//*:Sender/*:Identifier');
Insert into `ETR_TB_METADATA` (`MD_ID`,`MD_TYPE`,`PID_DOC_ID`,`PID_ICA_ID`,`PID_PRO_ID`,`PID_TRA_ID`,`MD_SENDER_ID`,`MD_BUSINESSDOMAIN_ID`,`MD_VALUE`) values (318,'RECEIVER_ID_XQUERY',null,null,null,45,null,null,'//*:Receiver/*:Identifier');
Insert into `ETR_TB_METADATA` (`MD_ID`,`MD_TYPE`,`PID_DOC_ID`,`PID_ICA_ID`,`PID_PRO_ID`,`PID_TRA_ID`,`MD_SENDER_ID`,`MD_BUSINESSDOMAIN_ID`,`MD_VALUE`) values (319,'SYNCH_VALIDATE_XSD',null,null,null,45,null,null,'false');
Insert into `ETR_TB_METADATA` (`MD_ID`,`MD_TYPE`,`PID_DOC_ID`,`PID_ICA_ID`,`PID_PRO_ID`,`PID_TRA_ID`,`MD_SENDER_ID`,`MD_BUSINESSDOMAIN_ID`,`MD_VALUE`) values (320,'DOCUMENT_XSD_URL',null,null,null,45,null,null,'/eprior/xsd/maindoc/UBL-Order-2.0.xsd');
Insert into `ETR_TB_METADATA` (`MD_ID`,`MD_TYPE`,`PID_DOC_ID`,`PID_ICA_ID`,`PID_PRO_ID`,`PID_TRA_ID`,`MD_SENDER_ID`,`MD_BUSINESSDOMAIN_ID`,`MD_VALUE`) values (321,'DOCUMENT_ISSUEDATE_XQUERY',null,null,null,45,null,null,'//*:Order/*:IssueDate');
Insert into `ETR_TB_METADATA` (`MD_ID`,`MD_TYPE`,`PID_DOC_ID`,`PID_ICA_ID`,`PID_PRO_ID`,`PID_TRA_ID`,`MD_SENDER_ID`,`MD_BUSINESSDOMAIN_ID`,`MD_VALUE`) values (375,'DOCUMENT_XSD_URL',null,null,null,54,null,null,'/eprior/xsd/maindoc/EC-QuotationRequest-0.1.xsd');
Insert into `ETR_TB_METADATA` (`MD_ID`,`MD_TYPE`,`PID_DOC_ID`,`PID_ICA_ID`,`PID_PRO_ID`,`PID_TRA_ID`,`MD_SENDER_ID`,`MD_BUSINESSDOMAIN_ID`,`MD_VALUE`) values (381,'SENDER_ID_XQUERY',null,null,null,26,null,null,'//*:AuthorisationHeader/*:SupplierID');
Insert into `ETR_TB_METADATA` (`MD_ID`,`MD_TYPE`,`PID_DOC_ID`,`PID_ICA_ID`,`PID_PRO_ID`,`PID_TRA_ID`,`MD_SENDER_ID`,`MD_BUSINESSDOMAIN_ID`,`MD_VALUE`) values (382,'SENDER_ID_XQUERY',null,null,null,42,null,null,'//*:AuthorisationHeader/*:SupplierID');
Insert into `ETR_TB_METADATA` (`MD_ID`,`MD_TYPE`,`PID_DOC_ID`,`PID_ICA_ID`,`PID_PRO_ID`,`PID_TRA_ID`,`MD_SENDER_ID`,`MD_BUSINESSDOMAIN_ID`,`MD_VALUE`) values (383,'SENDER_ID_XQUERY',null,null,null,30,null,null,'//*:AuthorisationHeader/*:CustomerID');
Insert into `ETR_TB_METADATA` (`MD_ID`,`MD_TYPE`,`PID_DOC_ID`,`PID_ICA_ID`,`PID_PRO_ID`,`PID_TRA_ID`,`MD_SENDER_ID`,`MD_BUSINESSDOMAIN_ID`,`MD_VALUE`) values (384,'SENDER_ID_XQUERY',null,null,null,27,null,null,'//*:AuthorisationHeader/*:CustomerID');
Insert into `ETR_TB_METADATA` (`MD_ID`,`MD_TYPE`,`PID_DOC_ID`,`PID_ICA_ID`,`PID_PRO_ID`,`PID_TRA_ID`,`MD_SENDER_ID`,`MD_BUSINESSDOMAIN_ID`,`MD_VALUE`) values (385,'SYNCH_VALIDATE_XSD',null,null,null,28,null,null,'true');
Insert into `ETR_TB_METADATA` (`MD_ID`,`MD_TYPE`,`PID_DOC_ID`,`PID_ICA_ID`,`PID_PRO_ID`,`PID_TRA_ID`,`MD_SENDER_ID`,`MD_BUSINESSDOMAIN_ID`,`MD_VALUE`) values (386,'RECEIVER_ID_XQUERY',null,null,null,28,null,null,'//*:AuthorisationHeader/*:CustomerID');
Insert into `ETR_TB_METADATA` (`MD_ID`,`MD_TYPE`,`PID_DOC_ID`,`PID_ICA_ID`,`PID_PRO_ID`,`PID_TRA_ID`,`MD_SENDER_ID`,`MD_BUSINESSDOMAIN_ID`,`MD_VALUE`) values (387,'SENDER_ID_XQUERY',null,null,null,28,null,null,'//*:AuthorisationHeader/*:SupplierID');
Insert into `ETR_TB_METADATA` (`MD_ID`,`MD_TYPE`,`PID_DOC_ID`,`PID_ICA_ID`,`PID_PRO_ID`,`PID_TRA_ID`,`MD_SENDER_ID`,`MD_BUSINESSDOMAIN_ID`,`MD_VALUE`) values (388,'DOCUMENT_XSD_URL',null,null,null,28,null,null,'/eprior/xsd/maindoc/EC-InboxRequest-0.1.xsd');
Insert into `ETR_TB_METADATA` (`MD_ID`,`MD_TYPE`,`PID_DOC_ID`,`PID_ICA_ID`,`PID_PRO_ID`,`PID_TRA_ID`,`MD_SENDER_ID`,`MD_BUSINESSDOMAIN_ID`,`MD_VALUE`) values (389,'RECEIVER_ID_XQUERY',null,null,null,46,null,null,'//*:Receiver/*:Identifier');
Insert into `ETR_TB_METADATA` (`MD_ID`,`MD_TYPE`,`PID_DOC_ID`,`PID_ICA_ID`,`PID_PRO_ID`,`PID_TRA_ID`,`MD_SENDER_ID`,`MD_BUSINESSDOMAIN_ID`,`MD_VALUE`) values (390,'DOCUMENT_ID_XQUERY',null,null,null,46,null,null,'concat(//*:Catalogue/*:ID/text(), ''::'', //*:Catalogue/*:VersionID/text())');
Insert into `ETR_TB_METADATA` (`MD_ID`,`MD_TYPE`,`PID_DOC_ID`,`PID_ICA_ID`,`PID_PRO_ID`,`PID_TRA_ID`,`MD_SENDER_ID`,`MD_BUSINESSDOMAIN_ID`,`MD_VALUE`) values (391,'DOCUMENT_ISSUEDATE_XQUERY',null,null,null,46,null,null,'//*:Catalogue/*:IssueDate');
Insert into `ETR_TB_METADATA` (`MD_ID`,`MD_TYPE`,`PID_DOC_ID`,`PID_ICA_ID`,`PID_PRO_ID`,`PID_TRA_ID`,`MD_SENDER_ID`,`MD_BUSINESSDOMAIN_ID`,`MD_VALUE`) values (392,'SYNCH_VALIDATE_XSD',null,null,null,46,null,null,'false');
Insert into `ETR_TB_METADATA` (`MD_ID`,`MD_TYPE`,`PID_DOC_ID`,`PID_ICA_ID`,`PID_PRO_ID`,`PID_TRA_ID`,`MD_SENDER_ID`,`MD_BUSINESSDOMAIN_ID`,`MD_VALUE`) values (393,'DOCUMENT_XSD_URL',null,null,null,46,null,null,'/eprior/xsd/maindoc/UBL-Catalogue-2.0.xsd');
Insert into `ETR_TB_METADATA` (`MD_ID`,`MD_TYPE`,`PID_DOC_ID`,`PID_ICA_ID`,`PID_PRO_ID`,`PID_TRA_ID`,`MD_SENDER_ID`,`MD_BUSINESSDOMAIN_ID`,`MD_VALUE`) values (394,'SENDER_ID_XQUERY',null,null,null,46,null,null,'//*:Sender/*:Identifier');
Insert into `ETR_TB_METADATA` (`MD_ID`,`MD_TYPE`,`PID_DOC_ID`,`PID_ICA_ID`,`PID_PRO_ID`,`PID_TRA_ID`,`MD_SENDER_ID`,`MD_BUSINESSDOMAIN_ID`,`MD_VALUE`) values (395,'SENDER_ID_XQUERY',null,null,null,47,null,null,'//*:Sender/*:Identifier');
Insert into `ETR_TB_METADATA` (`MD_ID`,`MD_TYPE`,`PID_DOC_ID`,`PID_ICA_ID`,`PID_PRO_ID`,`PID_TRA_ID`,`MD_SENDER_ID`,`MD_BUSINESSDOMAIN_ID`,`MD_VALUE`) values (396,'DOCUMENT_XSD_URL',null,null,null,47,null,null,'/etrustex/xsd/maindoc/EC-ViewRequest-2.0.xsd');
Insert into `ETR_TB_METADATA` (`MD_ID`,`MD_TYPE`,`PID_DOC_ID`,`PID_ICA_ID`,`PID_PRO_ID`,`PID_TRA_ID`,`MD_SENDER_ID`,`MD_BUSINESSDOMAIN_ID`,`MD_VALUE`) values (397,'SENDER_ID_XQUERY',null,null,null,50,null,null,' //*:Sender/*:Identifier');
Insert into `ETR_TB_METADATA` (`MD_ID`,`MD_TYPE`,`PID_DOC_ID`,`PID_ICA_ID`,`PID_PRO_ID`,`PID_TRA_ID`,`MD_SENDER_ID`,`MD_BUSINESSDOMAIN_ID`,`MD_VALUE`) values (398,'PARENT_DOCUMENT_NA_STRATEGY',null,null,null,50,null,null,'IGNORE');
Insert into `ETR_TB_METADATA` (`MD_ID`,`MD_TYPE`,`PID_DOC_ID`,`PID_ICA_ID`,`PID_PRO_ID`,`PID_TRA_ID`,`MD_SENDER_ID`,`MD_BUSINESSDOMAIN_ID`,`MD_VALUE`) values (399,'PARENT_DOCUMENT_ID_XQUERY',null,null,null,50,null,null,'//*:Willingness/*:ECRequestForQuotationDocumentReference/*:RequestForQuotationDocumentReference/*:ID');
Insert into `ETR_TB_METADATA` (`MD_ID`,`MD_TYPE`,`PID_DOC_ID`,`PID_ICA_ID`,`PID_PRO_ID`,`PID_TRA_ID`,`MD_SENDER_ID`,`MD_BUSINESSDOMAIN_ID`,`MD_VALUE`) values (400,'SYNCH_VALIDATE_XSD',null,null,null,50,null,null,'false');
Insert into `ETR_TB_METADATA` (`MD_ID`,`MD_TYPE`,`PID_DOC_ID`,`PID_ICA_ID`,`PID_PRO_ID`,`PID_TRA_ID`,`MD_SENDER_ID`,`MD_BUSINESSDOMAIN_ID`,`MD_VALUE`) values (401,'DOCUMENT_XSD_URL',null,null,null,59,null,null,'/eprior/xsd/maindoc/UBL-OrderChange-2.0.xsd');
Insert into `ETR_TB_METADATA` (`MD_ID`,`MD_TYPE`,`PID_DOC_ID`,`PID_ICA_ID`,`PID_PRO_ID`,`PID_TRA_ID`,`MD_SENDER_ID`,`MD_BUSINESSDOMAIN_ID`,`MD_VALUE`) values (402,'DOCUMENT_ISSUEDATE_XQUERY',null,null,null,59,null,null,'//*:OrderChange/*:IssueDate');
Insert into `ETR_TB_METADATA` (`MD_ID`,`MD_TYPE`,`PID_DOC_ID`,`PID_ICA_ID`,`PID_PRO_ID`,`PID_TRA_ID`,`MD_SENDER_ID`,`MD_BUSINESSDOMAIN_ID`,`MD_VALUE`) values (403,'RECEIVER_ID_XQUERY',null,null,null,59,null,null,'//*:Receiver/*:Identifier');
Insert into `ETR_TB_METADATA` (`MD_ID`,`MD_TYPE`,`PID_DOC_ID`,`PID_ICA_ID`,`PID_PRO_ID`,`PID_TRA_ID`,`MD_SENDER_ID`,`MD_BUSINESSDOMAIN_ID`,`MD_VALUE`) values (404,'SYNCH_VALIDATE_XSD',null,null,null,59,null,null,'false');
Insert into `ETR_TB_METADATA` (`MD_ID`,`MD_TYPE`,`PID_DOC_ID`,`PID_ICA_ID`,`PID_PRO_ID`,`PID_TRA_ID`,`MD_SENDER_ID`,`MD_BUSINESSDOMAIN_ID`,`MD_VALUE`) values (407,'SENDER_ID_XQUERY',null,null,null,58,null,null,' //*:Sender/*:Identifier');
Insert into `ETR_TB_METADATA` (`MD_ID`,`MD_TYPE`,`PID_DOC_ID`,`PID_ICA_ID`,`PID_PRO_ID`,`PID_TRA_ID`,`MD_SENDER_ID`,`MD_BUSINESSDOMAIN_ID`,`MD_VALUE`) values (408,'DOCUMENT_ID_XQUERY',null,null,null,58,null,null,'//*:OrderResponseSimple/*:ID');
Insert into `ETR_TB_METADATA` (`MD_ID`,`MD_TYPE`,`PID_DOC_ID`,`PID_ICA_ID`,`PID_PRO_ID`,`PID_TRA_ID`,`MD_SENDER_ID`,`MD_BUSINESSDOMAIN_ID`,`MD_VALUE`) values (409,'DOCUMENT_XSD_URL',null,null,null,58,null,null,'/eprior/xsd/maindoc/UBL-OrderResponseSimple-2.0.xsd');
Insert into `ETR_TB_METADATA` (`MD_ID`,`MD_TYPE`,`PID_DOC_ID`,`PID_ICA_ID`,`PID_PRO_ID`,`PID_TRA_ID`,`MD_SENDER_ID`,`MD_BUSINESSDOMAIN_ID`,`MD_VALUE`) values (410,'DOCUMENT_ISSUEDATE_XQUERY',null,null,null,58,null,null,'//*:OrderResponseSimple/*:IssueDate');
Insert into `ETR_TB_METADATA` (`MD_ID`,`MD_TYPE`,`PID_DOC_ID`,`PID_ICA_ID`,`PID_PRO_ID`,`PID_TRA_ID`,`MD_SENDER_ID`,`MD_BUSINESSDOMAIN_ID`,`MD_VALUE`) values (411,'RECEIVER_ID_XQUERY',null,null,null,58,null,null,'//*:Receiver/*:Identifier');
Insert into `ETR_TB_METADATA` (`MD_ID`,`MD_TYPE`,`PID_DOC_ID`,`PID_ICA_ID`,`PID_PRO_ID`,`PID_TRA_ID`,`MD_SENDER_ID`,`MD_BUSINESSDOMAIN_ID`,`MD_VALUE`) values (412,'SYNCH_VALIDATE_XSD',null,null,null,58,null,null,'false');
Insert into `ETR_TB_METADATA` (`MD_ID`,`MD_TYPE`,`PID_DOC_ID`,`PID_ICA_ID`,`PID_PRO_ID`,`PID_TRA_ID`,`MD_SENDER_ID`,`MD_BUSINESSDOMAIN_ID`,`MD_VALUE`) values (415,'SENDER_ID_XQUERY',null,null,null,60,null,null,' //*:Sender/*:Identifier');
Insert into `ETR_TB_METADATA` (`MD_ID`,`MD_TYPE`,`PID_DOC_ID`,`PID_ICA_ID`,`PID_PRO_ID`,`PID_TRA_ID`,`MD_SENDER_ID`,`MD_BUSINESSDOMAIN_ID`,`MD_VALUE`) values (416,'DOCUMENT_ID_XQUERY',null,null,null,60,null,null,'//*:OrderCancellation/*:ID');
Insert into `ETR_TB_METADATA` (`MD_ID`,`MD_TYPE`,`PID_DOC_ID`,`PID_ICA_ID`,`PID_PRO_ID`,`PID_TRA_ID`,`MD_SENDER_ID`,`MD_BUSINESSDOMAIN_ID`,`MD_VALUE`) values (417,'DOCUMENT_XSD_URL',null,null,null,60,null,null,'/eprior/xsd/maindoc/UBL-OrderCancellation-2.0.xsd');
Insert into `ETR_TB_METADATA` (`MD_ID`,`MD_TYPE`,`PID_DOC_ID`,`PID_ICA_ID`,`PID_PRO_ID`,`PID_TRA_ID`,`MD_SENDER_ID`,`MD_BUSINESSDOMAIN_ID`,`MD_VALUE`) values (418,'DOCUMENT_ISSUEDATE_XQUERY',null,null,null,60,null,null,'//*:OrderCancellation/*:IssueDate');
Insert into `ETR_TB_METADATA` (`MD_ID`,`MD_TYPE`,`PID_DOC_ID`,`PID_ICA_ID`,`PID_PRO_ID`,`PID_TRA_ID`,`MD_SENDER_ID`,`MD_BUSINESSDOMAIN_ID`,`MD_VALUE`) values (419,'RECEIVER_ID_XQUERY',null,null,null,60,null,null,'//*:Receiver/*:Identifier');
Insert into `ETR_TB_METADATA` (`MD_ID`,`MD_TYPE`,`PID_DOC_ID`,`PID_ICA_ID`,`PID_PRO_ID`,`PID_TRA_ID`,`MD_SENDER_ID`,`MD_BUSINESSDOMAIN_ID`,`MD_VALUE`) values (420,'SYNCH_VALIDATE_XSD',null,null,null,60,null,null,'false');
Insert into `ETR_TB_METADATA` (`MD_ID`,`MD_TYPE`,`PID_DOC_ID`,`PID_ICA_ID`,`PID_PRO_ID`,`PID_TRA_ID`,`MD_SENDER_ID`,`MD_BUSINESSDOMAIN_ID`,`MD_VALUE`) values (423,'SENDER_ID_XQUERY',null,null,null,61,null,null,' //*:Sender/*:Identifier');
Insert into `ETR_TB_METADATA` (`MD_ID`,`MD_TYPE`,`PID_DOC_ID`,`PID_ICA_ID`,`PID_PRO_ID`,`PID_TRA_ID`,`MD_SENDER_ID`,`MD_BUSINESSDOMAIN_ID`,`MD_VALUE`) values (424,'DOCUMENT_ID_XQUERY',null,null,null,61,null,null,'//*:AdhocS2C/*:ID');
Insert into `ETR_TB_METADATA` (`MD_ID`,`MD_TYPE`,`PID_DOC_ID`,`PID_ICA_ID`,`PID_PRO_ID`,`PID_TRA_ID`,`MD_SENDER_ID`,`MD_BUSINESSDOMAIN_ID`,`MD_VALUE`) values (425,'DOCUMENT_XSD_URL',null,null,null,61,null,null,'/eprior/xsd/maindoc/EC-AdhocS2C-0.1.xsd');
Insert into `ETR_TB_METADATA` (`MD_ID`,`MD_TYPE`,`PID_DOC_ID`,`PID_ICA_ID`,`PID_PRO_ID`,`PID_TRA_ID`,`MD_SENDER_ID`,`MD_BUSINESSDOMAIN_ID`,`MD_VALUE`) values (426,'DOCUMENT_ISSUEDATE_XQUERY',null,null,null,61,null,null,'//*:AdhocS2C/*:IssueDate');
Insert into `ETR_TB_METADATA` (`MD_ID`,`MD_TYPE`,`PID_DOC_ID`,`PID_ICA_ID`,`PID_PRO_ID`,`PID_TRA_ID`,`MD_SENDER_ID`,`MD_BUSINESSDOMAIN_ID`,`MD_VALUE`) values (427,'RECEIVER_ID_XQUERY',null,null,null,61,null,null,'//*:Receiver/*:Identifier');
Insert into `ETR_TB_METADATA` (`MD_ID`,`MD_TYPE`,`PID_DOC_ID`,`PID_ICA_ID`,`PID_PRO_ID`,`PID_TRA_ID`,`MD_SENDER_ID`,`MD_BUSINESSDOMAIN_ID`,`MD_VALUE`) values (428,'SYNCH_VALIDATE_XSD',null,null,null,61,null,null,'false');
Insert into `ETR_TB_METADATA` (`MD_ID`,`MD_TYPE`,`PID_DOC_ID`,`PID_ICA_ID`,`PID_PRO_ID`,`PID_TRA_ID`,`MD_SENDER_ID`,`MD_BUSINESSDOMAIN_ID`,`MD_VALUE`) values (430,'PARENT_DOCUMENT_ID_XQUERY',null,null,null,61,null,null,'//*:AdhocS2C/*:ECRequestForQuotationDocumentReference/*:RequestForQuotationDocumentReference/*:ID');
Insert into `ETR_TB_METADATA` (`MD_ID`,`MD_TYPE`,`PID_DOC_ID`,`PID_ICA_ID`,`PID_PRO_ID`,`PID_TRA_ID`,`MD_SENDER_ID`,`MD_BUSINESSDOMAIN_ID`,`MD_VALUE`) values (431,'PARENT_DOCUMENT_NA_STRATEGY',null,null,null,61,null,null,'IGNORE');
Insert into `ETR_TB_METADATA` (`MD_ID`,`MD_TYPE`,`PID_DOC_ID`,`PID_ICA_ID`,`PID_PRO_ID`,`PID_TRA_ID`,`MD_SENDER_ID`,`MD_BUSINESSDOMAIN_ID`,`MD_VALUE`) values (432,'SENDER_ID_XQUERY',null,null,null,62,null,null,' //*:Sender/*:Identifier');
Insert into `ETR_TB_METADATA` (`MD_ID`,`MD_TYPE`,`PID_DOC_ID`,`PID_ICA_ID`,`PID_PRO_ID`,`PID_TRA_ID`,`MD_SENDER_ID`,`MD_BUSINESSDOMAIN_ID`,`MD_VALUE`) values (433,'DOCUMENT_ID_XQUERY',null,null,null,62,null,null,'//*:ProposalRequest/*:ID');
Insert into `ETR_TB_METADATA` (`MD_ID`,`MD_TYPE`,`PID_DOC_ID`,`PID_ICA_ID`,`PID_PRO_ID`,`PID_TRA_ID`,`MD_SENDER_ID`,`MD_BUSINESSDOMAIN_ID`,`MD_VALUE`) values (434,'DOCUMENT_XSD_URL',null,null,null,62,null,null,'/eprior/xsd/maindoc/EC-ProposalRequest-0.1.xsd');
Insert into `ETR_TB_METADATA` (`MD_ID`,`MD_TYPE`,`PID_DOC_ID`,`PID_ICA_ID`,`PID_PRO_ID`,`PID_TRA_ID`,`MD_SENDER_ID`,`MD_BUSINESSDOMAIN_ID`,`MD_VALUE`) values (435,'DOCUMENT_ISSUEDATE_XQUERY',null,null,null,62,null,null,'//*:ProposalRequest/*:IssueDate');
Insert into `ETR_TB_METADATA` (`MD_ID`,`MD_TYPE`,`PID_DOC_ID`,`PID_ICA_ID`,`PID_PRO_ID`,`PID_TRA_ID`,`MD_SENDER_ID`,`MD_BUSINESSDOMAIN_ID`,`MD_VALUE`) values (436,'RECEIVER_ID_XQUERY',null,null,null,62,null,null,'//*:Receiver/*:Identifier');
Insert into `ETR_TB_METADATA` (`MD_ID`,`MD_TYPE`,`PID_DOC_ID`,`PID_ICA_ID`,`PID_PRO_ID`,`PID_TRA_ID`,`MD_SENDER_ID`,`MD_BUSINESSDOMAIN_ID`,`MD_VALUE`) values (437,'SYNCH_VALIDATE_XSD',null,null,null,62,null,null,'false');
Insert into `ETR_TB_METADATA` (`MD_ID`,`MD_TYPE`,`PID_DOC_ID`,`PID_ICA_ID`,`PID_PRO_ID`,`PID_TRA_ID`,`MD_SENDER_ID`,`MD_BUSINESSDOMAIN_ID`,`MD_VALUE`) values (439,'PARENT_DOCUMENT_ID_XQUERY',null,null,null,62,null,null,'//*:ProposalRequest/*:ECRequestForQuotationDocumentReference/*:RequestForQuotationDocumentReference/*:ID');
Insert into `ETR_TB_METADATA` (`MD_ID`,`MD_TYPE`,`PID_DOC_ID`,`PID_ICA_ID`,`PID_PRO_ID`,`PID_TRA_ID`,`MD_SENDER_ID`,`MD_BUSINESSDOMAIN_ID`,`MD_VALUE`) values (440,'PARENT_DOCUMENT_NA_STRATEGY',null,null,null,62,null,null,'IGNORE');
Insert into `ETR_TB_METADATA` (`MD_ID`,`MD_TYPE`,`PID_DOC_ID`,`PID_ICA_ID`,`PID_PRO_ID`,`PID_TRA_ID`,`MD_SENDER_ID`,`MD_BUSINESSDOMAIN_ID`,`MD_VALUE`) values (441,'RECEIVER_ID_XQUERY',null,null,null,50,null,null,'//*:Receiver/*:Identifier');
Insert into `ETR_TB_METADATA` (`MD_ID`,`MD_TYPE`,`PID_DOC_ID`,`PID_ICA_ID`,`PID_PRO_ID`,`PID_TRA_ID`,`MD_SENDER_ID`,`MD_BUSINESSDOMAIN_ID`,`MD_VALUE`) values (442,'DOCUMENT_ISSUEDATE_XQUERY',null,null,null,50,null,null,'//*:Willingness/*:IssueDate');
Insert into `ETR_TB_METADATA` (`MD_ID`,`MD_TYPE`,`PID_DOC_ID`,`PID_ICA_ID`,`PID_PRO_ID`,`PID_TRA_ID`,`MD_SENDER_ID`,`MD_BUSINESSDOMAIN_ID`,`MD_VALUE`) values (443,'DOCUMENT_XSD_URL',null,null,null,50,null,null,'/eprior/xsd/maindoc/EC-Willingness-0.1.xsd');
Insert into `ETR_TB_METADATA` (`MD_ID`,`MD_TYPE`,`PID_DOC_ID`,`PID_ICA_ID`,`PID_PRO_ID`,`PID_TRA_ID`,`MD_SENDER_ID`,`MD_BUSINESSDOMAIN_ID`,`MD_VALUE`) values (444,'DOCUMENT_ID_XQUERY',null,null,null,50,null,null,'//*:Willingness/*:ID');
Insert into `ETR_TB_METADATA` (`MD_ID`,`MD_TYPE`,`PID_DOC_ID`,`PID_ICA_ID`,`PID_PRO_ID`,`PID_TRA_ID`,`MD_SENDER_ID`,`MD_BUSINESSDOMAIN_ID`,`MD_VALUE`) values (445,'SENDER_ID_XQUERY',null,null,null,51,null,null,' //*:Sender/*:Identifier');
Insert into `ETR_TB_METADATA` (`MD_ID`,`MD_TYPE`,`PID_DOC_ID`,`PID_ICA_ID`,`PID_PRO_ID`,`PID_TRA_ID`,`MD_SENDER_ID`,`MD_BUSINESSDOMAIN_ID`,`MD_VALUE`) values (446,'PARENT_DOCUMENT_NA_STRATEGY',null,null,null,51,null,null,'IGNORE');
Insert into `ETR_TB_METADATA` (`MD_ID`,`MD_TYPE`,`PID_DOC_ID`,`PID_ICA_ID`,`PID_PRO_ID`,`PID_TRA_ID`,`MD_SENDER_ID`,`MD_BUSINESSDOMAIN_ID`,`MD_VALUE`) values (447,'PARENT_DOCUMENT_ID_XQUERY',null,null,null,51,null,null,'//*:Acknowledgement/*:ECRequestForQuotationDocumentReference/*:RequestForQuotationDocumentReference/*:ID');
Insert into `ETR_TB_METADATA` (`MD_ID`,`MD_TYPE`,`PID_DOC_ID`,`PID_ICA_ID`,`PID_PRO_ID`,`PID_TRA_ID`,`MD_SENDER_ID`,`MD_BUSINESSDOMAIN_ID`,`MD_VALUE`) values (448,'SYNCH_VALIDATE_XSD',null,null,null,51,null,null,'false');
Insert into `ETR_TB_METADATA` (`MD_ID`,`MD_TYPE`,`PID_DOC_ID`,`PID_ICA_ID`,`PID_PRO_ID`,`PID_TRA_ID`,`MD_SENDER_ID`,`MD_BUSINESSDOMAIN_ID`,`MD_VALUE`) values (449,'RECEIVER_ID_XQUERY',null,null,null,51,null,null,'//*:Receiver/*:Identifier');
Insert into `ETR_TB_METADATA` (`MD_ID`,`MD_TYPE`,`PID_DOC_ID`,`PID_ICA_ID`,`PID_PRO_ID`,`PID_TRA_ID`,`MD_SENDER_ID`,`MD_BUSINESSDOMAIN_ID`,`MD_VALUE`) values (450,'DOCUMENT_ISSUEDATE_XQUERY',null,null,null,51,null,null,'//*:Acknowledgement/*:IssueDate');
Insert into `ETR_TB_METADATA` (`MD_ID`,`MD_TYPE`,`PID_DOC_ID`,`PID_ICA_ID`,`PID_PRO_ID`,`PID_TRA_ID`,`MD_SENDER_ID`,`MD_BUSINESSDOMAIN_ID`,`MD_VALUE`) values (451,'DOCUMENT_XSD_URL',null,null,null,51,null,null,'/eprior/xsd/maindoc/EC-Acknowledgement-0.1.xsd');
Insert into `ETR_TB_METADATA` (`MD_ID`,`MD_TYPE`,`PID_DOC_ID`,`PID_ICA_ID`,`PID_PRO_ID`,`PID_TRA_ID`,`MD_SENDER_ID`,`MD_BUSINESSDOMAIN_ID`,`MD_VALUE`) values (452,'DOCUMENT_ID_XQUERY',null,null,null,51,null,null,'//*:Acknowledgement/*:ID');
Insert into `ETR_TB_METADATA` (`MD_ID`,`MD_TYPE`,`PID_DOC_ID`,`PID_ICA_ID`,`PID_PRO_ID`,`PID_TRA_ID`,`MD_SENDER_ID`,`MD_BUSINESSDOMAIN_ID`,`MD_VALUE`) values (453,'SENDER_ID_XQUERY',null,null,null,52,null,null,' //*:Sender/*:Identifier');
Insert into `ETR_TB_METADATA` (`MD_ID`,`MD_TYPE`,`PID_DOC_ID`,`PID_ICA_ID`,`PID_PRO_ID`,`PID_TRA_ID`,`MD_SENDER_ID`,`MD_BUSINESSDOMAIN_ID`,`MD_VALUE`) values (454,'PARENT_DOCUMENT_NA_STRATEGY',null,null,null,52,null,null,'IGNORE');
Insert into `ETR_TB_METADATA` (`MD_ID`,`MD_TYPE`,`PID_DOC_ID`,`PID_ICA_ID`,`PID_PRO_ID`,`PID_TRA_ID`,`MD_SENDER_ID`,`MD_BUSINESSDOMAIN_ID`,`MD_VALUE`) values (456,'SYNCH_VALIDATE_XSD',null,null,null,52,null,null,'false');
Insert into `ETR_TB_METADATA` (`MD_ID`,`MD_TYPE`,`PID_DOC_ID`,`PID_ICA_ID`,`PID_PRO_ID`,`PID_TRA_ID`,`MD_SENDER_ID`,`MD_BUSINESSDOMAIN_ID`,`MD_VALUE`) values (457,'RECEIVER_ID_XQUERY',null,null,null,52,null,null,'//*:Receiver/*:Identifier');
Insert into `ETR_TB_METADATA` (`MD_ID`,`MD_TYPE`,`PID_DOC_ID`,`PID_ICA_ID`,`PID_PRO_ID`,`PID_TRA_ID`,`MD_SENDER_ID`,`MD_BUSINESSDOMAIN_ID`,`MD_VALUE`) values (458,'DOCUMENT_ISSUEDATE_XQUERY',null,null,null,52,null,null,'//*:Proposal/*:IssueDate');
Insert into `ETR_TB_METADATA` (`MD_ID`,`MD_TYPE`,`PID_DOC_ID`,`PID_ICA_ID`,`PID_PRO_ID`,`PID_TRA_ID`,`MD_SENDER_ID`,`MD_BUSINESSDOMAIN_ID`,`MD_VALUE`) values (459,'DOCUMENT_XSD_URL',null,null,null,52,null,null,'/eprior/xsd/maindoc/EC-Proposal-0.1.xsd');
Insert into `ETR_TB_METADATA` (`MD_ID`,`MD_TYPE`,`PID_DOC_ID`,`PID_ICA_ID`,`PID_PRO_ID`,`PID_TRA_ID`,`MD_SENDER_ID`,`MD_BUSINESSDOMAIN_ID`,`MD_VALUE`) values (460,'DOCUMENT_ID_XQUERY',null,null,null,52,null,null,'//*:Proposal/*:ID');
Insert into `ETR_TB_METADATA` (`MD_ID`,`MD_TYPE`,`PID_DOC_ID`,`PID_ICA_ID`,`PID_PRO_ID`,`PID_TRA_ID`,`MD_SENDER_ID`,`MD_BUSINESSDOMAIN_ID`,`MD_VALUE`) values (461,'SENDER_ID_XQUERY',null,null,null,53,null,null,' //*:Sender/*:Identifier');
Insert into `ETR_TB_METADATA` (`MD_ID`,`MD_TYPE`,`PID_DOC_ID`,`PID_ICA_ID`,`PID_PRO_ID`,`PID_TRA_ID`,`MD_SENDER_ID`,`MD_BUSINESSDOMAIN_ID`,`MD_VALUE`) values (462,'PARENT_DOCUMENT_NA_STRATEGY',null,null,null,53,null,null,'IGNORE');
Insert into `ETR_TB_METADATA` (`MD_ID`,`MD_TYPE`,`PID_DOC_ID`,`PID_ICA_ID`,`PID_PRO_ID`,`PID_TRA_ID`,`MD_SENDER_ID`,`MD_BUSINESSDOMAIN_ID`,`MD_VALUE`) values (463,'PARENT_DOCUMENT_ID_XQUERY',null,null,null,53,null,null,'//*:Quotation/*:ECRequestForQuotationDocumentReference/*:RequestForQuotationDocumentReference/*:ID');
Insert into `ETR_TB_METADATA` (`MD_ID`,`MD_TYPE`,`PID_DOC_ID`,`PID_ICA_ID`,`PID_PRO_ID`,`PID_TRA_ID`,`MD_SENDER_ID`,`MD_BUSINESSDOMAIN_ID`,`MD_VALUE`) values (464,'SYNCH_VALIDATE_XSD',null,null,null,53,null,null,'false');
Insert into `ETR_TB_METADATA` (`MD_ID`,`MD_TYPE`,`PID_DOC_ID`,`PID_ICA_ID`,`PID_PRO_ID`,`PID_TRA_ID`,`MD_SENDER_ID`,`MD_BUSINESSDOMAIN_ID`,`MD_VALUE`) values (465,'RECEIVER_ID_XQUERY',null,null,null,53,null,null,'//*:Receiver/*:Identifier');
Insert into `ETR_TB_METADATA` (`MD_ID`,`MD_TYPE`,`PID_DOC_ID`,`PID_ICA_ID`,`PID_PRO_ID`,`PID_TRA_ID`,`MD_SENDER_ID`,`MD_BUSINESSDOMAIN_ID`,`MD_VALUE`) values (466,'DOCUMENT_ISSUEDATE_XQUERY',null,null,null,53,null,null,'//*:Quotation/*:IssueDate');
Insert into `ETR_TB_METADATA` (`MD_ID`,`MD_TYPE`,`PID_DOC_ID`,`PID_ICA_ID`,`PID_PRO_ID`,`PID_TRA_ID`,`MD_SENDER_ID`,`MD_BUSINESSDOMAIN_ID`,`MD_VALUE`) values (467,'DOCUMENT_XSD_URL',null,null,null,53,null,null,'/eprior/xsd/maindoc/EC-Quotation-0.1.xsd');
Insert into `ETR_TB_METADATA` (`MD_ID`,`MD_TYPE`,`PID_DOC_ID`,`PID_ICA_ID`,`PID_PRO_ID`,`PID_TRA_ID`,`MD_SENDER_ID`,`MD_BUSINESSDOMAIN_ID`,`MD_VALUE`) values (468,'DOCUMENT_ID_XQUERY',null,null,null,53,null,null,'//*:Quotation/*:ID');
Insert into `ETR_TB_METADATA` (`MD_ID`,`MD_TYPE`,`PID_DOC_ID`,`PID_ICA_ID`,`PID_PRO_ID`,`PID_TRA_ID`,`MD_SENDER_ID`,`MD_BUSINESSDOMAIN_ID`,`MD_VALUE`) values (469,'SENDER_ID_XQUERY',null,null,null,54,null,null,' //*:Sender/*:Identifier');
Insert into `ETR_TB_METADATA` (`MD_ID`,`MD_TYPE`,`PID_DOC_ID`,`PID_ICA_ID`,`PID_PRO_ID`,`PID_TRA_ID`,`MD_SENDER_ID`,`MD_BUSINESSDOMAIN_ID`,`MD_VALUE`) values (470,'PARENT_DOCUMENT_NA_STRATEGY',null,null,null,54,null,null,'IGNORE');
Insert into `ETR_TB_METADATA` (`MD_ID`,`MD_TYPE`,`PID_DOC_ID`,`PID_ICA_ID`,`PID_PRO_ID`,`PID_TRA_ID`,`MD_SENDER_ID`,`MD_BUSINESSDOMAIN_ID`,`MD_VALUE`) values (471,'PARENT_DOCUMENT_ID_XQUERY',null,null,null,54,null,null,'//*:QuotationRequest/*:ECRequestForQuotationDocumentReference/*:RequestForQuotationDocumentReference/*:ID');
Insert into `ETR_TB_METADATA` (`MD_ID`,`MD_TYPE`,`PID_DOC_ID`,`PID_ICA_ID`,`PID_PRO_ID`,`PID_TRA_ID`,`MD_SENDER_ID`,`MD_BUSINESSDOMAIN_ID`,`MD_VALUE`) values (472,'SYNCH_VALIDATE_XSD',null,null,null,54,null,null,'false');
Insert into `ETR_TB_METADATA` (`MD_ID`,`MD_TYPE`,`PID_DOC_ID`,`PID_ICA_ID`,`PID_PRO_ID`,`PID_TRA_ID`,`MD_SENDER_ID`,`MD_BUSINESSDOMAIN_ID`,`MD_VALUE`) values (473,'RECEIVER_ID_XQUERY',null,null,null,54,null,null,'//*:Receiver/*:Identifier');
Insert into `ETR_TB_METADATA` (`MD_ID`,`MD_TYPE`,`PID_DOC_ID`,`PID_ICA_ID`,`PID_PRO_ID`,`PID_TRA_ID`,`MD_SENDER_ID`,`MD_BUSINESSDOMAIN_ID`,`MD_VALUE`) values (474,'DOCUMENT_ISSUEDATE_XQUERY',null,null,null,54,null,null,'//*:QuotationRequest/*:IssueDate');
Insert into `ETR_TB_METADATA` (`MD_ID`,`MD_TYPE`,`PID_DOC_ID`,`PID_ICA_ID`,`PID_PRO_ID`,`PID_TRA_ID`,`MD_SENDER_ID`,`MD_BUSINESSDOMAIN_ID`,`MD_VALUE`) values (476,'DOCUMENT_ID_XQUERY',null,null,null,54,null,null,'//*:QuotationRequest/*:ID');
Insert into `ETR_TB_METADATA` (`MD_ID`,`MD_TYPE`,`PID_DOC_ID`,`PID_ICA_ID`,`PID_PRO_ID`,`PID_TRA_ID`,`MD_SENDER_ID`,`MD_BUSINESSDOMAIN_ID`,`MD_VALUE`) values (477,'SENDER_ID_XQUERY',null,null,null,55,null,null,' //*:Sender/*:Identifier');
Insert into `ETR_TB_METADATA` (`MD_ID`,`MD_TYPE`,`PID_DOC_ID`,`PID_ICA_ID`,`PID_PRO_ID`,`PID_TRA_ID`,`MD_SENDER_ID`,`MD_BUSINESSDOMAIN_ID`,`MD_VALUE`) values (478,'SYNCH_VALIDATE_XSD',null,null,null,55,null,null,'false');
Insert into `ETR_TB_METADATA` (`MD_ID`,`MD_TYPE`,`PID_DOC_ID`,`PID_ICA_ID`,`PID_PRO_ID`,`PID_TRA_ID`,`MD_SENDER_ID`,`MD_BUSINESSDOMAIN_ID`,`MD_VALUE`) values (479,'RECEIVER_ID_XQUERY',null,null,null,55,null,null,'//*:Receiver/*:Identifier');
Insert into `ETR_TB_METADATA` (`MD_ID`,`MD_TYPE`,`PID_DOC_ID`,`PID_ICA_ID`,`PID_PRO_ID`,`PID_TRA_ID`,`MD_SENDER_ID`,`MD_BUSINESSDOMAIN_ID`,`MD_VALUE`) values (480,'DOCUMENT_ISSUEDATE_XQUERY',null,null,null,55,null,null,'//*:RequestForQuotation/*:IssueDate');
Insert into `ETR_TB_METADATA` (`MD_ID`,`MD_TYPE`,`PID_DOC_ID`,`PID_ICA_ID`,`PID_PRO_ID`,`PID_TRA_ID`,`MD_SENDER_ID`,`MD_BUSINESSDOMAIN_ID`,`MD_VALUE`) values (481,'DOCUMENT_XSD_URL',null,null,null,55,null,null,'/eprior/xsd/maindoc/EC-RequestForQuotation-0.1.xsd');
Insert into `ETR_TB_METADATA` (`MD_ID`,`MD_TYPE`,`PID_DOC_ID`,`PID_ICA_ID`,`PID_PRO_ID`,`PID_TRA_ID`,`MD_SENDER_ID`,`MD_BUSINESSDOMAIN_ID`,`MD_VALUE`) values (482,'DOCUMENT_ID_XQUERY',null,null,null,55,null,null,'//*:RequestForQuotation/*:ID');
Insert into `ETR_TB_METADATA` (`MD_ID`,`MD_TYPE`,`PID_DOC_ID`,`PID_ICA_ID`,`PID_PRO_ID`,`PID_TRA_ID`,`MD_SENDER_ID`,`MD_BUSINESSDOMAIN_ID`,`MD_VALUE`) values (483,'SYNCH_VALIDATE_XSD',null,null,null,56,null,null,'false');
Insert into `ETR_TB_METADATA` (`MD_ID`,`MD_TYPE`,`PID_DOC_ID`,`PID_ICA_ID`,`PID_PRO_ID`,`PID_TRA_ID`,`MD_SENDER_ID`,`MD_BUSINESSDOMAIN_ID`,`MD_VALUE`) values (484,'RECEIVER_ID_XQUERY',null,null,null,56,null,null,'//*:Receiver/*:Identifier');
Insert into `ETR_TB_METADATA` (`MD_ID`,`MD_TYPE`,`PID_DOC_ID`,`PID_ICA_ID`,`PID_PRO_ID`,`PID_TRA_ID`,`MD_SENDER_ID`,`MD_BUSINESSDOMAIN_ID`,`MD_VALUE`) values (485,'DOCUMENT_ISSUEDATE_XQUERY',null,null,null,56,null,null,'//*:Reminder/*:IssueDate');
Insert into `ETR_TB_METADATA` (`MD_ID`,`MD_TYPE`,`PID_DOC_ID`,`PID_ICA_ID`,`PID_PRO_ID`,`PID_TRA_ID`,`MD_SENDER_ID`,`MD_BUSINESSDOMAIN_ID`,`MD_VALUE`) values (486,'DOCUMENT_XSD_URL',null,null,null,56,null,null,'/eprior/xsd/maindoc/UBL-Reminder-2.0.xsd');
Insert into `ETR_TB_METADATA` (`MD_ID`,`MD_TYPE`,`PID_DOC_ID`,`PID_ICA_ID`,`PID_PRO_ID`,`PID_TRA_ID`,`MD_SENDER_ID`,`MD_BUSINESSDOMAIN_ID`,`MD_VALUE`) values (487,'DOCUMENT_ID_XQUERY',null,null,null,56,null,null,'//*:Reminder/*:ID');
Insert into `ETR_TB_METADATA` (`MD_ID`,`MD_TYPE`,`PID_DOC_ID`,`PID_ICA_ID`,`PID_PRO_ID`,`PID_TRA_ID`,`MD_SENDER_ID`,`MD_BUSINESSDOMAIN_ID`,`MD_VALUE`) values (488,'SENDER_ID_XQUERY',null,null,null,56,null,null,' //*:Sender/*:Identifier');
Insert into `ETR_TB_METADATA` (`MD_ID`,`MD_TYPE`,`PID_DOC_ID`,`PID_ICA_ID`,`PID_PRO_ID`,`PID_TRA_ID`,`MD_SENDER_ID`,`MD_BUSINESSDOMAIN_ID`,`MD_VALUE`) values (489,'SENDER_ID_XQUERY',null,null,null,57,null,null,' //*:Sender/*:Identifier');
Insert into `ETR_TB_METADATA` (`MD_ID`,`MD_TYPE`,`PID_DOC_ID`,`PID_ICA_ID`,`PID_PRO_ID`,`PID_TRA_ID`,`MD_SENDER_ID`,`MD_BUSINESSDOMAIN_ID`,`MD_VALUE`) values (490,'DOCUMENT_ID_XQUERY',null,null,null,57,null,null,'//*:OrderResponseSimple/*:ID');
Insert into `ETR_TB_METADATA` (`MD_ID`,`MD_TYPE`,`PID_DOC_ID`,`PID_ICA_ID`,`PID_PRO_ID`,`PID_TRA_ID`,`MD_SENDER_ID`,`MD_BUSINESSDOMAIN_ID`,`MD_VALUE`) values (491,'DOCUMENT_XSD_URL',null,null,null,57,null,null,'/eprior/xsd/maindoc/UBL-OrderResponseSimple-2.0.xsd');
Insert into `ETR_TB_METADATA` (`MD_ID`,`MD_TYPE`,`PID_DOC_ID`,`PID_ICA_ID`,`PID_PRO_ID`,`PID_TRA_ID`,`MD_SENDER_ID`,`MD_BUSINESSDOMAIN_ID`,`MD_VALUE`) values (492,'DOCUMENT_ISSUEDATE_XQUERY',null,null,null,57,null,null,'//*:OrderResponseSimple/*:IssueDate');
Insert into `ETR_TB_METADATA` (`MD_ID`,`MD_TYPE`,`PID_DOC_ID`,`PID_ICA_ID`,`PID_PRO_ID`,`PID_TRA_ID`,`MD_SENDER_ID`,`MD_BUSINESSDOMAIN_ID`,`MD_VALUE`) values (493,'RECEIVER_ID_XQUERY',null,null,null,57,null,null,'//*:Receiver/*:Identifier');
Insert into `ETR_TB_METADATA` (`MD_ID`,`MD_TYPE`,`PID_DOC_ID`,`PID_ICA_ID`,`PID_PRO_ID`,`PID_TRA_ID`,`MD_SENDER_ID`,`MD_BUSINESSDOMAIN_ID`,`MD_VALUE`) values (494,'SYNCH_VALIDATE_XSD',null,null,null,57,null,null,'false');
Insert into `ETR_TB_METADATA` (`MD_ID`,`MD_TYPE`,`PID_DOC_ID`,`PID_ICA_ID`,`PID_PRO_ID`,`PID_TRA_ID`,`MD_SENDER_ID`,`MD_BUSINESSDOMAIN_ID`,`MD_VALUE`) values (495,'SENDER_ID_XQUERY',null,null,null,59,null,null,' //*:Sender/*:Identifier');
Insert into `ETR_TB_METADATA` (`MD_ID`,`MD_TYPE`,`PID_DOC_ID`,`PID_ICA_ID`,`PID_PRO_ID`,`PID_TRA_ID`,`MD_SENDER_ID`,`MD_BUSINESSDOMAIN_ID`,`MD_VALUE`) values (496,'DOCUMENT_ID_XQUERY',null,null,null,59,null,null,'//*:OrderChange/*:ID');
Insert into `ETR_TB_METADATA` (`MD_ID`,`MD_TYPE`,`PID_DOC_ID`,`PID_ICA_ID`,`PID_PRO_ID`,`PID_TRA_ID`,`MD_SENDER_ID`,`MD_BUSINESSDOMAIN_ID`,`MD_VALUE`) values (555,'PARENT_DOCUMENT_ID_XQUERY',null,null,null,52,null,null,'//*:Proposal/*:ECRequestForQuotationDocumentReference/*:RequestForQuotationDocumentReference/*:ID');
Insert into `ETR_TB_METADATA` (`MD_ID`,`MD_TYPE`,`PID_DOC_ID`,`PID_ICA_ID`,`PID_PRO_ID`,`PID_TRA_ID`,`MD_SENDER_ID`,`MD_BUSINESSDOMAIN_ID`,`MD_VALUE`) values (575,'SYNCH_VALIDATE_XSD',null,null,null,22,null,null,'false');
Insert into `ETR_TB_METADATA` (`MD_ID`,`MD_TYPE`,`PID_DOC_ID`,`PID_ICA_ID`,`PID_PRO_ID`,`PID_TRA_ID`,`MD_SENDER_ID`,`MD_BUSINESSDOMAIN_ID`,`MD_VALUE`) values (576,'SYNCH_VALIDATE_XSD',null,null,null,47,null,null,'true');
Insert into `ETR_TB_METADATA` (`MD_ID`,`MD_TYPE`,`PID_DOC_ID`,`PID_ICA_ID`,`PID_PRO_ID`,`PID_TRA_ID`,`MD_SENDER_ID`,`MD_BUSINESSDOMAIN_ID`,`MD_VALUE`) values (577,'PARENT_DOCUMENT_NA_STRATEGY',null,null,null,71,null,null,'ERROR');
Insert into `ETR_TB_METADATA` (`MD_ID`,`MD_TYPE`,`PID_DOC_ID`,`PID_ICA_ID`,`PID_PRO_ID`,`PID_TRA_ID`,`MD_SENDER_ID`,`MD_BUSINESSDOMAIN_ID`,`MD_VALUE`) values (578,'PARENT_DOCUMENT_ID_XQUERY',null,null,null,71,null,null,'//*:DespatchAdvice/*:OrderReference/*:ID');
Insert into `ETR_TB_METADATA` (`MD_ID`,`MD_TYPE`,`PID_DOC_ID`,`PID_ICA_ID`,`PID_PRO_ID`,`PID_TRA_ID`,`MD_SENDER_ID`,`MD_BUSINESSDOMAIN_ID`,`MD_VALUE`) values (580,'SYNCH_VALIDATE_XSD',null,null,null,71,null,null,'false');
Insert into `ETR_TB_METADATA` (`MD_ID`,`MD_TYPE`,`PID_DOC_ID`,`PID_ICA_ID`,`PID_PRO_ID`,`PID_TRA_ID`,`MD_SENDER_ID`,`MD_BUSINESSDOMAIN_ID`,`MD_VALUE`) values (581,'RECEIVER_ID_XQUERY',null,null,null,71,null,null,'//*:Receiver/*:Identifier');
Insert into `ETR_TB_METADATA` (`MD_ID`,`MD_TYPE`,`PID_DOC_ID`,`PID_ICA_ID`,`PID_PRO_ID`,`PID_TRA_ID`,`MD_SENDER_ID`,`MD_BUSINESSDOMAIN_ID`,`MD_VALUE`) values (582,'DOCUMENT_ISSUEDATE_XQUERY',null,null,null,71,null,null,'//*:DespatchAdvice/*:IssueDate');
Insert into `ETR_TB_METADATA` (`MD_ID`,`MD_TYPE`,`PID_DOC_ID`,`PID_ICA_ID`,`PID_PRO_ID`,`PID_TRA_ID`,`MD_SENDER_ID`,`MD_BUSINESSDOMAIN_ID`,`MD_VALUE`) values (583,'DOCUMENT_XSD_URL',null,null,null,71,null,null,'/eprior/xsd/maindoc/UBL-DespatchAdvice-2.0.xsd');
Insert into `ETR_TB_METADATA` (`MD_ID`,`MD_TYPE`,`PID_DOC_ID`,`PID_ICA_ID`,`PID_PRO_ID`,`PID_TRA_ID`,`MD_SENDER_ID`,`MD_BUSINESSDOMAIN_ID`,`MD_VALUE`) values (584,'DOCUMENT_ID_XQUERY',null,null,null,71,null,null,'//*:DespatchAdvice/*:ID');
Insert into `ETR_TB_METADATA` (`MD_ID`,`MD_TYPE`,`PID_DOC_ID`,`PID_ICA_ID`,`PID_PRO_ID`,`PID_TRA_ID`,`MD_SENDER_ID`,`MD_BUSINESSDOMAIN_ID`,`MD_VALUE`) values (585,'SENDER_ID_XQUERY',null,null,null,71,null,null,' //*:Sender/*:Identifier');
Insert into `ETR_TB_METADATA` (`MD_ID`,`MD_TYPE`,`PID_DOC_ID`,`PID_ICA_ID`,`PID_PRO_ID`,`PID_TRA_ID`,`MD_SENDER_ID`,`MD_BUSINESSDOMAIN_ID`,`MD_VALUE`) values (587,'SENDER_ID_XQUERY',null,null,null,72,null,null,'//*:Sender/*:Identifier');
Insert into `ETR_TB_METADATA` (`MD_ID`,`MD_TYPE`,`PID_DOC_ID`,`PID_ICA_ID`,`PID_PRO_ID`,`PID_TRA_ID`,`MD_SENDER_ID`,`MD_BUSINESSDOMAIN_ID`,`MD_VALUE`) values (588,'RECEIVER_ID_XQUERY',null,null,null,72,null,null,'//*:Receiver/*:Identifier');
Insert into `ETR_TB_METADATA` (`MD_ID`,`MD_TYPE`,`PID_DOC_ID`,`PID_ICA_ID`,`PID_PRO_ID`,`PID_TRA_ID`,`MD_SENDER_ID`,`MD_BUSINESSDOMAIN_ID`,`MD_VALUE`) values (589,'DOCUMENT_ID_XQUERY',null,null,null,72,null,null,'//*:ReceiptAdvice/*:ID');
Insert into `ETR_TB_METADATA` (`MD_ID`,`MD_TYPE`,`PID_DOC_ID`,`PID_ICA_ID`,`PID_PRO_ID`,`PID_TRA_ID`,`MD_SENDER_ID`,`MD_BUSINESSDOMAIN_ID`,`MD_VALUE`) values (590,'DOCUMENT_ISSUEDATE_XQUERY',null,null,null,72,null,null,'//*:ReceiptAdvice/*:IssueDate');
Insert into `ETR_TB_METADATA` (`MD_ID`,`MD_TYPE`,`PID_DOC_ID`,`PID_ICA_ID`,`PID_PRO_ID`,`PID_TRA_ID`,`MD_SENDER_ID`,`MD_BUSINESSDOMAIN_ID`,`MD_VALUE`) values (591,'SYNCH_VALIDATE_XSD',null,null,null,72,null,null,'false');
Insert into `ETR_TB_METADATA` (`MD_ID`,`MD_TYPE`,`PID_DOC_ID`,`PID_ICA_ID`,`PID_PRO_ID`,`PID_TRA_ID`,`MD_SENDER_ID`,`MD_BUSINESSDOMAIN_ID`,`MD_VALUE`) values (592,'DOCUMENT_XSD_URL',null,null,null,72,null,null,'/eprior/xsd/maindoc/UBL-ReceiptAdvice-2.0.xsd');
Insert into `ETR_TB_METADATA` (`MD_ID`,`MD_TYPE`,`PID_DOC_ID`,`PID_ICA_ID`,`PID_PRO_ID`,`PID_TRA_ID`,`MD_SENDER_ID`,`MD_BUSINESSDOMAIN_ID`,`MD_VALUE`) values (594,'SENDER_ID_XQUERY',null,null,null,73,null,null,'//*:Sender/*:Identifier');
Insert into `ETR_TB_METADATA` (`MD_ID`,`MD_TYPE`,`PID_DOC_ID`,`PID_ICA_ID`,`PID_PRO_ID`,`PID_TRA_ID`,`MD_SENDER_ID`,`MD_BUSINESSDOMAIN_ID`,`MD_VALUE`) values (595,'RECEIVER_ID_XQUERY',null,null,null,73,null,null,'//*:Receiver/*:Identifier');
Insert into `ETR_TB_METADATA` (`MD_ID`,`MD_TYPE`,`PID_DOC_ID`,`PID_ICA_ID`,`PID_PRO_ID`,`PID_TRA_ID`,`MD_SENDER_ID`,`MD_BUSINESSDOMAIN_ID`,`MD_VALUE`) values (596,'DOCUMENT_ID_XQUERY',null,null,null,73,null,null,'//*:AdhocC2S/*:ID');
Insert into `ETR_TB_METADATA` (`MD_ID`,`MD_TYPE`,`PID_DOC_ID`,`PID_ICA_ID`,`PID_PRO_ID`,`PID_TRA_ID`,`MD_SENDER_ID`,`MD_BUSINESSDOMAIN_ID`,`MD_VALUE`) values (597,'DOCUMENT_ISSUEDATE_XQUERY',null,null,null,73,null,null,'//*:AdhocC2S/*:IssueDate');
Insert into `ETR_TB_METADATA` (`MD_ID`,`MD_TYPE`,`PID_DOC_ID`,`PID_ICA_ID`,`PID_PRO_ID`,`PID_TRA_ID`,`MD_SENDER_ID`,`MD_BUSINESSDOMAIN_ID`,`MD_VALUE`) values (598,'SYNCH_VALIDATE_XSD',null,null,null,73,null,null,'false');
Insert into `ETR_TB_METADATA` (`MD_ID`,`MD_TYPE`,`PID_DOC_ID`,`PID_ICA_ID`,`PID_PRO_ID`,`PID_TRA_ID`,`MD_SENDER_ID`,`MD_BUSINESSDOMAIN_ID`,`MD_VALUE`) values (599,'DOCUMENT_XSD_URL',null,null,null,73,null,null,'/eprior/xsd/maindoc/EC-AdhocC2S-0.1.xsd');
Insert into `ETR_TB_METADATA` (`MD_ID`,`MD_TYPE`,`PID_DOC_ID`,`PID_ICA_ID`,`PID_PRO_ID`,`PID_TRA_ID`,`MD_SENDER_ID`,`MD_BUSINESSDOMAIN_ID`,`MD_VALUE`) values (600,'DOCUMENT_ID_XQUERY',null,null,null,63,null,null,'//*:DownloadOrganizationUsersRequest/*:ID');
Insert into `ETR_TB_METADATA` (`MD_ID`,`MD_TYPE`,`PID_DOC_ID`,`PID_ICA_ID`,`PID_PRO_ID`,`PID_TRA_ID`,`MD_SENDER_ID`,`MD_BUSINESSDOMAIN_ID`,`MD_VALUE`) values (601,'DOCUMENT_ISSUEDATE_XQUERY',null,null,null,63,null,null,'//*:DownloadOrganizationUsersRequest/*:IssueDate');
Insert into `ETR_TB_METADATA` (`MD_ID`,`MD_TYPE`,`PID_DOC_ID`,`PID_ICA_ID`,`PID_PRO_ID`,`PID_TRA_ID`,`MD_SENDER_ID`,`MD_BUSINESSDOMAIN_ID`,`MD_VALUE`) values (602,'SENDER_ID_XQUERY',null,null,null,63,null,null,' //*:Sender/*:Identifier');
Insert into `ETR_TB_METADATA` (`MD_ID`,`MD_TYPE`,`PID_DOC_ID`,`PID_ICA_ID`,`PID_PRO_ID`,`PID_TRA_ID`,`MD_SENDER_ID`,`MD_BUSINESSDOMAIN_ID`,`MD_VALUE`) values (603,'RECEIVER_ID_XQUERY',null,null,null,63,null,null,'//*:Receiver/*:Identifier');
Insert into `ETR_TB_METADATA` (`MD_ID`,`MD_TYPE`,`PID_DOC_ID`,`PID_ICA_ID`,`PID_PRO_ID`,`PID_TRA_ID`,`MD_SENDER_ID`,`MD_BUSINESSDOMAIN_ID`,`MD_VALUE`) values (604,'SYNCH_VALIDATE_XSD',null,null,null,63,null,null,'false');
Insert into `ETR_TB_METADATA` (`MD_ID`,`MD_TYPE`,`PID_DOC_ID`,`PID_ICA_ID`,`PID_PRO_ID`,`PID_TRA_ID`,`MD_SENDER_ID`,`MD_BUSINESSDOMAIN_ID`,`MD_VALUE`) values (605,'DOCUMENT_XSD_URL',null,null,null,63,null,null,'/eprior/xsd/maindoc/EC-DownloadOrganizationUsersRequest-0.1.xsd');
Insert into `ETR_TB_METADATA` (`MD_ID`,`MD_TYPE`,`PID_DOC_ID`,`PID_ICA_ID`,`PID_PRO_ID`,`PID_TRA_ID`,`MD_SENDER_ID`,`MD_BUSINESSDOMAIN_ID`,`MD_VALUE`) values (607,'DOCUMENT_ID_XQUERY',null,null,null,64,null,null,'//*:DownloadOrganizationUsersResponse/*:ID');
Insert into `ETR_TB_METADATA` (`MD_ID`,`MD_TYPE`,`PID_DOC_ID`,`PID_ICA_ID`,`PID_PRO_ID`,`PID_TRA_ID`,`MD_SENDER_ID`,`MD_BUSINESSDOMAIN_ID`,`MD_VALUE`) values (608,'DOCUMENT_ISSUEDATE_XQUERY',null,null,null,64,null,null,'//*:DownloadOrganizationUsersResponse/*:IssueDate');
Insert into `ETR_TB_METADATA` (`MD_ID`,`MD_TYPE`,`PID_DOC_ID`,`PID_ICA_ID`,`PID_PRO_ID`,`PID_TRA_ID`,`MD_SENDER_ID`,`MD_BUSINESSDOMAIN_ID`,`MD_VALUE`) values (609,'SENDER_ID_XQUERY',null,null,null,64,null,null,' //*:Sender/*:Identifier');
Insert into `ETR_TB_METADATA` (`MD_ID`,`MD_TYPE`,`PID_DOC_ID`,`PID_ICA_ID`,`PID_PRO_ID`,`PID_TRA_ID`,`MD_SENDER_ID`,`MD_BUSINESSDOMAIN_ID`,`MD_VALUE`) values (610,'RECEIVER_ID_XQUERY',null,null,null,64,null,null,'//*:Receiver/*:Identifier');
Insert into `ETR_TB_METADATA` (`MD_ID`,`MD_TYPE`,`PID_DOC_ID`,`PID_ICA_ID`,`PID_PRO_ID`,`PID_TRA_ID`,`MD_SENDER_ID`,`MD_BUSINESSDOMAIN_ID`,`MD_VALUE`) values (611,'SYNCH_VALIDATE_XSD',null,null,null,64,null,null,'false');
Insert into `ETR_TB_METADATA` (`MD_ID`,`MD_TYPE`,`PID_DOC_ID`,`PID_ICA_ID`,`PID_PRO_ID`,`PID_TRA_ID`,`MD_SENDER_ID`,`MD_BUSINESSDOMAIN_ID`,`MD_VALUE`) values (612,'DOCUMENT_XSD_URL',null,null,null,64,null,null,'/eprior/xsd/maindoc/EC-DownloadOrganizationUsersResponse-0.1.xsd');
Insert into `ETR_TB_METADATA` (`MD_ID`,`MD_TYPE`,`PID_DOC_ID`,`PID_ICA_ID`,`PID_PRO_ID`,`PID_TRA_ID`,`MD_SENDER_ID`,`MD_BUSINESSDOMAIN_ID`,`MD_VALUE`) values (614,'DOCUMENT_ID_XQUERY',null,null,null,65,null,null,'//*:DownloadTrackingFilesRequest/*:ID');
Insert into `ETR_TB_METADATA` (`MD_ID`,`MD_TYPE`,`PID_DOC_ID`,`PID_ICA_ID`,`PID_PRO_ID`,`PID_TRA_ID`,`MD_SENDER_ID`,`MD_BUSINESSDOMAIN_ID`,`MD_VALUE`) values (615,'DOCUMENT_ISSUEDATE_XQUERY',null,null,null,65,null,null,'//*:DownloadTrackingFilesRequest/*:IssueDate');
Insert into `ETR_TB_METADATA` (`MD_ID`,`MD_TYPE`,`PID_DOC_ID`,`PID_ICA_ID`,`PID_PRO_ID`,`PID_TRA_ID`,`MD_SENDER_ID`,`MD_BUSINESSDOMAIN_ID`,`MD_VALUE`) values (616,'SENDER_ID_XQUERY',null,null,null,65,null,null,' //*:Sender/*:Identifier');
Insert into `ETR_TB_METADATA` (`MD_ID`,`MD_TYPE`,`PID_DOC_ID`,`PID_ICA_ID`,`PID_PRO_ID`,`PID_TRA_ID`,`MD_SENDER_ID`,`MD_BUSINESSDOMAIN_ID`,`MD_VALUE`) values (617,'RECEIVER_ID_XQUERY',null,null,null,65,null,null,'//*:Receiver/*:Identifier');
Insert into `ETR_TB_METADATA` (`MD_ID`,`MD_TYPE`,`PID_DOC_ID`,`PID_ICA_ID`,`PID_PRO_ID`,`PID_TRA_ID`,`MD_SENDER_ID`,`MD_BUSINESSDOMAIN_ID`,`MD_VALUE`) values (618,'SYNCH_VALIDATE_XSD',null,null,null,65,null,null,'false');
Insert into `ETR_TB_METADATA` (`MD_ID`,`MD_TYPE`,`PID_DOC_ID`,`PID_ICA_ID`,`PID_PRO_ID`,`PID_TRA_ID`,`MD_SENDER_ID`,`MD_BUSINESSDOMAIN_ID`,`MD_VALUE`) values (619,'DOCUMENT_XSD_URL',null,null,null,65,null,null,'/eprior/xsd/maindoc/EC-DownloadTrackingFilesRequest-0.1.xsd');
Insert into `ETR_TB_METADATA` (`MD_ID`,`MD_TYPE`,`PID_DOC_ID`,`PID_ICA_ID`,`PID_PRO_ID`,`PID_TRA_ID`,`MD_SENDER_ID`,`MD_BUSINESSDOMAIN_ID`,`MD_VALUE`) values (621,'DOCUMENT_ID_XQUERY',null,null,null,66,null,null,'//*:DownloadTrackingFilesResponse/*:ID');
Insert into `ETR_TB_METADATA` (`MD_ID`,`MD_TYPE`,`PID_DOC_ID`,`PID_ICA_ID`,`PID_PRO_ID`,`PID_TRA_ID`,`MD_SENDER_ID`,`MD_BUSINESSDOMAIN_ID`,`MD_VALUE`) values (622,'DOCUMENT_ISSUEDATE_XQUERY',null,null,null,66,null,null,'//*:DownloadTrackingFilesResponse/*:IssueDate');
Insert into `ETR_TB_METADATA` (`MD_ID`,`MD_TYPE`,`PID_DOC_ID`,`PID_ICA_ID`,`PID_PRO_ID`,`PID_TRA_ID`,`MD_SENDER_ID`,`MD_BUSINESSDOMAIN_ID`,`MD_VALUE`) values (623,'SENDER_ID_XQUERY',null,null,null,66,null,null,' //*:Sender/*:Identifier');
Insert into `ETR_TB_METADATA` (`MD_ID`,`MD_TYPE`,`PID_DOC_ID`,`PID_ICA_ID`,`PID_PRO_ID`,`PID_TRA_ID`,`MD_SENDER_ID`,`MD_BUSINESSDOMAIN_ID`,`MD_VALUE`) values (624,'RECEIVER_ID_XQUERY',null,null,null,66,null,null,'//*:Receiver/*:Identifier');
Insert into `ETR_TB_METADATA` (`MD_ID`,`MD_TYPE`,`PID_DOC_ID`,`PID_ICA_ID`,`PID_PRO_ID`,`PID_TRA_ID`,`MD_SENDER_ID`,`MD_BUSINESSDOMAIN_ID`,`MD_VALUE`) values (625,'SYNCH_VALIDATE_XSD',null,null,null,66,null,null,'false');
Insert into `ETR_TB_METADATA` (`MD_ID`,`MD_TYPE`,`PID_DOC_ID`,`PID_ICA_ID`,`PID_PRO_ID`,`PID_TRA_ID`,`MD_SENDER_ID`,`MD_BUSINESSDOMAIN_ID`,`MD_VALUE`) values (626,'DOCUMENT_XSD_URL',null,null,null,66,null,null,'/eprior/xsd/maindoc/EC-DownloadTrackingFilesResponse-0.1.xsd');
Insert into `ETR_TB_METADATA` (`MD_ID`,`MD_TYPE`,`PID_DOC_ID`,`PID_ICA_ID`,`PID_PRO_ID`,`PID_TRA_ID`,`MD_SENDER_ID`,`MD_BUSINESSDOMAIN_ID`,`MD_VALUE`) values (628,'DOCUMENT_ID_XQUERY',null,null,null,67,null,null,'//*:UpdateTrackingFilesStepRequest/*:ID');
Insert into `ETR_TB_METADATA` (`MD_ID`,`MD_TYPE`,`PID_DOC_ID`,`PID_ICA_ID`,`PID_PRO_ID`,`PID_TRA_ID`,`MD_SENDER_ID`,`MD_BUSINESSDOMAIN_ID`,`MD_VALUE`) values (629,'DOCUMENT_ISSUEDATE_XQUERY',null,null,null,67,null,null,'//*:UpdateTrackingFilesStepRequest/*:IssueDate');
Insert into `ETR_TB_METADATA` (`MD_ID`,`MD_TYPE`,`PID_DOC_ID`,`PID_ICA_ID`,`PID_PRO_ID`,`PID_TRA_ID`,`MD_SENDER_ID`,`MD_BUSINESSDOMAIN_ID`,`MD_VALUE`) values (630,'SENDER_ID_XQUERY',null,null,null,67,null,null,' //*:Sender/*:Identifier');
Insert into `ETR_TB_METADATA` (`MD_ID`,`MD_TYPE`,`PID_DOC_ID`,`PID_ICA_ID`,`PID_PRO_ID`,`PID_TRA_ID`,`MD_SENDER_ID`,`MD_BUSINESSDOMAIN_ID`,`MD_VALUE`) values (631,'RECEIVER_ID_XQUERY',null,null,null,67,null,null,'//*:Receiver/*:Identifier');
Insert into `ETR_TB_METADATA` (`MD_ID`,`MD_TYPE`,`PID_DOC_ID`,`PID_ICA_ID`,`PID_PRO_ID`,`PID_TRA_ID`,`MD_SENDER_ID`,`MD_BUSINESSDOMAIN_ID`,`MD_VALUE`) values (632,'SYNCH_VALIDATE_XSD',null,null,null,67,null,null,'false');
Insert into `ETR_TB_METADATA` (`MD_ID`,`MD_TYPE`,`PID_DOC_ID`,`PID_ICA_ID`,`PID_PRO_ID`,`PID_TRA_ID`,`MD_SENDER_ID`,`MD_BUSINESSDOMAIN_ID`,`MD_VALUE`) values (633,'DOCUMENT_XSD_URL',null,null,null,67,null,null,'/eprior/xsd/maindoc/EC-UpdateTrackingFilesStepRequest-0.1.xsd');
Insert into `ETR_TB_METADATA` (`MD_ID`,`MD_TYPE`,`PID_DOC_ID`,`PID_ICA_ID`,`PID_PRO_ID`,`PID_TRA_ID`,`MD_SENDER_ID`,`MD_BUSINESSDOMAIN_ID`,`MD_VALUE`) values (635,'DOCUMENT_ID_XQUERY',null,null,null,68,null,null,'//*:UpdateTrackingFilesStepResponse/*:ID');
Insert into `ETR_TB_METADATA` (`MD_ID`,`MD_TYPE`,`PID_DOC_ID`,`PID_ICA_ID`,`PID_PRO_ID`,`PID_TRA_ID`,`MD_SENDER_ID`,`MD_BUSINESSDOMAIN_ID`,`MD_VALUE`) values (636,'DOCUMENT_ISSUEDATE_XQUERY',null,null,null,68,null,null,'//*:UpdateTrackingFilesStepResponse/*:IssueDate');
Insert into `ETR_TB_METADATA` (`MD_ID`,`MD_TYPE`,`PID_DOC_ID`,`PID_ICA_ID`,`PID_PRO_ID`,`PID_TRA_ID`,`MD_SENDER_ID`,`MD_BUSINESSDOMAIN_ID`,`MD_VALUE`) values (637,'SENDER_ID_XQUERY',null,null,null,68,null,null,' //*:Sender/*:Identifier');
Insert into `ETR_TB_METADATA` (`MD_ID`,`MD_TYPE`,`PID_DOC_ID`,`PID_ICA_ID`,`PID_PRO_ID`,`PID_TRA_ID`,`MD_SENDER_ID`,`MD_BUSINESSDOMAIN_ID`,`MD_VALUE`) values (638,'RECEIVER_ID_XQUERY',null,null,null,68,null,null,'//*:Receiver/*:Identifier');
Insert into `ETR_TB_METADATA` (`MD_ID`,`MD_TYPE`,`PID_DOC_ID`,`PID_ICA_ID`,`PID_PRO_ID`,`PID_TRA_ID`,`MD_SENDER_ID`,`MD_BUSINESSDOMAIN_ID`,`MD_VALUE`) values (639,'SYNCH_VALIDATE_XSD',null,null,null,68,null,null,'false');
Insert into `ETR_TB_METADATA` (`MD_ID`,`MD_TYPE`,`PID_DOC_ID`,`PID_ICA_ID`,`PID_PRO_ID`,`PID_TRA_ID`,`MD_SENDER_ID`,`MD_BUSINESSDOMAIN_ID`,`MD_VALUE`) values (640,'DOCUMENT_XSD_URL',null,null,null,68,null,null,'/eprior/xsd/maindoc/EC-UpdateTrackingFilesStepResponse-0.1.xsd');
Insert into `ETR_TB_METADATA` (`MD_ID`,`MD_TYPE`,`PID_DOC_ID`,`PID_ICA_ID`,`PID_PRO_ID`,`PID_TRA_ID`,`MD_SENDER_ID`,`MD_BUSINESSDOMAIN_ID`,`MD_VALUE`) values (642,'DOCUMENT_ID_XQUERY',null,null,null,69,null,null,'//*:UploadTrackingFilesRequest/*:ID');
Insert into `ETR_TB_METADATA` (`MD_ID`,`MD_TYPE`,`PID_DOC_ID`,`PID_ICA_ID`,`PID_PRO_ID`,`PID_TRA_ID`,`MD_SENDER_ID`,`MD_BUSINESSDOMAIN_ID`,`MD_VALUE`) values (643,'DOCUMENT_ISSUEDATE_XQUERY',null,null,null,69,null,null,'//*:UploadTrackingFilesRequest/*:IssueDate');
Insert into `ETR_TB_METADATA` (`MD_ID`,`MD_TYPE`,`PID_DOC_ID`,`PID_ICA_ID`,`PID_PRO_ID`,`PID_TRA_ID`,`MD_SENDER_ID`,`MD_BUSINESSDOMAIN_ID`,`MD_VALUE`) values (644,'SENDER_ID_XQUERY',null,null,null,69,null,null,' //*:Sender/*:Identifier');
Insert into `ETR_TB_METADATA` (`MD_ID`,`MD_TYPE`,`PID_DOC_ID`,`PID_ICA_ID`,`PID_PRO_ID`,`PID_TRA_ID`,`MD_SENDER_ID`,`MD_BUSINESSDOMAIN_ID`,`MD_VALUE`) values (645,'RECEIVER_ID_XQUERY',null,null,null,69,null,null,'//*:Receiver/*:Identifier');
Insert into `ETR_TB_METADATA` (`MD_ID`,`MD_TYPE`,`PID_DOC_ID`,`PID_ICA_ID`,`PID_PRO_ID`,`PID_TRA_ID`,`MD_SENDER_ID`,`MD_BUSINESSDOMAIN_ID`,`MD_VALUE`) values (646,'SYNCH_VALIDATE_XSD',null,null,null,69,null,null,'false');
Insert into `ETR_TB_METADATA` (`MD_ID`,`MD_TYPE`,`PID_DOC_ID`,`PID_ICA_ID`,`PID_PRO_ID`,`PID_TRA_ID`,`MD_SENDER_ID`,`MD_BUSINESSDOMAIN_ID`,`MD_VALUE`) values (647,'DOCUMENT_XSD_URL',null,null,null,69,null,null,'/eprior/xsd/maindoc/EC-UploadTrackingFilesRequest-0.1.xsd');
Insert into `ETR_TB_METADATA` (`MD_ID`,`MD_TYPE`,`PID_DOC_ID`,`PID_ICA_ID`,`PID_PRO_ID`,`PID_TRA_ID`,`MD_SENDER_ID`,`MD_BUSINESSDOMAIN_ID`,`MD_VALUE`) values (649,'DOCUMENT_ID_XQUERY',null,null,null,70,null,null,'//*:UploadTrackingFilesResponse/*:ID');
Insert into `ETR_TB_METADATA` (`MD_ID`,`MD_TYPE`,`PID_DOC_ID`,`PID_ICA_ID`,`PID_PRO_ID`,`PID_TRA_ID`,`MD_SENDER_ID`,`MD_BUSINESSDOMAIN_ID`,`MD_VALUE`) values (650,'DOCUMENT_ISSUEDATE_XQUERY',null,null,null,70,null,null,'//*:UploadTrackingFilesResponse/*:IssueDate');
Insert into `ETR_TB_METADATA` (`MD_ID`,`MD_TYPE`,`PID_DOC_ID`,`PID_ICA_ID`,`PID_PRO_ID`,`PID_TRA_ID`,`MD_SENDER_ID`,`MD_BUSINESSDOMAIN_ID`,`MD_VALUE`) values (651,'SENDER_ID_XQUERY',null,null,null,70,null,null,' //*:Sender/*:Identifier');
Insert into `ETR_TB_METADATA` (`MD_ID`,`MD_TYPE`,`PID_DOC_ID`,`PID_ICA_ID`,`PID_PRO_ID`,`PID_TRA_ID`,`MD_SENDER_ID`,`MD_BUSINESSDOMAIN_ID`,`MD_VALUE`) values (652,'RECEIVER_ID_XQUERY',null,null,null,70,null,null,'//*:Receiver/*:Identifier');
Insert into `ETR_TB_METADATA` (`MD_ID`,`MD_TYPE`,`PID_DOC_ID`,`PID_ICA_ID`,`PID_PRO_ID`,`PID_TRA_ID`,`MD_SENDER_ID`,`MD_BUSINESSDOMAIN_ID`,`MD_VALUE`) values (653,'SYNCH_VALIDATE_XSD',null,null,null,70,null,null,'false');
Insert into `ETR_TB_METADATA` (`MD_ID`,`MD_TYPE`,`PID_DOC_ID`,`PID_ICA_ID`,`PID_PRO_ID`,`PID_TRA_ID`,`MD_SENDER_ID`,`MD_BUSINESSDOMAIN_ID`,`MD_VALUE`) values (654,'DOCUMENT_XSD_URL',null,null,null,70,null,null,'/eprior/xsd/maindoc/EC-UploadTrackingFilesResponse-0.1.xsd');
Insert into `ETR_TB_METADATA` (`MD_ID`,`MD_TYPE`,`PID_DOC_ID`,`PID_ICA_ID`,`PID_PRO_ID`,`PID_TRA_ID`,`MD_SENDER_ID`,`MD_BUSINESSDOMAIN_ID`,`MD_VALUE`) values (663,'PARENT_DOCUMENT_NA_STRATEGY',null,null,null,73,null,null,'IGNORE');
Insert into `ETR_TB_METADATA` (`MD_ID`,`MD_TYPE`,`PID_DOC_ID`,`PID_ICA_ID`,`PID_PRO_ID`,`PID_TRA_ID`,`MD_SENDER_ID`,`MD_BUSINESSDOMAIN_ID`,`MD_VALUE`) values (664,'PARENT_DOCUMENT_ID_XQUERY',null,null,null,73,null,null,'//*:AdhocC2S/*:ECRequestForQuotationDocumentReference/*:RequestForQuotationDocumentReference/*:ID');
Insert into `ETR_TB_METADATA` (`MD_ID`,`MD_TYPE`,`PID_DOC_ID`,`PID_ICA_ID`,`PID_PRO_ID`,`PID_TRA_ID`,`MD_SENDER_ID`,`MD_BUSINESSDOMAIN_ID`,`MD_VALUE`) values (665,'BUSINESS_SCOPE_II_XPATH',7,null,null,null,null,null,'//*:BusinessHeader/*:BusinessScope/*:Scope/*:InstanceIdentifier');
Insert into `ETR_TB_METADATA` (`MD_ID`,`MD_TYPE`,`PID_DOC_ID`,`PID_ICA_ID`,`PID_PRO_ID`,`PID_TRA_ID`,`MD_SENDER_ID`,`MD_BUSINESSDOMAIN_ID`,`MD_VALUE`) values (666,'HEADER_VERSION_XPATH',7,null,null,null,null,null,'//*:BusinessHeader/*:HeaderVersion');
Insert into `ETR_TB_METADATA` (`MD_ID`,`MD_TYPE`,`PID_DOC_ID`,`PID_ICA_ID`,`PID_PRO_ID`,`PID_TRA_ID`,`MD_SENDER_ID`,`MD_BUSINESSDOMAIN_ID`,`MD_VALUE`) values (667,'DOCUMENT_HUMAN_READABLE_PREPROC',null,null,null,43,null,null,'true');
Insert into `ETR_TB_METADATA` (`MD_ID`,`MD_TYPE`,`PID_DOC_ID`,`PID_ICA_ID`,`PID_PRO_ID`,`PID_TRA_ID`,`MD_SENDER_ID`,`MD_BUSINESSDOMAIN_ID`,`MD_VALUE`) values (668,'DOCUMENT_HUMAN_READABLE_PREPROC',null,null,null,44,null,null,'true');
Insert into `ETR_TB_METADATA` (`MD_ID`,`MD_TYPE`,`PID_DOC_ID`,`PID_ICA_ID`,`PID_PRO_ID`,`PID_TRA_ID`,`MD_SENDER_ID`,`MD_BUSINESSDOMAIN_ID`,`MD_VALUE`) values (669,'PARENT_DOCUMENT_ID_XQUERY',null,null,null,72,null,null,'//*:ReceiptAdvice/*:OrderReference/*:ID');
Insert into `ETR_TB_METADATA` (`MD_ID`,`MD_TYPE`,`PID_DOC_ID`,`PID_ICA_ID`,`PID_PRO_ID`,`PID_TRA_ID`,`MD_SENDER_ID`,`MD_BUSINESSDOMAIN_ID`,`MD_VALUE`) values (670,'PARENT_DOCUMENT_NA_STRATEGY',null,null,null,72,null,null,'IGNORE');
Insert into `ETR_TB_METADATA` (`MD_ID`,`MD_TYPE`,`PID_DOC_ID`,`PID_ICA_ID`,`PID_PRO_ID`,`PID_TRA_ID`,`MD_SENDER_ID`,`MD_BUSINESSDOMAIN_ID`,`MD_VALUE`) values (671,'DOCUMENT_HUMAN_READABLE_PREPROC',null,null,null,56,null,null,'true');
Insert into `ETR_TB_METADATA` (`MD_ID`,`MD_TYPE`,`PID_DOC_ID`,`PID_ICA_ID`,`PID_PRO_ID`,`PID_TRA_ID`,`MD_SENDER_ID`,`MD_BUSINESSDOMAIN_ID`,`MD_VALUE`) values (672,'DOCUMENT_HUMAN_READABLE_PREPROC',null,null,null,45,null,null,'true');
Insert into `ETR_TB_METADATA` (`MD_ID`,`MD_TYPE`,`PID_DOC_ID`,`PID_ICA_ID`,`PID_PRO_ID`,`PID_TRA_ID`,`MD_SENDER_ID`,`MD_BUSINESSDOMAIN_ID`,`MD_VALUE`) values (673,'DOCUMENT_HUMAN_READABLE_PREPROC',null,null,null,72,null,null,'true');
Insert into `ETR_TB_METADATA` (`MD_ID`,`MD_TYPE`,`PID_DOC_ID`,`PID_ICA_ID`,`PID_PRO_ID`,`PID_TRA_ID`,`MD_SENDER_ID`,`MD_BUSINESSDOMAIN_ID`,`MD_VALUE`) values (674,'DOCUMENT_HUMAN_READABLE_PREPROC',null,null,null,71,null,null,'true');
Insert into `ETR_TB_METADATA` (`MD_ID`,`MD_TYPE`,`PID_DOC_ID`,`PID_ICA_ID`,`PID_PRO_ID`,`PID_TRA_ID`,`MD_SENDER_ID`,`MD_BUSINESSDOMAIN_ID`,`MD_VALUE`) values (705,'DOCUMENT_ID_XQUERY',null,null,null,76,null,null,'//*:EvidencesRequest/*:ID');
Insert into `ETR_TB_METADATA` (`MD_ID`,`MD_TYPE`,`PID_DOC_ID`,`PID_ICA_ID`,`PID_PRO_ID`,`PID_TRA_ID`,`MD_SENDER_ID`,`MD_BUSINESSDOMAIN_ID`,`MD_VALUE`) values (706,'DOCUMENT_ISSUEDATE_XQUERY',null,null,null,76,null,null,'//*:EvidencesRequest/*:IssueDate');
Insert into `ETR_TB_METADATA` (`MD_ID`,`MD_TYPE`,`PID_DOC_ID`,`PID_ICA_ID`,`PID_PRO_ID`,`PID_TRA_ID`,`MD_SENDER_ID`,`MD_BUSINESSDOMAIN_ID`,`MD_VALUE`) values (707,'SENDER_ID_XQUERY',null,null,null,76,null,null,'//*:Sender/*:Identifier');
Insert into `ETR_TB_METADATA` (`MD_ID`,`MD_TYPE`,`PID_DOC_ID`,`PID_ICA_ID`,`PID_PRO_ID`,`PID_TRA_ID`,`MD_SENDER_ID`,`MD_BUSINESSDOMAIN_ID`,`MD_VALUE`) values (708,'RECEIVER_ID_XQUERY',null,null,null,76,null,null,'//*:Receiver/*:Identifier');
Insert into `ETR_TB_METADATA` (`MD_ID`,`MD_TYPE`,`PID_DOC_ID`,`PID_ICA_ID`,`PID_PRO_ID`,`PID_TRA_ID`,`MD_SENDER_ID`,`MD_BUSINESSDOMAIN_ID`,`MD_VALUE`) values (709,'SYNCH_VALIDATE_XSD',null,null,null,76,null,null,'false');
Insert into `ETR_TB_METADATA` (`MD_ID`,`MD_TYPE`,`PID_DOC_ID`,`PID_ICA_ID`,`PID_PRO_ID`,`PID_TRA_ID`,`MD_SENDER_ID`,`MD_BUSINESSDOMAIN_ID`,`MD_VALUE`) values (710,'DOCUMENT_XSD_URL',null,null,null,76,null,null,'/eprior/xsd2.1/maindoc/EC-EvidencesRequest-0_1.xsd');
Insert into `ETR_TB_METADATA` (`MD_ID`,`MD_TYPE`,`PID_DOC_ID`,`PID_ICA_ID`,`PID_PRO_ID`,`PID_TRA_ID`,`MD_SENDER_ID`,`MD_BUSINESSDOMAIN_ID`,`MD_VALUE`) values (711,'DOCUMENT_ID_XQUERY',null,null,null,77,null,null,'//*:BasicQualification/*:ID');
Insert into `ETR_TB_METADATA` (`MD_ID`,`MD_TYPE`,`PID_DOC_ID`,`PID_ICA_ID`,`PID_PRO_ID`,`PID_TRA_ID`,`MD_SENDER_ID`,`MD_BUSINESSDOMAIN_ID`,`MD_VALUE`) values (712,'DOCUMENT_ISSUEDATE_XQUERY',null,null,null,77,null,null,'//*:BasicQualification/*:IssueDate');
Insert into `ETR_TB_METADATA` (`MD_ID`,`MD_TYPE`,`PID_DOC_ID`,`PID_ICA_ID`,`PID_PRO_ID`,`PID_TRA_ID`,`MD_SENDER_ID`,`MD_BUSINESSDOMAIN_ID`,`MD_VALUE`) values (713,'SENDER_ID_XQUERY',null,null,null,77,null,null,'//*:Sender/*:Identifier');
Insert into `ETR_TB_METADATA` (`MD_ID`,`MD_TYPE`,`PID_DOC_ID`,`PID_ICA_ID`,`PID_PRO_ID`,`PID_TRA_ID`,`MD_SENDER_ID`,`MD_BUSINESSDOMAIN_ID`,`MD_VALUE`) values (714,'RECEIVER_ID_XQUERY',null,null,null,77,null,null,'//*:Receiver/*:Identifier');
Insert into `ETR_TB_METADATA` (`MD_ID`,`MD_TYPE`,`PID_DOC_ID`,`PID_ICA_ID`,`PID_PRO_ID`,`PID_TRA_ID`,`MD_SENDER_ID`,`MD_BUSINESSDOMAIN_ID`,`MD_VALUE`) values (715,'SYNCH_VALIDATE_XSD',null,null,null,77,null,null,'false');
Insert into `ETR_TB_METADATA` (`MD_ID`,`MD_TYPE`,`PID_DOC_ID`,`PID_ICA_ID`,`PID_PRO_ID`,`PID_TRA_ID`,`MD_SENDER_ID`,`MD_BUSINESSDOMAIN_ID`,`MD_VALUE`) values (716,'DOCUMENT_XSD_URL',null,null,null,77,null,null,'/eprior/xsd2.1/maindoc/EC-BasicQualification-0_1.xsd');
Insert into `ETR_TB_METADATA` (`MD_ID`,`MD_TYPE`,`PID_DOC_ID`,`PID_ICA_ID`,`PID_PRO_ID`,`PID_TRA_ID`,`MD_SENDER_ID`,`MD_BUSINESSDOMAIN_ID`,`MD_VALUE`) values (717,'DOCUMENT_ID_XQUERY',null,null,null,78,null,null,'//*:TenderingAnswers/*:ID');
Insert into `ETR_TB_METADATA` (`MD_ID`,`MD_TYPE`,`PID_DOC_ID`,`PID_ICA_ID`,`PID_PRO_ID`,`PID_TRA_ID`,`MD_SENDER_ID`,`MD_BUSINESSDOMAIN_ID`,`MD_VALUE`) values (718,'DOCUMENT_ISSUEDATE_XQUERY',null,null,null,78,null,null,'//*:TenderingAnswers/*:IssueDate');
Insert into `ETR_TB_METADATA` (`MD_ID`,`MD_TYPE`,`PID_DOC_ID`,`PID_ICA_ID`,`PID_PRO_ID`,`PID_TRA_ID`,`MD_SENDER_ID`,`MD_BUSINESSDOMAIN_ID`,`MD_VALUE`) values (719,'SENDER_ID_XQUERY',null,null,null,78,null,null,'//*:Sender/*:Identifier');
Insert into `ETR_TB_METADATA` (`MD_ID`,`MD_TYPE`,`PID_DOC_ID`,`PID_ICA_ID`,`PID_PRO_ID`,`PID_TRA_ID`,`MD_SENDER_ID`,`MD_BUSINESSDOMAIN_ID`,`MD_VALUE`) values (720,'RECEIVER_ID_XQUERY',null,null,null,78,null,null,'//*:Receiver/*:Identifier');
Insert into `ETR_TB_METADATA` (`MD_ID`,`MD_TYPE`,`PID_DOC_ID`,`PID_ICA_ID`,`PID_PRO_ID`,`PID_TRA_ID`,`MD_SENDER_ID`,`MD_BUSINESSDOMAIN_ID`,`MD_VALUE`) values (721,'SYNCH_VALIDATE_XSD',null,null,null,78,null,null,'false');
Insert into `ETR_TB_METADATA` (`MD_ID`,`MD_TYPE`,`PID_DOC_ID`,`PID_ICA_ID`,`PID_PRO_ID`,`PID_TRA_ID`,`MD_SENDER_ID`,`MD_BUSINESSDOMAIN_ID`,`MD_VALUE`) values (722,'DOCUMENT_XSD_URL',null,null,null,78,null,null,'/eprior/xsd2.1/maindoc/EC-TenderingAnswers-0_1.xsd');
Insert into `ETR_TB_METADATA` (`MD_ID`,`MD_TYPE`,`PID_DOC_ID`,`PID_ICA_ID`,`PID_PRO_ID`,`PID_TRA_ID`,`MD_SENDER_ID`,`MD_BUSINESSDOMAIN_ID`,`MD_VALUE`) values (723,'DOCUMENT_ID_XQUERY',null,null,null,79,null,null,'//*:TenderingQuestions/*:ID');
Insert into `ETR_TB_METADATA` (`MD_ID`,`MD_TYPE`,`PID_DOC_ID`,`PID_ICA_ID`,`PID_PRO_ID`,`PID_TRA_ID`,`MD_SENDER_ID`,`MD_BUSINESSDOMAIN_ID`,`MD_VALUE`) values (724,'DOCUMENT_ISSUEDATE_XQUERY',null,null,null,79,null,null,'//*:TenderingQuestions/*:IssueDate');
Insert into `ETR_TB_METADATA` (`MD_ID`,`MD_TYPE`,`PID_DOC_ID`,`PID_ICA_ID`,`PID_PRO_ID`,`PID_TRA_ID`,`MD_SENDER_ID`,`MD_BUSINESSDOMAIN_ID`,`MD_VALUE`) values (725,'SENDER_ID_XQUERY',null,null,null,79,null,null,'//*:Sender/*:Identifier');
Insert into `ETR_TB_METADATA` (`MD_ID`,`MD_TYPE`,`PID_DOC_ID`,`PID_ICA_ID`,`PID_PRO_ID`,`PID_TRA_ID`,`MD_SENDER_ID`,`MD_BUSINESSDOMAIN_ID`,`MD_VALUE`) values (726,'RECEIVER_ID_XQUERY',null,null,null,79,null,null,'//*:Receiver/*:Identifier');
Insert into `ETR_TB_METADATA` (`MD_ID`,`MD_TYPE`,`PID_DOC_ID`,`PID_ICA_ID`,`PID_PRO_ID`,`PID_TRA_ID`,`MD_SENDER_ID`,`MD_BUSINESSDOMAIN_ID`,`MD_VALUE`) values (727,'SYNCH_VALIDATE_XSD',null,null,null,79,null,null,'false');
Insert into `ETR_TB_METADATA` (`MD_ID`,`MD_TYPE`,`PID_DOC_ID`,`PID_ICA_ID`,`PID_PRO_ID`,`PID_TRA_ID`,`MD_SENDER_ID`,`MD_BUSINESSDOMAIN_ID`,`MD_VALUE`) values (728,'DOCUMENT_XSD_URL',null,null,null,79,null,null,'/eprior/xsd2.1/maindoc/EC-TenderingQuestions-0_1.xsd');
Insert into `ETR_TB_METADATA` (`MD_ID`,`MD_TYPE`,`PID_DOC_ID`,`PID_ICA_ID`,`PID_PRO_ID`,`PID_TRA_ID`,`MD_SENDER_ID`,`MD_BUSINESSDOMAIN_ID`,`MD_VALUE`) values (750,'DOCUMENT_XSD_URL',null,null,null,80,null,null,'/etrustex/xsd/maindoc/2.1/EC-CreateParty-2.1.xsd');
Insert into `ETR_TB_METADATA` (`MD_ID`,`MD_TYPE`,`PID_DOC_ID`,`PID_ICA_ID`,`PID_PRO_ID`,`PID_TRA_ID`,`MD_SENDER_ID`,`MD_BUSINESSDOMAIN_ID`,`MD_VALUE`) values (752,'SENDER_ID_XQUERY',null,null,null,80,null,null,'//*:Sender/*:Identifier');
Insert into `ETR_TB_METADATA` (`MD_ID`,`MD_TYPE`,`PID_DOC_ID`,`PID_ICA_ID`,`PID_PRO_ID`,`PID_TRA_ID`,`MD_SENDER_ID`,`MD_BUSINESSDOMAIN_ID`,`MD_VALUE`) values (753,'SYNCH_VALIDATE_XSD',null,null,null,80,null,null,'true');
Insert into `ETR_TB_METADATA` (`MD_ID`,`MD_TYPE`,`PID_DOC_ID`,`PID_ICA_ID`,`PID_PRO_ID`,`PID_TRA_ID`,`MD_SENDER_ID`,`MD_BUSINESSDOMAIN_ID`,`MD_VALUE`) values (760,'DOCUMENT_XSD_URL',null,null,null,81,null,null,'/etrustex/xsd/maindoc/2.1/EC-CreateInterchangeAgreement-2.1.xsd');
Insert into `ETR_TB_METADATA` (`MD_ID`,`MD_TYPE`,`PID_DOC_ID`,`PID_ICA_ID`,`PID_PRO_ID`,`PID_TRA_ID`,`MD_SENDER_ID`,`MD_BUSINESSDOMAIN_ID`,`MD_VALUE`) values (762,'SENDER_ID_XQUERY',null,null,null,81,null,null,'//*:Sender/*:Identifier');
Insert into `ETR_TB_METADATA` (`MD_ID`,`MD_TYPE`,`PID_DOC_ID`,`PID_ICA_ID`,`PID_PRO_ID`,`PID_TRA_ID`,`MD_SENDER_ID`,`MD_BUSINESSDOMAIN_ID`,`MD_VALUE`) values (763,'SYNCH_VALIDATE_XSD',null,null,null,81,null,null,'true');
Insert into `ETR_TB_METADATA` (`MD_ID`,`MD_TYPE`,`PID_DOC_ID`,`PID_ICA_ID`,`PID_PRO_ID`,`PID_TRA_ID`,`MD_SENDER_ID`,`MD_BUSINESSDOMAIN_ID`,`MD_VALUE`) values (764,'DOCUMENT_ID_XQUERY',null,null,null,82,null,null,'//*:AwardingNotification/*:ID');
Insert into `ETR_TB_METADATA` (`MD_ID`,`MD_TYPE`,`PID_DOC_ID`,`PID_ICA_ID`,`PID_PRO_ID`,`PID_TRA_ID`,`MD_SENDER_ID`,`MD_BUSINESSDOMAIN_ID`,`MD_VALUE`) values (765,'DOCUMENT_ISSUEDATE_XQUERY',null,null,null,82,null,null,'//*:AwardingNotification/*:IssueDate');
Insert into `ETR_TB_METADATA` (`MD_ID`,`MD_TYPE`,`PID_DOC_ID`,`PID_ICA_ID`,`PID_PRO_ID`,`PID_TRA_ID`,`MD_SENDER_ID`,`MD_BUSINESSDOMAIN_ID`,`MD_VALUE`) values (766,'SENDER_ID_XQUERY',null,null,null,82,null,null,'//*:Sender/*:Identifier');
Insert into `ETR_TB_METADATA` (`MD_ID`,`MD_TYPE`,`PID_DOC_ID`,`PID_ICA_ID`,`PID_PRO_ID`,`PID_TRA_ID`,`MD_SENDER_ID`,`MD_BUSINESSDOMAIN_ID`,`MD_VALUE`) values (767,'RECEIVER_ID_XQUERY',null,null,null,82,null,null,'//*:Receiver/*:Identifier');
Insert into `ETR_TB_METADATA` (`MD_ID`,`MD_TYPE`,`PID_DOC_ID`,`PID_ICA_ID`,`PID_PRO_ID`,`PID_TRA_ID`,`MD_SENDER_ID`,`MD_BUSINESSDOMAIN_ID`,`MD_VALUE`) values (768,'SYNCH_VALIDATE_XSD',null,null,null,82,null,null,'false');
Insert into `ETR_TB_METADATA` (`MD_ID`,`MD_TYPE`,`PID_DOC_ID`,`PID_ICA_ID`,`PID_PRO_ID`,`PID_TRA_ID`,`MD_SENDER_ID`,`MD_BUSINESSDOMAIN_ID`,`MD_VALUE`) values (769,'DOCUMENT_XSD_URL',null,null,null,82,null,null,'/eprior/xsd2.1/maindoc/EC-AwardingNotification-0_1.xsd');
Insert into `ETR_TB_METADATA` (`MD_ID`,`MD_TYPE`,`PID_DOC_ID`,`PID_ICA_ID`,`PID_PRO_ID`,`PID_TRA_ID`,`MD_SENDER_ID`,`MD_BUSINESSDOMAIN_ID`,`MD_VALUE`) values (770,'DOCUMENT_ID_XQUERY',null,null,null,83,null,null,'//*:Contract/*:ID');
Insert into `ETR_TB_METADATA` (`MD_ID`,`MD_TYPE`,`PID_DOC_ID`,`PID_ICA_ID`,`PID_PRO_ID`,`PID_TRA_ID`,`MD_SENDER_ID`,`MD_BUSINESSDOMAIN_ID`,`MD_VALUE`) values (771,'DOCUMENT_ISSUEDATE_XQUERY',null,null,null,83,null,null,'//*:Contract/*:IssueDate');
Insert into `ETR_TB_METADATA` (`MD_ID`,`MD_TYPE`,`PID_DOC_ID`,`PID_ICA_ID`,`PID_PRO_ID`,`PID_TRA_ID`,`MD_SENDER_ID`,`MD_BUSINESSDOMAIN_ID`,`MD_VALUE`) values (772,'SENDER_ID_XQUERY',null,null,null,83,null,null,'//*:Sender/*:Identifier');
Insert into `ETR_TB_METADATA` (`MD_ID`,`MD_TYPE`,`PID_DOC_ID`,`PID_ICA_ID`,`PID_PRO_ID`,`PID_TRA_ID`,`MD_SENDER_ID`,`MD_BUSINESSDOMAIN_ID`,`MD_VALUE`) values (773,'RECEIVER_ID_XQUERY',null,null,null,83,null,null,'//*:Receiver/*:Identifier');
Insert into `ETR_TB_METADATA` (`MD_ID`,`MD_TYPE`,`PID_DOC_ID`,`PID_ICA_ID`,`PID_PRO_ID`,`PID_TRA_ID`,`MD_SENDER_ID`,`MD_BUSINESSDOMAIN_ID`,`MD_VALUE`) values (774,'SYNCH_VALIDATE_XSD',null,null,null,83,null,null,'false');
Insert into `ETR_TB_METADATA` (`MD_ID`,`MD_TYPE`,`PID_DOC_ID`,`PID_ICA_ID`,`PID_PRO_ID`,`PID_TRA_ID`,`MD_SENDER_ID`,`MD_BUSINESSDOMAIN_ID`,`MD_VALUE`) values (775,'DOCUMENT_XSD_URL',null,null,null,83,null,null,'/eprior/xsd2.1/maindoc/EC-Contract-0_1.xsd');
Insert into `ETR_TB_METADATA` (`MD_ID`,`MD_TYPE`,`PID_DOC_ID`,`PID_ICA_ID`,`PID_PRO_ID`,`PID_TRA_ID`,`MD_SENDER_ID`,`MD_BUSINESSDOMAIN_ID`,`MD_VALUE`) values (776,'DOCUMENT_ID_XQUERY',null,null,null,84,null,null,'//*:Contract/*:ID');
Insert into `ETR_TB_METADATA` (`MD_ID`,`MD_TYPE`,`PID_DOC_ID`,`PID_ICA_ID`,`PID_PRO_ID`,`PID_TRA_ID`,`MD_SENDER_ID`,`MD_BUSINESSDOMAIN_ID`,`MD_VALUE`) values (777,'DOCUMENT_ISSUEDATE_XQUERY',null,null,null,84,null,null,'//*:Contract/*:IssueDate');
Insert into `ETR_TB_METADATA` (`MD_ID`,`MD_TYPE`,`PID_DOC_ID`,`PID_ICA_ID`,`PID_PRO_ID`,`PID_TRA_ID`,`MD_SENDER_ID`,`MD_BUSINESSDOMAIN_ID`,`MD_VALUE`) values (778,'SENDER_ID_XQUERY',null,null,null,84,null,null,'//*:Sender/*:Identifier');
Insert into `ETR_TB_METADATA` (`MD_ID`,`MD_TYPE`,`PID_DOC_ID`,`PID_ICA_ID`,`PID_PRO_ID`,`PID_TRA_ID`,`MD_SENDER_ID`,`MD_BUSINESSDOMAIN_ID`,`MD_VALUE`) values (779,'RECEIVER_ID_XQUERY',null,null,null,84,null,null,'//*:Receiver/*:Identifier');
Insert into `ETR_TB_METADATA` (`MD_ID`,`MD_TYPE`,`PID_DOC_ID`,`PID_ICA_ID`,`PID_PRO_ID`,`PID_TRA_ID`,`MD_SENDER_ID`,`MD_BUSINESSDOMAIN_ID`,`MD_VALUE`) values (780,'SYNCH_VALIDATE_XSD',null,null,null,84,null,null,'false');
Insert into `ETR_TB_METADATA` (`MD_ID`,`MD_TYPE`,`PID_DOC_ID`,`PID_ICA_ID`,`PID_PRO_ID`,`PID_TRA_ID`,`MD_SENDER_ID`,`MD_BUSINESSDOMAIN_ID`,`MD_VALUE`) values (781,'DOCUMENT_XSD_URL',null,null,null,84,null,null,'/eprior/xsd2.1/maindoc/EC-Contract-0_1.xsd');
Insert into `ETR_TB_METADATA` (`MD_ID`,`MD_TYPE`,`PID_DOC_ID`,`PID_ICA_ID`,`PID_PRO_ID`,`PID_TRA_ID`,`MD_SENDER_ID`,`MD_BUSINESSDOMAIN_ID`,`MD_VALUE`) values (782,'DOCUMENT_ID_XQUERY',null,null,null,85,null,null,'//*:Contract/*:ID');
Insert into `ETR_TB_METADATA` (`MD_ID`,`MD_TYPE`,`PID_DOC_ID`,`PID_ICA_ID`,`PID_PRO_ID`,`PID_TRA_ID`,`MD_SENDER_ID`,`MD_BUSINESSDOMAIN_ID`,`MD_VALUE`) values (783,'DOCUMENT_ISSUEDATE_XQUERY',null,null,null,85,null,null,'//*:Contract/*:IssueDate');
Insert into `ETR_TB_METADATA` (`MD_ID`,`MD_TYPE`,`PID_DOC_ID`,`PID_ICA_ID`,`PID_PRO_ID`,`PID_TRA_ID`,`MD_SENDER_ID`,`MD_BUSINESSDOMAIN_ID`,`MD_VALUE`) values (784,'SENDER_ID_XQUERY',null,null,null,85,null,null,'//*:Sender/*:Identifier');
Insert into `ETR_TB_METADATA` (`MD_ID`,`MD_TYPE`,`PID_DOC_ID`,`PID_ICA_ID`,`PID_PRO_ID`,`PID_TRA_ID`,`MD_SENDER_ID`,`MD_BUSINESSDOMAIN_ID`,`MD_VALUE`) values (785,'RECEIVER_ID_XQUERY',null,null,null,85,null,null,'//*:Receiver/*:Identifier');
Insert into `ETR_TB_METADATA` (`MD_ID`,`MD_TYPE`,`PID_DOC_ID`,`PID_ICA_ID`,`PID_PRO_ID`,`PID_TRA_ID`,`MD_SENDER_ID`,`MD_BUSINESSDOMAIN_ID`,`MD_VALUE`) values (786,'SYNCH_VALIDATE_XSD',null,null,null,85,null,null,'false');
Insert into `ETR_TB_METADATA` (`MD_ID`,`MD_TYPE`,`PID_DOC_ID`,`PID_ICA_ID`,`PID_PRO_ID`,`PID_TRA_ID`,`MD_SENDER_ID`,`MD_BUSINESSDOMAIN_ID`,`MD_VALUE`) values (787,'DOCUMENT_XSD_URL',null,null,null,85,null,null,'/eprior/xsd2.1/maindoc/EC-Contract-0_1.xsd');
Insert into `ETR_TB_METADATA` (`MD_ID`,`MD_TYPE`,`PID_DOC_ID`,`PID_ICA_ID`,`PID_PRO_ID`,`PID_TRA_ID`,`MD_SENDER_ID`,`MD_BUSINESSDOMAIN_ID`,`MD_VALUE`) values (805,'DOCUMENT_HUMAN_READABLE_PREPROC',null,null,null,57,null,null,'true');
Insert into `ETR_TB_METADATA` (`MD_ID`,`MD_TYPE`,`PID_DOC_ID`,`PID_ICA_ID`,`PID_PRO_ID`,`PID_TRA_ID`,`MD_SENDER_ID`,`MD_BUSINESSDOMAIN_ID`,`MD_VALUE`) values (806,'DOCUMENT_HUMAN_READABLE_PREPROC',null,null,null,58,null,null,'true');
Insert into `ETR_TB_METADATA` (`MD_ID`,`MD_TYPE`,`PID_DOC_ID`,`PID_ICA_ID`,`PID_PRO_ID`,`PID_TRA_ID`,`MD_SENDER_ID`,`MD_BUSINESSDOMAIN_ID`,`MD_VALUE`) values (808,'DOCUMENT_HUMAN_READABLE_PREPROC',null,null,null,60,null,null,'true');
Insert into `ETR_TB_METADATA` (`MD_ID`,`MD_TYPE`,`PID_DOC_ID`,`PID_ICA_ID`,`PID_PRO_ID`,`PID_TRA_ID`,`MD_SENDER_ID`,`MD_BUSINESSDOMAIN_ID`,`MD_VALUE`) values (988,'DOCUMENT_HUMAN_READABLE_PREPROC',null,null,null,3,null,null,'true');
Insert into `ETR_TB_METADATA` (`MD_ID`,`MD_TYPE`,`PID_DOC_ID`,`PID_ICA_ID`,`PID_PRO_ID`,`PID_TRA_ID`,`MD_SENDER_ID`,`MD_BUSINESSDOMAIN_ID`,`MD_VALUE`) values (990,'SCHEMATRON_ERROR_XPATH',null,null,null,null,null,null,'/*:schematron-output/*:failed-assert[@flag=''error'']');
Insert into `ETR_TB_METADATA` (`MD_ID`,`MD_TYPE`,`PID_DOC_ID`,`PID_ICA_ID`,`PID_PRO_ID`,`PID_TRA_ID`,`MD_SENDER_ID`,`MD_BUSINESSDOMAIN_ID`,`MD_VALUE`) values (1000,'SCHEME_ID_SEPARATOR',null,null,null,null,null,null,'#');
Insert into `ETR_TB_METADATA` (`MD_ID`,`MD_TYPE`,`PID_DOC_ID`,`PID_ICA_ID`,`PID_PRO_ID`,`PID_TRA_ID`,`MD_SENDER_ID`,`MD_BUSINESSDOMAIN_ID`,`MD_VALUE`) values (1001,'DEFAULT_USE_FILE_STORE',null,null,null,null,null,null,'true');
Insert into `ETR_TB_METADATA` (`MD_ID`,`MD_TYPE`,`PID_DOC_ID`,`PID_ICA_ID`,`PID_PRO_ID`,`PID_TRA_ID`,`MD_SENDER_ID`,`MD_BUSINESSDOMAIN_ID`,`MD_VALUE`) values (1002,'FILE_STORE_PATH',null,null,null,null,null,null,'/opt/jboss/wildfly/etrFileStore');
Insert into `ETR_TB_METADATA` (`MD_ID`,`MD_TYPE`,`PID_DOC_ID`,`PID_ICA_ID`,`PID_PRO_ID`,`PID_TRA_ID`,`MD_SENDER_ID`,`MD_BUSINESSDOMAIN_ID`,`MD_VALUE`) values (1010,'DOCUMENT_XSD_URL',null,null,null,101,null,null,'/etrustex/xsd/maindoc/EC-ArchiveDocumentRequest-1.0.xsd');
Insert into `ETR_TB_METADATA` (`MD_ID`,`MD_TYPE`,`PID_DOC_ID`,`PID_ICA_ID`,`PID_PRO_ID`,`PID_TRA_ID`,`MD_SENDER_ID`,`MD_BUSINESSDOMAIN_ID`,`MD_VALUE`) values (1011,'SENDER_ID_XQUERY',null,null,null,101,null,null,'//*:Sender/*:Identifier');
Insert into `ETR_TB_METADATA` (`MD_ID`,`MD_TYPE`,`PID_DOC_ID`,`PID_ICA_ID`,`PID_PRO_ID`,`PID_TRA_ID`,`MD_SENDER_ID`,`MD_BUSINESSDOMAIN_ID`,`MD_VALUE`) values (1012,'PARENT_DOCUMENT_ID_XQUERY',null,null,null,101,null,null,'//*:ArchiveDocumentRequest/*:DocumentReference/*:ID');
Insert into `ETR_TB_METADATA` (`MD_ID`,`MD_TYPE`,`PID_DOC_ID`,`PID_ICA_ID`,`PID_PRO_ID`,`PID_TRA_ID`,`MD_SENDER_ID`,`MD_BUSINESSDOMAIN_ID`,`MD_VALUE`) values (1013,'PARENT_DOCUMENT_TYPECODE_XQUERY',null,null,null,101,null,null,'//*:ArchiveDocumentRequest/*:DocumentReference/*:DocumentTypeCode');
Insert into `ETR_TB_METADATA` (`MD_ID`,`MD_TYPE`,`PID_DOC_ID`,`PID_ICA_ID`,`PID_PRO_ID`,`PID_TRA_ID`,`MD_SENDER_ID`,`MD_BUSINESSDOMAIN_ID`,`MD_VALUE`) values (1014,'DOCUMENT_XSD_URL',null,null,null,102,null,null,'/etrustex/xsd/maindoc/EC-ArchiveDocumentResponse-1.0.xsd');
Insert into `ETR_TB_METADATA` (`MD_ID`,`MD_TYPE`,`PID_DOC_ID`,`PID_ICA_ID`,`PID_PRO_ID`,`PID_TRA_ID`,`MD_SENDER_ID`,`MD_BUSINESSDOMAIN_ID`,`MD_VALUE`) values (1015,'SENDER_ID_XQUERY',null,null,null,102,null,null,'//*:Sender/*:Identifier');
Insert into `ETR_TB_METADATA` (`MD_ID`,`MD_TYPE`,`PID_DOC_ID`,`PID_ICA_ID`,`PID_PRO_ID`,`PID_TRA_ID`,`MD_SENDER_ID`,`MD_BUSINESSDOMAIN_ID`,`MD_VALUE`) values (1016,'PARENT_DOCUMENT_ID_XQUERY',null,null,null,102,null,null,'//*:ArchiveDocumentResponse/*:ParentDocumentID');
Insert into `ETR_TB_METADATA` (`MD_ID`,`MD_TYPE`,`PID_DOC_ID`,`PID_ICA_ID`,`PID_PRO_ID`,`PID_TRA_ID`,`MD_SENDER_ID`,`MD_BUSINESSDOMAIN_ID`,`MD_VALUE`) values (1017,'PARENT_DOCUMENT_TYPECODE_XQUERY',null,null,null,102,null,null,'//*:ArchiveDocumentResponse/*:ParentDocumentTypeCode');
Insert into `ETR_TB_METADATA` (`MD_ID`,`MD_TYPE`,`PID_DOC_ID`,`PID_ICA_ID`,`PID_PRO_ID`,`PID_TRA_ID`,`MD_SENDER_ID`,`MD_BUSINESSDOMAIN_ID`,`MD_VALUE`) values (1020,'ACK_GENERATOR_CLASS',null,null,null,null,null,null,'eu.europa.ec.etrustex.integration.ack.DefaultAckGenerator');
Insert into `ETR_TB_METADATA` (`MD_ID`,`MD_TYPE`,`PID_DOC_ID`,`PID_ICA_ID`,`PID_PRO_ID`,`PID_TRA_ID`,`MD_SENDER_ID`,`MD_BUSINESSDOMAIN_ID`,`MD_VALUE`) values (1021,'ACK_SIGNATURE_CLASS',null,null,null,null,null,null,'eu.europa.ec.etrustex.integration.ack.DefaultAckSignatureGenerator');
Insert into `ETR_TB_METADATA` (`MD_ID`,`MD_TYPE`,`PID_DOC_ID`,`PID_ICA_ID`,`PID_PRO_ID`,`PID_TRA_ID`,`MD_SENDER_ID`,`MD_BUSINESSDOMAIN_ID`,`MD_VALUE`) values (1030,'SENDER_ID_XQUERY',null,null,null,103,null,null,'//*:Sender/*:Identifier');
Insert into `ETR_TB_METADATA` (`MD_ID`,`MD_TYPE`,`PID_DOC_ID`,`PID_ICA_ID`,`PID_PRO_ID`,`PID_TRA_ID`,`MD_SENDER_ID`,`MD_BUSINESSDOMAIN_ID`,`MD_VALUE`) values (1031,'SYNCH_VALIDATE_XSD',null,null,null,103,null,null,'true');
Insert into `ETR_TB_METADATA` (`MD_ID`,`MD_TYPE`,`PID_DOC_ID`,`PID_ICA_ID`,`PID_PRO_ID`,`PID_TRA_ID`,`MD_SENDER_ID`,`MD_BUSINESSDOMAIN_ID`,`MD_VALUE`) values (1032,'DOCUMENT_XSD_URL',null,null,null,103,null,null,'/etrustex/xsd/maindoc/EC-DeleteDocument-1.0.xsd');
Insert into `ETR_TB_METADATA` (`MD_ID`,`MD_TYPE`,`PID_DOC_ID`,`PID_ICA_ID`,`PID_PRO_ID`,`PID_TRA_ID`,`MD_SENDER_ID`,`MD_BUSINESSDOMAIN_ID`,`MD_VALUE`) values (1110,'PARENT_DOCUMENT_TYPECODE_XQUERY',null,null,null,2,null,null,'//*:CreditNote/*:BillingReference/*:InvoiceDocumentReference/*:DocumentTypeCode');
Insert into `ETR_TB_METADATA` (`MD_ID`,`MD_TYPE`,`PID_DOC_ID`,`PID_ICA_ID`,`PID_PRO_ID`,`PID_TRA_ID`,`MD_SENDER_ID`,`MD_BUSINESSDOMAIN_ID`,`MD_VALUE`) values (1111,'PARENT_DOCUMENT_TYPECODE_XQUERY',null,null,null,3,null,null,'//*:ApplicationResponse/*:DocumentResponse/*:DocumentReference/*:DocumentTypeCode');
Insert into `ETR_TB_METADATA` (`MD_ID`,`MD_TYPE`,`PID_DOC_ID`,`PID_ICA_ID`,`PID_PRO_ID`,`PID_TRA_ID`,`MD_SENDER_ID`,`MD_BUSINESSDOMAIN_ID`,`MD_VALUE`) values (1112,'PARENT_DOCUMENT_TYPECODE_XQUERY',null,null,null,10,null,null,'//*:AttachedDocument/*:ParentDocumentTypeCode');
Insert into `ETR_TB_METADATA` (`MD_ID`,`MD_TYPE`,`PID_DOC_ID`,`PID_ICA_ID`,`PID_PRO_ID`,`PID_TRA_ID`,`MD_SENDER_ID`,`MD_BUSINESSDOMAIN_ID`,`MD_VALUE`) values (1113,'PARENT_DOCUMENT_TYPECODE_XQUERY',null,null,null,18,null,null,'//*:AttachedDocument/*:ParentDocumentTypeCode');
Insert into `ETR_TB_METADATA` (`MD_ID`,`MD_TYPE`,`PID_DOC_ID`,`PID_ICA_ID`,`PID_PRO_ID`,`PID_TRA_ID`,`MD_SENDER_ID`,`MD_BUSINESSDOMAIN_ID`,`MD_VALUE`) values (1115,'PARENT_DOCUMENT_TYPECODE_XQUERY',null,null,null,29,null,null,'//*:AttachedDocument/*:ParentDocumentTypeCode');
Insert into `ETR_TB_METADATA` (`MD_ID`,`MD_TYPE`,`PID_DOC_ID`,`PID_ICA_ID`,`PID_PRO_ID`,`PID_TRA_ID`,`MD_SENDER_ID`,`MD_BUSINESSDOMAIN_ID`,`MD_VALUE`) values (1116,'PARENT_DOCUMENT_TYPECODE_XQUERY',null,null,null,50,null,null,'//*:Willingness/*:ECRequestForQuotationDocumentReference/*:RequestForQuotationDocumentReference/*:DocumentTypeCode');
Insert into `ETR_TB_METADATA` (`MD_ID`,`MD_TYPE`,`PID_DOC_ID`,`PID_ICA_ID`,`PID_PRO_ID`,`PID_TRA_ID`,`MD_SENDER_ID`,`MD_BUSINESSDOMAIN_ID`,`MD_VALUE`) values (1117,'PARENT_DOCUMENT_TYPECODE_XQUERY',null,null,null,51,null,null,'//*:Acknowledgement/*:ECRequestForQuotationDocumentReference/*:RequestForQuotationDocumentReference/*:DocumentTypeCode');
Insert into `ETR_TB_METADATA` (`MD_ID`,`MD_TYPE`,`PID_DOC_ID`,`PID_ICA_ID`,`PID_PRO_ID`,`PID_TRA_ID`,`MD_SENDER_ID`,`MD_BUSINESSDOMAIN_ID`,`MD_VALUE`) values (1118,'PARENT_DOCUMENT_TYPECODE_XQUERY',null,null,null,52,null,null,'//*:Proposal/*:ECRequestForQuotationDocumentReference/*:RequestForQuotationDocumentReference/*:DocumentTypeCode');
Insert into `ETR_TB_METADATA` (`MD_ID`,`MD_TYPE`,`PID_DOC_ID`,`PID_ICA_ID`,`PID_PRO_ID`,`PID_TRA_ID`,`MD_SENDER_ID`,`MD_BUSINESSDOMAIN_ID`,`MD_VALUE`) values (1119,'PARENT_DOCUMENT_TYPECODE_XQUERY',null,null,null,53,null,null,'//*:Quotation/*:ECRequestForQuotationDocumentReference/*:RequestForQuotationDocumentReference/*:DocumentTypeCode');
Insert into `ETR_TB_METADATA` (`MD_ID`,`MD_TYPE`,`PID_DOC_ID`,`PID_ICA_ID`,`PID_PRO_ID`,`PID_TRA_ID`,`MD_SENDER_ID`,`MD_BUSINESSDOMAIN_ID`,`MD_VALUE`) values (1120,'PARENT_DOCUMENT_TYPECODE_XQUERY',null,null,null,54,null,null,'//*:QuotationRequest/*:ECRequestForQuotationDocumentReference/*:RequestForQuotationDocumentReference/*:DocumentTypeCode');
Insert into `ETR_TB_METADATA` (`MD_ID`,`MD_TYPE`,`PID_DOC_ID`,`PID_ICA_ID`,`PID_PRO_ID`,`PID_TRA_ID`,`MD_SENDER_ID`,`MD_BUSINESSDOMAIN_ID`,`MD_VALUE`) values (1121,'PARENT_DOCUMENT_TYPECODE_XQUERY',null,null,null,61,null,null,'//*:AdhocS2C/*:ECRequestForQuotationDocumentReference/*:RequestForQuotationDocumentReference/*:DocumentTypeCode');
Insert into `ETR_TB_METADATA` (`MD_ID`,`MD_TYPE`,`PID_DOC_ID`,`PID_ICA_ID`,`PID_PRO_ID`,`PID_TRA_ID`,`MD_SENDER_ID`,`MD_BUSINESSDOMAIN_ID`,`MD_VALUE`) values (1122,'PARENT_DOCUMENT_TYPECODE_XQUERY',null,null,null,62,null,null,'//*:ProposalRequest/*:ECRequestForQuotationDocumentReference/*:RequestForQuotationDocumentReference/*:DocumentTypeCode');
Insert into `ETR_TB_METADATA` (`MD_ID`,`MD_TYPE`,`PID_DOC_ID`,`PID_ICA_ID`,`PID_PRO_ID`,`PID_TRA_ID`,`MD_SENDER_ID`,`MD_BUSINESSDOMAIN_ID`,`MD_VALUE`) values (1123,'PARENT_DOCUMENT_TYPECODE_XQUERY',null,null,null,71,null,null,'//*:DespatchAdvice/*:OrderReference/*:DocumentReference/*:DocumentTypeCode');
Insert into `ETR_TB_METADATA` (`MD_ID`,`MD_TYPE`,`PID_DOC_ID`,`PID_ICA_ID`,`PID_PRO_ID`,`PID_TRA_ID`,`MD_SENDER_ID`,`MD_BUSINESSDOMAIN_ID`,`MD_VALUE`) values (1124,'PARENT_DOCUMENT_TYPECODE_XQUERY',null,null,null,72,null,null,'//*:ReceiptAdvice/*:OrderReference/*:DocumentReference/*:DocumentTypeCode');
Insert into `ETR_TB_METADATA` (`MD_ID`,`MD_TYPE`,`PID_DOC_ID`,`PID_ICA_ID`,`PID_PRO_ID`,`PID_TRA_ID`,`MD_SENDER_ID`,`MD_BUSINESSDOMAIN_ID`,`MD_VALUE`) values (1125,'PARENT_DOCUMENT_TYPECODE_XQUERY',null,null,null,73,null,null,'//*:AdhocC2S/*:ECRequestForQuotationDocumentReference/*:RequestForQuotationDocumentReference/*:DocumentTypeCode');
Insert into `ETR_TB_METADATA` (`MD_ID`,`MD_TYPE`,`PID_DOC_ID`,`PID_ICA_ID`,`PID_PRO_ID`,`PID_TRA_ID`,`MD_SENDER_ID`,`MD_BUSINESSDOMAIN_ID`,`MD_VALUE`) values (1126,'PARENT_DOCUMENT_TYPECODE_XQUERY',7,null,null,null,null,null,'//*:DocumentBundle/*:ParentDocumentTypeCode');
Insert into `ETR_TB_METADATA` (`MD_ID`,`MD_TYPE`,`PID_DOC_ID`,`PID_ICA_ID`,`PID_PRO_ID`,`PID_TRA_ID`,`MD_SENDER_ID`,`MD_BUSINESSDOMAIN_ID`,`MD_VALUE`) values (1127,'PARENT_DOCUMENT_TYPECODE_XQUERY',13,null,null,null,null,null,'//*:DocumentBundle/*:ParentDocumentTypeCode');
Insert into `ETR_TB_METADATA` (`MD_ID`,`MD_TYPE`,`PID_DOC_ID`,`PID_ICA_ID`,`PID_PRO_ID`,`PID_TRA_ID`,`MD_SENDER_ID`,`MD_BUSINESSDOMAIN_ID`,`MD_VALUE`) values (1128,'PARENT_DOCUMENT_TYPECODE_XQUERY',16,null,null,null,null,null,'//*:Shortlist/*:CallForTendersDocumentReference/*:DocumentTypeCode');
Insert into `ETR_TB_METADATA` (`MD_ID`,`MD_TYPE`,`PID_DOC_ID`,`PID_ICA_ID`,`PID_PRO_ID`,`PID_TRA_ID`,`MD_SENDER_ID`,`MD_BUSINESSDOMAIN_ID`,`MD_VALUE`) values (1129,'PARENT_DOCUMENT_TYPECODE_XQUERY',17,null,null,null,null,null,'//*:TenderReceipt/*:TenderDocumentReference[*:DocumentTypeCode = ''BDL'']/*:DocumentTypeCode');
Insert into `ETR_TB_METADATA` (`MD_ID`,`MD_TYPE`,`PID_DOC_ID`,`PID_ICA_ID`,`PID_PRO_ID`,`PID_TRA_ID`,`MD_SENDER_ID`,`MD_BUSINESSDOMAIN_ID`,`MD_VALUE`) values (1130,'MONITORING_EMAIL_RECIPIENTS',null,null,null,null,null,null,'Cristian.CHIRIAC@ext.ec.europa.eu');
Insert into `ETR_TB_METADATA` (`MD_ID`,`MD_TYPE`,`PID_DOC_ID`,`PID_ICA_ID`,`PID_PRO_ID`,`PID_TRA_ID`,`MD_SENDER_ID`,`MD_BUSINESSDOMAIN_ID`,`MD_VALUE`) values (1140,'DOCUMENT_ID_XQUERY',null,null,null,75,null,null,'//*:EventNotification/*:ID');
Insert into `ETR_TB_METADATA` (`MD_ID`,`MD_TYPE`,`PID_DOC_ID`,`PID_ICA_ID`,`PID_PRO_ID`,`PID_TRA_ID`,`MD_SENDER_ID`,`MD_BUSINESSDOMAIN_ID`,`MD_VALUE`) values (1141,'SENDER_ID_XQUERY',null,null,null,75,null,null,'//*:Sender/*:Identifier');
Insert into `ETR_TB_METADATA` (`MD_ID`,`MD_TYPE`,`PID_DOC_ID`,`PID_ICA_ID`,`PID_PRO_ID`,`PID_TRA_ID`,`MD_SENDER_ID`,`MD_BUSINESSDOMAIN_ID`,`MD_VALUE`) values (1142,'RECEIVER_ID_XQUERY',null,null,null,75,null,null,'//*:Receiver/*:Identifier');
Insert into `ETR_TB_METADATA` (`MD_ID`,`MD_TYPE`,`PID_DOC_ID`,`PID_ICA_ID`,`PID_PRO_ID`,`PID_TRA_ID`,`MD_SENDER_ID`,`MD_BUSINESSDOMAIN_ID`,`MD_VALUE`) values (1143,'DOCUMENT_ISSUEDATE_XQUERY',null,null,null,75,null,null,'//*:EventNotification/*:IssueDate');
Insert into `ETR_TB_METADATA` (`MD_ID`,`MD_TYPE`,`PID_DOC_ID`,`PID_ICA_ID`,`PID_PRO_ID`,`PID_TRA_ID`,`MD_SENDER_ID`,`MD_BUSINESSDOMAIN_ID`,`MD_VALUE`) values (1144,'DOCUMENT_ISSUETIME_XQUERY',null,null,null,75,null,null,'//*:EventNotification/*:IssueTime');
Insert into `ETR_TB_METADATA` (`MD_ID`,`MD_TYPE`,`PID_DOC_ID`,`PID_ICA_ID`,`PID_PRO_ID`,`PID_TRA_ID`,`MD_SENDER_ID`,`MD_BUSINESSDOMAIN_ID`,`MD_VALUE`) values (1145,'DOCUMENT_XSD_URL',null,null,null,75,null,null,'/etrustex/xsd/maindoc/EC-EventNotification-1.0.xsd');
Insert into `ETR_TB_METADATA` (`MD_ID`,`MD_TYPE`,`PID_DOC_ID`,`PID_ICA_ID`,`PID_PRO_ID`,`PID_TRA_ID`,`MD_SENDER_ID`,`MD_BUSINESSDOMAIN_ID`,`MD_VALUE`) values (1146,'SYNCH_VALIDATE_XSD',null,null,null,75,null,null,'true');
Insert into `ETR_TB_METADATA` (`MD_ID`,`MD_TYPE`,`PID_DOC_ID`,`PID_ICA_ID`,`PID_PRO_ID`,`PID_TRA_ID`,`MD_SENDER_ID`,`MD_BUSINESSDOMAIN_ID`,`MD_VALUE`) values (1147,'BUSINESS_HEADER_XPATH',null,null,null,null,null,null,'//*:BusinessHeader');
Insert into `ETR_TB_METADATA` (`MD_ID`,`MD_TYPE`,`PID_DOC_ID`,`PID_ICA_ID`,`PID_PRO_ID`,`PID_TRA_ID`,`MD_SENDER_ID`,`MD_BUSINESSDOMAIN_ID`,`MD_VALUE`) values (1148,'SECURITY_HEADER_XPATH',null,null,null,null,null,null,'//*:Security');
Insert into `ETR_TB_METADATA` (`MD_ID`,`MD_TYPE`,`PID_DOC_ID`,`PID_ICA_ID`,`PID_PRO_ID`,`PID_TRA_ID`,`MD_SENDER_ID`,`MD_BUSINESSDOMAIN_ID`,`MD_VALUE`) values (1150,'DOCUMENT_XSD_URL',106,null,null,null,null,null,'/etrustex/xsd3.0/EC-DocumentBundle-3.0.xsd');
Insert into `ETR_TB_METADATA` (`MD_ID`,`MD_TYPE`,`PID_DOC_ID`,`PID_ICA_ID`,`PID_PRO_ID`,`PID_TRA_ID`,`MD_SENDER_ID`,`MD_BUSINESSDOMAIN_ID`,`MD_VALUE`) values (1151,'PARENT_DOCUMENT_TYPECODE_XQUERY',106,null,null,null,null,null,'//*:DocumentBundle/*:ParentDocumentIdentification/*:Type');
Insert into `ETR_TB_METADATA` (`MD_ID`,`MD_TYPE`,`PID_DOC_ID`,`PID_ICA_ID`,`PID_PRO_ID`,`PID_TRA_ID`,`MD_SENDER_ID`,`MD_BUSINESSDOMAIN_ID`,`MD_VALUE`) values (1152,'HEADER_VERSION_XPATH',106,null,null,null,null,null,'//*:BusinessHeader/*:HeaderVersion');
Insert into `ETR_TB_METADATA` (`MD_ID`,`MD_TYPE`,`PID_DOC_ID`,`PID_ICA_ID`,`PID_PRO_ID`,`PID_TRA_ID`,`MD_SENDER_ID`,`MD_BUSINESSDOMAIN_ID`,`MD_VALUE`) values (1153,'AVAILABLE_NOTIFICATION_XPATH',106,null,null,null,null,null,'//*:BusinessHeader/*:BusinessScope/*:Scope/*:Type');
Insert into `ETR_TB_METADATA` (`MD_ID`,`MD_TYPE`,`PID_DOC_ID`,`PID_ICA_ID`,`PID_PRO_ID`,`PID_TRA_ID`,`MD_SENDER_ID`,`MD_BUSINESSDOMAIN_ID`,`MD_VALUE`) values (1154,'PARENT_DOCUMENT_NA_STRATEGY',106,null,null,null,null,null,'ERROR');
Insert into `ETR_TB_METADATA` (`MD_ID`,`MD_TYPE`,`PID_DOC_ID`,`PID_ICA_ID`,`PID_PRO_ID`,`PID_TRA_ID`,`MD_SENDER_ID`,`MD_BUSINESSDOMAIN_ID`,`MD_VALUE`) values (1155,'PARENT_DOCUMENT_ID_XQUERY',106,null,null,null,null,null,'//*:DocumentBundle/*:ParentDocumentIdentification/*:InstanceIdentifier');
Insert into `ETR_TB_METADATA` (`MD_ID`,`MD_TYPE`,`PID_DOC_ID`,`PID_ICA_ID`,`PID_PRO_ID`,`PID_TRA_ID`,`MD_SENDER_ID`,`MD_BUSINESSDOMAIN_ID`,`MD_VALUE`) values (1156,'SYNCH_VALIDATE_XSD',106,null,null,null,null,null,'false');
Insert into `ETR_TB_METADATA` (`MD_ID`,`MD_TYPE`,`PID_DOC_ID`,`PID_ICA_ID`,`PID_PRO_ID`,`PID_TRA_ID`,`MD_SENDER_ID`,`MD_BUSINESSDOMAIN_ID`,`MD_VALUE`) values (1157,'DOCUMENT_ISSUEDATE_XQUERY',106,null,null,null,null,null,'//*:DocumentBundle/*:DocumentIdentification/*:CreationDateAndTime');
Insert into `ETR_TB_METADATA` (`MD_ID`,`MD_TYPE`,`PID_DOC_ID`,`PID_ICA_ID`,`PID_PRO_ID`,`PID_TRA_ID`,`MD_SENDER_ID`,`MD_BUSINESSDOMAIN_ID`,`MD_VALUE`) values (1159,'DOCUMENT_ID_XQUERY',106,null,null,null,null,null,'//*:DocumentBundle/*:DocumentIdentification/*:InstanceIdentifier');
Insert into `ETR_TB_METADATA` (`MD_ID`,`MD_TYPE`,`PID_DOC_ID`,`PID_ICA_ID`,`PID_PRO_ID`,`PID_TRA_ID`,`MD_SENDER_ID`,`MD_BUSINESSDOMAIN_ID`,`MD_VALUE`) values (1160,'RECEIVER_ID_XQUERY',106,null,null,null,null,null,'//*:Receiver/*:Identifier');
Insert into `ETR_TB_METADATA` (`MD_ID`,`MD_TYPE`,`PID_DOC_ID`,`PID_ICA_ID`,`PID_PRO_ID`,`PID_TRA_ID`,`MD_SENDER_ID`,`MD_BUSINESSDOMAIN_ID`,`MD_VALUE`) values (1170,'DOCUMENT_XSD_URL',107,null,null,null,null,null,'/etrustex/xsd3.0/EC-DocumentWrapper-3.0.xsd');
Insert into `ETR_TB_METADATA` (`MD_ID`,`MD_TYPE`,`PID_DOC_ID`,`PID_ICA_ID`,`PID_PRO_ID`,`PID_TRA_ID`,`MD_SENDER_ID`,`MD_BUSINESSDOMAIN_ID`,`MD_VALUE`) values (1171,'DOCUMENT_XSD_URL',108,null,null,null,null,null,'/etrustex/xsd3.0/EC-DeleteDocument-3.0.xsd');
Insert into `ETR_TB_METADATA` (`MD_ID`,`MD_TYPE`,`PID_DOC_ID`,`PID_ICA_ID`,`PID_PRO_ID`,`PID_TRA_ID`,`MD_SENDER_ID`,`MD_BUSINESSDOMAIN_ID`,`MD_VALUE`) values (1172,'SYNCH_VALIDATE_XSD',108,null,null,null,null,null,'true');
Insert into `ETR_TB_METADATA` (`MD_ID`,`MD_TYPE`,`PID_DOC_ID`,`PID_ICA_ID`,`PID_PRO_ID`,`PID_TRA_ID`,`MD_SENDER_ID`,`MD_BUSINESSDOMAIN_ID`,`MD_VALUE`) values (1173,'DOCUMENT_ID_XQUERY',108,null,null,null,null,null,'//*:DeleteDocument/*:ID');
Insert into `ETR_TB_METADATA` (`MD_ID`,`MD_TYPE`,`PID_DOC_ID`,`PID_ICA_ID`,`PID_PRO_ID`,`PID_TRA_ID`,`MD_SENDER_ID`,`MD_BUSINESSDOMAIN_ID`,`MD_VALUE`) values (1174,'SENDER_ID_XQUERY',108,null,null,null,null,null,'//*:Sender/*:Identifier');
Insert into `ETR_TB_METADATA` (`MD_ID`,`MD_TYPE`,`PID_DOC_ID`,`PID_ICA_ID`,`PID_PRO_ID`,`PID_TRA_ID`,`MD_SENDER_ID`,`MD_BUSINESSDOMAIN_ID`,`MD_VALUE`) values (1175,'DOCUMENT_XSD_URL',109,null,null,null,null,null,'/etrustex/xsd3.0/EC-StatusRequest-3.0.xsd');
Insert into `ETR_TB_METADATA` (`MD_ID`,`MD_TYPE`,`PID_DOC_ID`,`PID_ICA_ID`,`PID_PRO_ID`,`PID_TRA_ID`,`MD_SENDER_ID`,`MD_BUSINESSDOMAIN_ID`,`MD_VALUE`) values (1176,'SYNCH_VALIDATE_XSD',109,null,null,null,null,null,'true');
Insert into `ETR_TB_METADATA` (`MD_ID`,`MD_TYPE`,`PID_DOC_ID`,`PID_ICA_ID`,`PID_PRO_ID`,`PID_TRA_ID`,`MD_SENDER_ID`,`MD_BUSINESSDOMAIN_ID`,`MD_VALUE`) values (1177,'SENDER_ID_XQUERY',109,null,null,null,null,null,'//*:Sender/*:Identifier');
Insert into `ETR_TB_METADATA` (`MD_ID`,`MD_TYPE`,`PID_DOC_ID`,`PID_ICA_ID`,`PID_PRO_ID`,`PID_TRA_ID`,`MD_SENDER_ID`,`MD_BUSINESSDOMAIN_ID`,`MD_VALUE`) values (1178,'RECEIVER_ID_XQUERY',109,null,null,null,null,null,'//*:Receiver/*:Identifier');
Insert into `ETR_TB_METADATA` (`MD_ID`,`MD_TYPE`,`PID_DOC_ID`,`PID_ICA_ID`,`PID_PRO_ID`,`PID_TRA_ID`,`MD_SENDER_ID`,`MD_BUSINESSDOMAIN_ID`,`MD_VALUE`) values (1179,'DOCUMENT_XSD_URL',110,null,null,null,null,null,'/etrustex/xsd3.0/EC-ViewRequest-3.0.xsd');
Insert into `ETR_TB_METADATA` (`MD_ID`,`MD_TYPE`,`PID_DOC_ID`,`PID_ICA_ID`,`PID_PRO_ID`,`PID_TRA_ID`,`MD_SENDER_ID`,`MD_BUSINESSDOMAIN_ID`,`MD_VALUE`) values (1180,'SYNCH_VALIDATE_XSD',110,null,null,null,null,null,'true');
Insert into `ETR_TB_METADATA` (`MD_ID`,`MD_TYPE`,`PID_DOC_ID`,`PID_ICA_ID`,`PID_PRO_ID`,`PID_TRA_ID`,`MD_SENDER_ID`,`MD_BUSINESSDOMAIN_ID`,`MD_VALUE`) values (1181,'SENDER_ID_XQUERY',110,null,null,null,null,null,'//*:Sender/*:Identifier');
Insert into `ETR_TB_METADATA` (`MD_ID`,`MD_TYPE`,`PID_DOC_ID`,`PID_ICA_ID`,`PID_PRO_ID`,`PID_TRA_ID`,`MD_SENDER_ID`,`MD_BUSINESSDOMAIN_ID`,`MD_VALUE`) values (1182,'DOCUMENT_XSD_URL',111,null,null,null,null,null,'/etrustex/xsd3.0/EC-RetrieveRequest-3.0.xsd');
Insert into `ETR_TB_METADATA` (`MD_ID`,`MD_TYPE`,`PID_DOC_ID`,`PID_ICA_ID`,`PID_PRO_ID`,`PID_TRA_ID`,`MD_SENDER_ID`,`MD_BUSINESSDOMAIN_ID`,`MD_VALUE`) values (1183,'SYNCH_VALIDATE_XSD',111,null,null,null,null,null,'true');
Insert into `ETR_TB_METADATA` (`MD_ID`,`MD_TYPE`,`PID_DOC_ID`,`PID_ICA_ID`,`PID_PRO_ID`,`PID_TRA_ID`,`MD_SENDER_ID`,`MD_BUSINESSDOMAIN_ID`,`MD_VALUE`) values (1184,'SENDER_ID_XQUERY',111,null,null,null,null,null,'//*:Sender/*:Identifier');
Insert into `ETR_TB_METADATA` (`MD_ID`,`MD_TYPE`,`PID_DOC_ID`,`PID_ICA_ID`,`PID_PRO_ID`,`PID_TRA_ID`,`MD_SENDER_ID`,`MD_BUSINESSDOMAIN_ID`,`MD_VALUE`) values (1185,'DOCUMENT_XSD_URL',112,null,null,null,null,null,'/etrustex/xsd3.0/EC-RetrieveInterchangeAgreementsRequest-3.0.xsd');
Insert into `ETR_TB_METADATA` (`MD_ID`,`MD_TYPE`,`PID_DOC_ID`,`PID_ICA_ID`,`PID_PRO_ID`,`PID_TRA_ID`,`MD_SENDER_ID`,`MD_BUSINESSDOMAIN_ID`,`MD_VALUE`) values (1186,'SYNCH_VALIDATE_XSD',112,null,null,null,null,null,'true');
Insert into `ETR_TB_METADATA` (`MD_ID`,`MD_TYPE`,`PID_DOC_ID`,`PID_ICA_ID`,`PID_PRO_ID`,`PID_TRA_ID`,`MD_SENDER_ID`,`MD_BUSINESSDOMAIN_ID`,`MD_VALUE`) values (1187,'SENDER_ID_XQUERY',112,null,null,null,null,null,'//*:Sender/*:Identifier');
Insert into `ETR_TB_METADATA` (`MD_ID`,`MD_TYPE`,`PID_DOC_ID`,`PID_ICA_ID`,`PID_PRO_ID`,`PID_TRA_ID`,`MD_SENDER_ID`,`MD_BUSINESSDOMAIN_ID`,`MD_VALUE`) values (1200,'DOCUMENT_ID_XQUERY',null,null,null,104,null,null,'//*:PDAInformationRequest/*:ID');
Insert into `ETR_TB_METADATA` (`MD_ID`,`MD_TYPE`,`PID_DOC_ID`,`PID_ICA_ID`,`PID_PRO_ID`,`PID_TRA_ID`,`MD_SENDER_ID`,`MD_BUSINESSDOMAIN_ID`,`MD_VALUE`) values (1202,'SENDER_ID_XQUERY',null,null,null,104,null,null,' //*:Sender/*:Identifier');
Insert into `ETR_TB_METADATA` (`MD_ID`,`MD_TYPE`,`PID_DOC_ID`,`PID_ICA_ID`,`PID_PRO_ID`,`PID_TRA_ID`,`MD_SENDER_ID`,`MD_BUSINESSDOMAIN_ID`,`MD_VALUE`) values (1203,'RECEIVER_ID_XQUERY',null,null,null,104,null,null,'//*:Receiver/*:Identifier');
Insert into `ETR_TB_METADATA` (`MD_ID`,`MD_TYPE`,`PID_DOC_ID`,`PID_ICA_ID`,`PID_PRO_ID`,`PID_TRA_ID`,`MD_SENDER_ID`,`MD_BUSINESSDOMAIN_ID`,`MD_VALUE`) values (1204,'SYNCH_VALIDATE_XSD',null,null,null,104,null,null,'false');
Insert into `ETR_TB_METADATA` (`MD_ID`,`MD_TYPE`,`PID_DOC_ID`,`PID_ICA_ID`,`PID_PRO_ID`,`PID_TRA_ID`,`MD_SENDER_ID`,`MD_BUSINESSDOMAIN_ID`,`MD_VALUE`) values (1205,'DOCUMENT_XSD_URL',null,null,null,104,null,null,'/eprior/xsd/maindoc/EC-PDAInformationRequest-0.1.xsd');
Insert into `ETR_TB_METADATA` (`MD_ID`,`MD_TYPE`,`PID_DOC_ID`,`PID_ICA_ID`,`PID_PRO_ID`,`PID_TRA_ID`,`MD_SENDER_ID`,`MD_BUSINESSDOMAIN_ID`,`MD_VALUE`) values (1210,'DOCUMENT_ID_XQUERY',null,null,null,105,null,null,'//*:PDAInformationResponse/*:ID');
Insert into `ETR_TB_METADATA` (`MD_ID`,`MD_TYPE`,`PID_DOC_ID`,`PID_ICA_ID`,`PID_PRO_ID`,`PID_TRA_ID`,`MD_SENDER_ID`,`MD_BUSINESSDOMAIN_ID`,`MD_VALUE`) values (1212,'SENDER_ID_XQUERY',null,null,null,105,null,null,' //*:Sender/*:Identifier');
Insert into `ETR_TB_METADATA` (`MD_ID`,`MD_TYPE`,`PID_DOC_ID`,`PID_ICA_ID`,`PID_PRO_ID`,`PID_TRA_ID`,`MD_SENDER_ID`,`MD_BUSINESSDOMAIN_ID`,`MD_VALUE`) values (1213,'RECEIVER_ID_XQUERY',null,null,null,105,null,null,'//*:Receiver/*:Identifier');
Insert into `ETR_TB_METADATA` (`MD_ID`,`MD_TYPE`,`PID_DOC_ID`,`PID_ICA_ID`,`PID_PRO_ID`,`PID_TRA_ID`,`MD_SENDER_ID`,`MD_BUSINESSDOMAIN_ID`,`MD_VALUE`) values (1214,'SYNCH_VALIDATE_XSD',null,null,null,105,null,null,'false');
Insert into `ETR_TB_METADATA` (`MD_ID`,`MD_TYPE`,`PID_DOC_ID`,`PID_ICA_ID`,`PID_PRO_ID`,`PID_TRA_ID`,`MD_SENDER_ID`,`MD_BUSINESSDOMAIN_ID`,`MD_VALUE`) values (1215,'DOCUMENT_XSD_URL',null,null,null,105,null,null,'/eprior/xsd/maindoc/EC-PDAInformationResponse-0.1.xsd');
Insert into `ETR_TB_METADATA` (`MD_ID`,`MD_TYPE`,`PID_DOC_ID`,`PID_ICA_ID`,`PID_PRO_ID`,`PID_TRA_ID`,`MD_SENDER_ID`,`MD_BUSINESSDOMAIN_ID`,`MD_VALUE`) values (1220,'DOCUMENT_XSD_URL',113,null,null,null,null,null,'/etrustex/xsd3.0/EC-ApplicationResponse-3.0.xsd');
Insert into `ETR_TB_METADATA` (`MD_ID`,`MD_TYPE`,`PID_DOC_ID`,`PID_ICA_ID`,`PID_PRO_ID`,`PID_TRA_ID`,`MD_SENDER_ID`,`MD_BUSINESSDOMAIN_ID`,`MD_VALUE`) values (1221,'SYNCH_VALIDATE_XSD',113,null,null,null,null,null,'false');
Insert into `ETR_TB_METADATA` (`MD_ID`,`MD_TYPE`,`PID_DOC_ID`,`PID_ICA_ID`,`PID_PRO_ID`,`PID_TRA_ID`,`MD_SENDER_ID`,`MD_BUSINESSDOMAIN_ID`,`MD_VALUE`) values (1222,'SENDER_ID_XQUERY',113,null,null,null,null,null,'//*:Sender/*:Identifier');
Insert into `ETR_TB_METADATA` (`MD_ID`,`MD_TYPE`,`PID_DOC_ID`,`PID_ICA_ID`,`PID_PRO_ID`,`PID_TRA_ID`,`MD_SENDER_ID`,`MD_BUSINESSDOMAIN_ID`,`MD_VALUE`) values (1223,'RECEIVER_ID_XQUERY',113,null,null,null,null,null,'//*:Receiver/*:Identifier');
Insert into `ETR_TB_METADATA` (`MD_ID`,`MD_TYPE`,`PID_DOC_ID`,`PID_ICA_ID`,`PID_PRO_ID`,`PID_TRA_ID`,`MD_SENDER_ID`,`MD_BUSINESSDOMAIN_ID`,`MD_VALUE`) values (1224,'DOCUMENT_ISSUEDATE_XQUERY',113,null,null,null,null,null,'//*:ApplicationResponse/*:IssueDate');
Insert into `ETR_TB_METADATA` (`MD_ID`,`MD_TYPE`,`PID_DOC_ID`,`PID_ICA_ID`,`PID_PRO_ID`,`PID_TRA_ID`,`MD_SENDER_ID`,`MD_BUSINESSDOMAIN_ID`,`MD_VALUE`) values (1225,'PARENT_DOCUMENT_NA_STRATEGY',113,null,null,null,null,null,'ERROR');
Insert into `ETR_TB_METADATA` (`MD_ID`,`MD_TYPE`,`PID_DOC_ID`,`PID_ICA_ID`,`PID_PRO_ID`,`PID_TRA_ID`,`MD_SENDER_ID`,`MD_BUSINESSDOMAIN_ID`,`MD_VALUE`) values (1226,'PARENT_DOCUMENT_ID_XQUERY',113,null,null,null,null,null,'//*:ApplicationResponse/*:DocumentResponse/*:DocumentReference/*:InstanceIdentifier');
Insert into `ETR_TB_METADATA` (`MD_ID`,`MD_TYPE`,`PID_DOC_ID`,`PID_ICA_ID`,`PID_PRO_ID`,`PID_TRA_ID`,`MD_SENDER_ID`,`MD_BUSINESSDOMAIN_ID`,`MD_VALUE`) values (1228,'PARENT_DOCUMENT_TYPECODE_XQUERY',113,null,null,null,null,null,'//*:ApplicationResponse/*:ID');
Insert into `ETR_TB_METADATA` (`MD_ID`,`MD_TYPE`,`PID_DOC_ID`,`PID_ICA_ID`,`PID_PRO_ID`,`PID_TRA_ID`,`MD_SENDER_ID`,`MD_BUSINESSDOMAIN_ID`,`MD_VALUE`) values (1229,'DOCUMENT_XSD_URL',114,null,null,null,null,null,'/etrustex/xsd3.0/EC-QueryRequest-3.0.xsd');
Insert into `ETR_TB_METADATA` (`MD_ID`,`MD_TYPE`,`PID_DOC_ID`,`PID_ICA_ID`,`PID_PRO_ID`,`PID_TRA_ID`,`MD_SENDER_ID`,`MD_BUSINESSDOMAIN_ID`,`MD_VALUE`) values (1230,'SYNCH_VALIDATE_XSD',114,null,null,null,null,null,'true');
Insert into `ETR_TB_METADATA` (`MD_ID`,`MD_TYPE`,`PID_DOC_ID`,`PID_ICA_ID`,`PID_PRO_ID`,`PID_TRA_ID`,`MD_SENDER_ID`,`MD_BUSINESSDOMAIN_ID`,`MD_VALUE`) values (1231,'SENDER_ID_XQUERY',114,null,null,null,null,null,'//*:Sender/*:Identifier');
Insert into `ETR_TB_METADATA` (`MD_ID`,`MD_TYPE`,`PID_DOC_ID`,`PID_ICA_ID`,`PID_PRO_ID`,`PID_TRA_ID`,`MD_SENDER_ID`,`MD_BUSINESSDOMAIN_ID`,`MD_VALUE`) values (1232,'DOCUMENT_XSD_URL',115,null,null,null,null,null,'/etrustex/xsd3.0/EC-InboxRequest-3.0.xsd');
Insert into `ETR_TB_METADATA` (`MD_ID`,`MD_TYPE`,`PID_DOC_ID`,`PID_ICA_ID`,`PID_PRO_ID`,`PID_TRA_ID`,`MD_SENDER_ID`,`MD_BUSINESSDOMAIN_ID`,`MD_VALUE`) values (1233,'SYNCH_VALIDATE_XSD',115,null,null,null,null,null,'true');
Insert into `ETR_TB_METADATA` (`MD_ID`,`MD_TYPE`,`PID_DOC_ID`,`PID_ICA_ID`,`PID_PRO_ID`,`PID_TRA_ID`,`MD_SENDER_ID`,`MD_BUSINESSDOMAIN_ID`,`MD_VALUE`) values (1234,'SENDER_ID_XQUERY',115,null,null,null,null,null,'//*:Sender/*:Identifier');
Insert into `ETR_TB_METADATA` (`MD_ID`,`MD_TYPE`,`PID_DOC_ID`,`PID_ICA_ID`,`PID_PRO_ID`,`PID_TRA_ID`,`MD_SENDER_ID`,`MD_BUSINESSDOMAIN_ID`,`MD_VALUE`) values (1235,'DOCUMENT_XSD_URL',116,null,null,null,null,null,'/etrustex/xsd3.0/EC-AttachedDocument-3.0.xsd');
Insert into `ETR_TB_METADATA` (`MD_ID`,`MD_TYPE`,`PID_DOC_ID`,`PID_ICA_ID`,`PID_PRO_ID`,`PID_TRA_ID`,`MD_SENDER_ID`,`MD_BUSINESSDOMAIN_ID`,`MD_VALUE`) values (1236,'SYNCH_VALIDATE_XSD',116,null,null,null,null,null,'false');
Insert into `ETR_TB_METADATA` (`MD_ID`,`MD_TYPE`,`PID_DOC_ID`,`PID_ICA_ID`,`PID_PRO_ID`,`PID_TRA_ID`,`MD_SENDER_ID`,`MD_BUSINESSDOMAIN_ID`,`MD_VALUE`) values (1237,'SENDER_ID_XQUERY',116,null,null,null,null,null,'//*:Sender/*:Identifier');
Insert into `ETR_TB_METADATA` (`MD_ID`,`MD_TYPE`,`PID_DOC_ID`,`PID_ICA_ID`,`PID_PRO_ID`,`PID_TRA_ID`,`MD_SENDER_ID`,`MD_BUSINESSDOMAIN_ID`,`MD_VALUE`) values (1238,'RECEIVER_ID_XQUERY',116,null,null,null,null,null,'//*:Receiver/*:Identifier');
Insert into `ETR_TB_METADATA` (`MD_ID`,`MD_TYPE`,`PID_DOC_ID`,`PID_ICA_ID`,`PID_PRO_ID`,`PID_TRA_ID`,`MD_SENDER_ID`,`MD_BUSINESSDOMAIN_ID`,`MD_VALUE`) values (1239,'DOCUMENT_ID_XQUERY',116,null,null,null,null,null,'//*:AttachedDocument/*:ID');
Insert into `ETR_TB_METADATA` (`MD_ID`,`MD_TYPE`,`PID_DOC_ID`,`PID_ICA_ID`,`PID_PRO_ID`,`PID_TRA_ID`,`MD_SENDER_ID`,`MD_BUSINESSDOMAIN_ID`,`MD_VALUE`) values (1240,'DOCUMENT_ISSUEDATE_XQUERY',116,null,null,null,null,null,'//*:AttachedDocument/*:IssueDate');
Insert into `ETR_TB_METADATA` (`MD_ID`,`MD_TYPE`,`PID_DOC_ID`,`PID_ICA_ID`,`PID_PRO_ID`,`PID_TRA_ID`,`MD_SENDER_ID`,`MD_BUSINESSDOMAIN_ID`,`MD_VALUE`) values (1241,'PARENT_DOCUMENT_ID_XQUERY',116,null,null,null,null,null,'//*:AttachedDocument/*:ParentDocumentID');
Insert into `ETR_TB_METADATA` (`MD_ID`,`MD_TYPE`,`PID_DOC_ID`,`PID_ICA_ID`,`PID_PRO_ID`,`PID_TRA_ID`,`MD_SENDER_ID`,`MD_BUSINESSDOMAIN_ID`,`MD_VALUE`) values (1242,'PARENT_DOCUMENT_NA_STRATEGY',116,null,null,null,null,null,'WAIT');
Insert into `ETR_TB_METADATA` (`MD_ID`,`MD_TYPE`,`PID_DOC_ID`,`PID_ICA_ID`,`PID_PRO_ID`,`PID_TRA_ID`,`MD_SENDER_ID`,`MD_BUSINESSDOMAIN_ID`,`MD_VALUE`) values (1243,'DOCUMENT_XSD_URL',117,null,null,null,null,null,'/eprior/xsd2.1final/maindoc/UBL-Invoice-2.1.xsd');
Insert into `ETR_TB_METADATA` (`MD_ID`,`MD_TYPE`,`PID_DOC_ID`,`PID_ICA_ID`,`PID_PRO_ID`,`PID_TRA_ID`,`MD_SENDER_ID`,`MD_BUSINESSDOMAIN_ID`,`MD_VALUE`) values (1244,'SYNCH_VALIDATE_XSD',117,null,null,null,null,null,'false');
Insert into `ETR_TB_METADATA` (`MD_ID`,`MD_TYPE`,`PID_DOC_ID`,`PID_ICA_ID`,`PID_PRO_ID`,`PID_TRA_ID`,`MD_SENDER_ID`,`MD_BUSINESSDOMAIN_ID`,`MD_VALUE`) values (1245,'SENDER_ID_XQUERY',117,null,null,null,null,null,'//*:Sender/*:Identifier');
Insert into `ETR_TB_METADATA` (`MD_ID`,`MD_TYPE`,`PID_DOC_ID`,`PID_ICA_ID`,`PID_PRO_ID`,`PID_TRA_ID`,`MD_SENDER_ID`,`MD_BUSINESSDOMAIN_ID`,`MD_VALUE`) values (1246,'RECEIVER_ID_XQUERY',117,null,null,null,null,null,'//*:Receiver/*:Identifier');
Insert into `ETR_TB_METADATA` (`MD_ID`,`MD_TYPE`,`PID_DOC_ID`,`PID_ICA_ID`,`PID_PRO_ID`,`PID_TRA_ID`,`MD_SENDER_ID`,`MD_BUSINESSDOMAIN_ID`,`MD_VALUE`) values (1247,'DOCUMENT_ID_XQUERY',117,null,null,null,null,null,'//*:Invoice/*:ID');
Insert into `ETR_TB_METADATA` (`MD_ID`,`MD_TYPE`,`PID_DOC_ID`,`PID_ICA_ID`,`PID_PRO_ID`,`PID_TRA_ID`,`MD_SENDER_ID`,`MD_BUSINESSDOMAIN_ID`,`MD_VALUE`) values (1248,'DOCUMENT_ISSUEDATE_XQUERY',117,null,null,null,null,null,'//*:Invoice/*:IssueDate');
Insert into `ETR_TB_METADATA` (`MD_ID`,`MD_TYPE`,`PID_DOC_ID`,`PID_ICA_ID`,`PID_PRO_ID`,`PID_TRA_ID`,`MD_SENDER_ID`,`MD_BUSINESSDOMAIN_ID`,`MD_VALUE`) values (1249,'DOCUMENT_HUMAN_READABLE_PREPROC',117,null,null,null,null,null,'true');
Insert into `ETR_TB_METADATA` (`MD_ID`,`MD_TYPE`,`PID_DOC_ID`,`PID_ICA_ID`,`PID_PRO_ID`,`PID_TRA_ID`,`MD_SENDER_ID`,`MD_BUSINESSDOMAIN_ID`,`MD_VALUE`) values (1252,'DOCUMENT_XSD_URL',118,null,null,null,null,null,'/eprior/xsd2.1final/maindoc/UBL-CreditNote-2.1.xsd');
Insert into `ETR_TB_METADATA` (`MD_ID`,`MD_TYPE`,`PID_DOC_ID`,`PID_ICA_ID`,`PID_PRO_ID`,`PID_TRA_ID`,`MD_SENDER_ID`,`MD_BUSINESSDOMAIN_ID`,`MD_VALUE`) values (1253,'SYNCH_VALIDATE_XSD',118,null,null,null,null,null,'false');
Insert into `ETR_TB_METADATA` (`MD_ID`,`MD_TYPE`,`PID_DOC_ID`,`PID_ICA_ID`,`PID_PRO_ID`,`PID_TRA_ID`,`MD_SENDER_ID`,`MD_BUSINESSDOMAIN_ID`,`MD_VALUE`) values (1254,'SENDER_ID_XQUERY',118,null,null,null,null,null,'//*:Sender/*:Identifier');
Insert into `ETR_TB_METADATA` (`MD_ID`,`MD_TYPE`,`PID_DOC_ID`,`PID_ICA_ID`,`PID_PRO_ID`,`PID_TRA_ID`,`MD_SENDER_ID`,`MD_BUSINESSDOMAIN_ID`,`MD_VALUE`) values (1255,'RECEIVER_ID_XQUERY',118,null,null,null,null,null,'//*:Receiver/*:Identifier');
Insert into `ETR_TB_METADATA` (`MD_ID`,`MD_TYPE`,`PID_DOC_ID`,`PID_ICA_ID`,`PID_PRO_ID`,`PID_TRA_ID`,`MD_SENDER_ID`,`MD_BUSINESSDOMAIN_ID`,`MD_VALUE`) values (1256,'DOCUMENT_ID_XQUERY',118,null,null,null,null,null,'//*:CreditNote/*:ID');
Insert into `ETR_TB_METADATA` (`MD_ID`,`MD_TYPE`,`PID_DOC_ID`,`PID_ICA_ID`,`PID_PRO_ID`,`PID_TRA_ID`,`MD_SENDER_ID`,`MD_BUSINESSDOMAIN_ID`,`MD_VALUE`) values (1257,'DOCUMENT_ISSUEDATE_XQUERY',118,null,null,null,null,null,'//*:CreditNote/*:IssueDate');
Insert into `ETR_TB_METADATA` (`MD_ID`,`MD_TYPE`,`PID_DOC_ID`,`PID_ICA_ID`,`PID_PRO_ID`,`PID_TRA_ID`,`MD_SENDER_ID`,`MD_BUSINESSDOMAIN_ID`,`MD_VALUE`) values (1258,'DOCUMENT_HUMAN_READABLE_PREPROC',118,null,null,null,null,null,'true');
Insert into `ETR_TB_METADATA` (`MD_ID`,`MD_TYPE`,`PID_DOC_ID`,`PID_ICA_ID`,`PID_PRO_ID`,`PID_TRA_ID`,`MD_SENDER_ID`,`MD_BUSINESSDOMAIN_ID`,`MD_VALUE`) values (1261,'PROFILE_XQUERY',61,null,null,null,null,null,'//*:AdhocS2C/*:ProfileID');
Insert into `ETR_TB_METADATA` (`MD_ID`,`MD_TYPE`,`PID_DOC_ID`,`PID_ICA_ID`,`PID_PRO_ID`,`PID_TRA_ID`,`MD_SENDER_ID`,`MD_BUSINESSDOMAIN_ID`,`MD_VALUE`) values (1262,'PROFILE_XQUERY',73,null,null,null,null,null,'//*:AdhocC2S/*:ProfileID');
Insert into `ETR_TB_METADATA` (`MD_ID`,`MD_TYPE`,`PID_DOC_ID`,`PID_ICA_ID`,`PID_PRO_ID`,`PID_TRA_ID`,`MD_SENDER_ID`,`MD_BUSINESSDOMAIN_ID`,`MD_VALUE`) values (1263,'DOCUMENT_ID_XQUERY',null,null,null,120,null,null,'//*:TenderReceipt/*:ID');
Insert into `ETR_TB_METADATA` (`MD_ID`,`MD_TYPE`,`PID_DOC_ID`,`PID_ICA_ID`,`PID_PRO_ID`,`PID_TRA_ID`,`MD_SENDER_ID`,`MD_BUSINESSDOMAIN_ID`,`MD_VALUE`) values (1264,'SYNCH_VALIDATE_XSD',null,null,null,120,null,null,'false');
Insert into `ETR_TB_METADATA` (`MD_ID`,`MD_TYPE`,`PID_DOC_ID`,`PID_ICA_ID`,`PID_PRO_ID`,`PID_TRA_ID`,`MD_SENDER_ID`,`MD_BUSINESSDOMAIN_ID`,`MD_VALUE`) values (1265,'SENDER_ID_XQUERY',null,null,null,120,null,null,'//*:Sender/*:Identifier');
Insert into `ETR_TB_METADATA` (`MD_ID`,`MD_TYPE`,`PID_DOC_ID`,`PID_ICA_ID`,`PID_PRO_ID`,`PID_TRA_ID`,`MD_SENDER_ID`,`MD_BUSINESSDOMAIN_ID`,`MD_VALUE`) values (1266,'RECEIVER_ID_XQUERY',null,null,null,120,null,null,'//*:Receiver/*:Identifier');
Insert into `ETR_TB_METADATA` (`MD_ID`,`MD_TYPE`,`PID_DOC_ID`,`PID_ICA_ID`,`PID_PRO_ID`,`PID_TRA_ID`,`MD_SENDER_ID`,`MD_BUSINESSDOMAIN_ID`,`MD_VALUE`) values (1267,'DOCUMENT_XSD_URL',null,null,null,120,null,null,'/eprior/xsd2.1/maindoc/UBL-TenderReceipt-2.1.xsd');
Insert into `ETR_TB_METADATA` (`MD_ID`,`MD_TYPE`,`PID_DOC_ID`,`PID_ICA_ID`,`PID_PRO_ID`,`PID_TRA_ID`,`MD_SENDER_ID`,`MD_BUSINESSDOMAIN_ID`,`MD_VALUE`) values (1268,'DOCUMENT_ISSUEDATE_XQUERY',null,null,null,120,null,null,'//*:TenderReceipt/*:IssueDate');
Insert into `ETR_TB_METADATA` (`MD_ID`,`MD_TYPE`,`PID_DOC_ID`,`PID_ICA_ID`,`PID_PRO_ID`,`PID_TRA_ID`,`MD_SENDER_ID`,`MD_BUSINESSDOMAIN_ID`,`MD_VALUE`) values (1269,'DOCUMENT_ISSUETIME_XQUERY',null,null,null,120,null,null,'//*:TenderReceipt/*:IssueTime');
Insert into `ETR_TB_METADATA` (`MD_ID`,`MD_TYPE`,`PID_DOC_ID`,`PID_ICA_ID`,`PID_PRO_ID`,`PID_TRA_ID`,`MD_SENDER_ID`,`MD_BUSINESSDOMAIN_ID`,`MD_VALUE`) values (1270,'PARENT_DOCUMENT_ID_XQUERY',null,null,null,120,null,null,'//*:TenderReceipt/*:TenderDocumentReference[*:DocumentTypeCode = ''BDL'']/*:ID');
Insert into `ETR_TB_METADATA` (`MD_ID`,`MD_TYPE`,`PID_DOC_ID`,`PID_ICA_ID`,`PID_PRO_ID`,`PID_TRA_ID`,`MD_SENDER_ID`,`MD_BUSINESSDOMAIN_ID`,`MD_VALUE`) values (1271,'PARENT_DOCUMENT_NA_STRATEGY',null,null,null,120,null,null,'ERROR');
Insert into `ETR_TB_METADATA` (`MD_ID`,`MD_TYPE`,`PID_DOC_ID`,`PID_ICA_ID`,`PID_PRO_ID`,`PID_TRA_ID`,`MD_SENDER_ID`,`MD_BUSINESSDOMAIN_ID`,`MD_VALUE`) values (1272,'PARENT_DOCUMENT_TYPECODE_XQUERY',null,null,null,120,null,null,'//*:TenderReceipt/*:TenderDocumentReference[*:DocumentTypeCode = ''BDL'']/*:DocumentTypeCode');
Insert into `ETR_TB_METADATA` (`MD_ID`,`MD_TYPE`,`PID_DOC_ID`,`PID_ICA_ID`,`PID_PRO_ID`,`PID_TRA_ID`,`MD_SENDER_ID`,`MD_BUSINESSDOMAIN_ID`,`MD_VALUE`) values (1273,'DOCUMENT_ID_XQUERY',null,null,null,121,null,null,'//*:TendererQualificationResponse/*:ID');
Insert into `ETR_TB_METADATA` (`MD_ID`,`MD_TYPE`,`PID_DOC_ID`,`PID_ICA_ID`,`PID_PRO_ID`,`PID_TRA_ID`,`MD_SENDER_ID`,`MD_BUSINESSDOMAIN_ID`,`MD_VALUE`) values (1274,'SYNCH_VALIDATE_XSD',null,null,null,121,null,null,'false');
Insert into `ETR_TB_METADATA` (`MD_ID`,`MD_TYPE`,`PID_DOC_ID`,`PID_ICA_ID`,`PID_PRO_ID`,`PID_TRA_ID`,`MD_SENDER_ID`,`MD_BUSINESSDOMAIN_ID`,`MD_VALUE`) values (1275,'SENDER_ID_XQUERY',null,null,null,121,null,null,'//*:Sender/*:Identifier');
Insert into `ETR_TB_METADATA` (`MD_ID`,`MD_TYPE`,`PID_DOC_ID`,`PID_ICA_ID`,`PID_PRO_ID`,`PID_TRA_ID`,`MD_SENDER_ID`,`MD_BUSINESSDOMAIN_ID`,`MD_VALUE`) values (1276,'RECEIVER_ID_XQUERY',null,null,null,121,null,null,'//*:Receiver/*:Identifier');
Insert into `ETR_TB_METADATA` (`MD_ID`,`MD_TYPE`,`PID_DOC_ID`,`PID_ICA_ID`,`PID_PRO_ID`,`PID_TRA_ID`,`MD_SENDER_ID`,`MD_BUSINESSDOMAIN_ID`,`MD_VALUE`) values (1277,'DOCUMENT_XSD_URL',null,null,null,121,null,null,'/eprior/xsd2.1final/maindoc/UBL-TenderQUalificationResponse-2.1.xsd');
Insert into `ETR_TB_METADATA` (`MD_ID`,`MD_TYPE`,`PID_DOC_ID`,`PID_ICA_ID`,`PID_PRO_ID`,`PID_TRA_ID`,`MD_SENDER_ID`,`MD_BUSINESSDOMAIN_ID`,`MD_VALUE`) values (1278,'DOCUMENT_ISSUEDATE_XQUERY',null,null,null,121,null,null,'//*:TendererQualificationResponse/*:IssueDate');
Insert into `ETR_TB_METADATA` (`MD_ID`,`MD_TYPE`,`PID_DOC_ID`,`PID_ICA_ID`,`PID_PRO_ID`,`PID_TRA_ID`,`MD_SENDER_ID`,`MD_BUSINESSDOMAIN_ID`,`MD_VALUE`) values (1279,'PARENT_DOCUMENT_NA_STRATEGY',null,null,null,121,null,null,'ERROR');
Insert into `ETR_TB_METADATA` (`MD_ID`,`MD_TYPE`,`PID_DOC_ID`,`PID_ICA_ID`,`PID_PRO_ID`,`PID_TRA_ID`,`MD_SENDER_ID`,`MD_BUSINESSDOMAIN_ID`,`MD_VALUE`) values (1280,'PARENT_DOCUMENT_ID_XQUERY',null,null,null,121,null,null,'//*:TendererQualificationResponse/*:ResolutionDocumentReference/*:ID');
Insert into `ETR_TB_METADATA` (`MD_ID`,`MD_TYPE`,`PID_DOC_ID`,`PID_ICA_ID`,`PID_PRO_ID`,`PID_TRA_ID`,`MD_SENDER_ID`,`MD_BUSINESSDOMAIN_ID`,`MD_VALUE`) values (1283,'DOCUMENT_XSD_URL',122,null,null,null,null,null,null);
Insert into `ETR_TB_METADATA` (`MD_ID`,`MD_TYPE`,`PID_DOC_ID`,`PID_ICA_ID`,`PID_PRO_ID`,`PID_TRA_ID`,`MD_SENDER_ID`,`MD_BUSINESSDOMAIN_ID`,`MD_VALUE`) values (1284,'SYNCH_VALIDATE_XSD',122,null,null,null,null,null,null);
Insert into `ETR_TB_METADATA` (`MD_ID`,`MD_TYPE`,`PID_DOC_ID`,`PID_ICA_ID`,`PID_PRO_ID`,`PID_TRA_ID`,`MD_SENDER_ID`,`MD_BUSINESSDOMAIN_ID`,`MD_VALUE`) values (1285,'SENDER_ID_XQUERY',122,null,null,null,null,null,null);
Insert into `ETR_TB_METADATA` (`MD_ID`,`MD_TYPE`,`PID_DOC_ID`,`PID_ICA_ID`,`PID_PRO_ID`,`PID_TRA_ID`,`MD_SENDER_ID`,`MD_BUSINESSDOMAIN_ID`,`MD_VALUE`) values (1286,'DOCUMENT_HUMAN_READABLE_XSLT_NAME_XPATH',null,null,null,null,null,null,'//*:TechnicalHeader/*:HRTemplateID');
Insert into `ETR_TB_METADATA` (`MD_ID`,`MD_TYPE`,`PID_DOC_ID`,`PID_ICA_ID`,`PID_PRO_ID`,`PID_TRA_ID`,`MD_SENDER_ID`,`MD_BUSINESSDOMAIN_ID`,`MD_VALUE`) values (1287,'ENABLE_MONITORING',null,null,null,null,null,null,'true');
Insert into `ETR_TB_METADATA` (`MD_ID`,`MD_TYPE`,`PID_DOC_ID`,`PID_ICA_ID`,`PID_PRO_ID`,`PID_TRA_ID`,`MD_SENDER_ID`,`MD_BUSINESSDOMAIN_ID`,`MD_VALUE`) values (2108,'DOCUMENT_XSD_URL',null,null,null,6,null,null,'/etrustex/xsd/maindoc/EC-DocumentWrapperRequest-1.0.xsd');
Insert into `ETR_TB_METADATA` (`MD_ID`,`MD_TYPE`,`PID_DOC_ID`,`PID_ICA_ID`,`PID_PRO_ID`,`PID_TRA_ID`,`MD_SENDER_ID`,`MD_BUSINESSDOMAIN_ID`,`MD_VALUE`) values (2109,'DOCUMENT_XSD_URL',null,null,null,7,null,null,'/etrustex/xsd/maindoc/EC-DocumentWrapperRequest-1.0.xsd');
Insert into `ETR_TB_METADATA` (`MD_ID`,`MD_TYPE`,`PID_DOC_ID`,`PID_ICA_ID`,`PID_PRO_ID`,`PID_TRA_ID`,`MD_SENDER_ID`,`MD_BUSINESSDOMAIN_ID`,`MD_VALUE`) values (2114,'CFT_TEST_ENDPOINT',null,null,null,null,null,null,'http://wltdig03.cc.cec.eu.int:1121/etrustex/external/CallForTenders-2.0');
Insert into `ETR_TB_METADATA` (`MD_ID`,`MD_TYPE`,`PID_DOC_ID`,`PID_ICA_ID`,`PID_PRO_ID`,`PID_TRA_ID`,`MD_SENDER_ID`,`MD_BUSINESSDOMAIN_ID`,`MD_VALUE`) values (2115,'JUST_TEST_ENDPOINT',null,null,null,null,null,null,'http://wltdig07.cc.cec.eu.int:1043/etrustex/services');
Insert into `ETR_TB_METADATA` (`MD_ID`,`MD_TYPE`,`PID_DOC_ID`,`PID_ICA_ID`,`PID_PRO_ID`,`PID_TRA_ID`,`MD_SENDER_ID`,`MD_BUSINESSDOMAIN_ID`,`MD_VALUE`) values (2116,'ECODEX_REDIRECT_ROOT',null,null,null,null,null,null,'/gateway');
Insert into `ETR_TB_METADATA` (`MD_ID`,`MD_TYPE`,`PID_DOC_ID`,`PID_ICA_ID`,`PID_PRO_ID`,`PID_TRA_ID`,`MD_SENDER_ID`,`MD_BUSINESSDOMAIN_ID`,`MD_VALUE`) values (2117,'ECODEX_URL_ENDPOINT',null,null,null,null,null,null,'http://wltdgt02.cc.cec.eu.int:1063/domibus');
Insert into `ETR_TB_METADATA` (`MD_ID`,`MD_TYPE`,`PID_DOC_ID`,`PID_ICA_ID`,`PID_PRO_ID`,`PID_TRA_ID`,`MD_SENDER_ID`,`MD_BUSINESSDOMAIN_ID`,`MD_VALUE`) values (3048,'SYNCH_VALIDATE_XSD',null,null,null,89,null,null,'true');
Insert into `ETR_TB_METADATA` (`MD_ID`,`MD_TYPE`,`PID_DOC_ID`,`PID_ICA_ID`,`PID_PRO_ID`,`PID_TRA_ID`,`MD_SENDER_ID`,`MD_BUSINESSDOMAIN_ID`,`MD_VALUE`) values (3049,'DOCUMENT_XSD_URL',null,null,null,89,null,null,'/etrustex/xsd2.1/maindoc/EC-InboxRequest-2.0.xsd');
Insert into `ETR_TB_METADATA` (`MD_ID`,`MD_TYPE`,`PID_DOC_ID`,`PID_ICA_ID`,`PID_PRO_ID`,`PID_TRA_ID`,`MD_SENDER_ID`,`MD_BUSINESSDOMAIN_ID`,`MD_VALUE`) values (3050,'SENDER_ID_XQUERY',null,null,null,89,null,null,'//*:Sender/*:Identifier');
Insert into `ETR_TB_METADATA` (`MD_ID`,`MD_TYPE`,`PID_DOC_ID`,`PID_ICA_ID`,`PID_PRO_ID`,`PID_TRA_ID`,`MD_SENDER_ID`,`MD_BUSINESSDOMAIN_ID`,`MD_VALUE`) values (3051,'RECEIVER_ID_XQUERY',null,null,null,89,null,null,'//*:Receiver/*:Identifier');
Insert into `ETR_TB_METADATA` (`MD_ID`,`MD_TYPE`,`PID_DOC_ID`,`PID_ICA_ID`,`PID_PRO_ID`,`PID_TRA_ID`,`MD_SENDER_ID`,`MD_BUSINESSDOMAIN_ID`,`MD_VALUE`) values (3052,'SYNCH_VALIDATE_XSD',null,null,null,90,null,null,'true');
Insert into `ETR_TB_METADATA` (`MD_ID`,`MD_TYPE`,`PID_DOC_ID`,`PID_ICA_ID`,`PID_PRO_ID`,`PID_TRA_ID`,`MD_SENDER_ID`,`MD_BUSINESSDOMAIN_ID`,`MD_VALUE`) values (3053,'DOCUMENT_XSD_URL',null,null,null,90,null,null,'/etrustex/xsd2.1/maindoc/EC-StatusRequest-2.0.xsd');
Insert into `ETR_TB_METADATA` (`MD_ID`,`MD_TYPE`,`PID_DOC_ID`,`PID_ICA_ID`,`PID_PRO_ID`,`PID_TRA_ID`,`MD_SENDER_ID`,`MD_BUSINESSDOMAIN_ID`,`MD_VALUE`) values (3054,'SENDER_ID_XQUERY',null,null,null,90,null,null,'//*:Sender/*:Identifier');
Insert into `ETR_TB_METADATA` (`MD_ID`,`MD_TYPE`,`PID_DOC_ID`,`PID_ICA_ID`,`PID_PRO_ID`,`PID_TRA_ID`,`MD_SENDER_ID`,`MD_BUSINESSDOMAIN_ID`,`MD_VALUE`) values (3055,'RECEIVER_ID_XQUERY',null,null,null,90,null,null,'//*:Receiver/*:Identifier');
Insert into `ETR_TB_METADATA` (`MD_ID`,`MD_TYPE`,`PID_DOC_ID`,`PID_ICA_ID`,`PID_PRO_ID`,`PID_TRA_ID`,`MD_SENDER_ID`,`MD_BUSINESSDOMAIN_ID`,`MD_VALUE`) values (3110,'SENDER_ID_XQUERY',null,null,null,86,null,null,'//*:Sender/*:Identifier');
Insert into `ETR_TB_METADATA` (`MD_ID`,`MD_TYPE`,`PID_DOC_ID`,`PID_ICA_ID`,`PID_PRO_ID`,`PID_TRA_ID`,`MD_SENDER_ID`,`MD_BUSINESSDOMAIN_ID`,`MD_VALUE`) values (3111,'DOCUMENT_XSD_URL',null,null,null,86,null,null,'/eprior/xsd2.1final/maindoc/UBL-CallForTenders-2.1.xsd');
Insert into `ETR_TB_METADATA` (`MD_ID`,`MD_TYPE`,`PID_DOC_ID`,`PID_ICA_ID`,`PID_PRO_ID`,`PID_TRA_ID`,`MD_SENDER_ID`,`MD_BUSINESSDOMAIN_ID`,`MD_VALUE`) values (3112,'SYNCH_VALIDATE_XSD',null,null,null,86,null,null,'false');
Insert into `ETR_TB_METADATA` (`MD_ID`,`MD_TYPE`,`PID_DOC_ID`,`PID_ICA_ID`,`PID_PRO_ID`,`PID_TRA_ID`,`MD_SENDER_ID`,`MD_BUSINESSDOMAIN_ID`,`MD_VALUE`) values (3114,'RECEIVER_ID_XQUERY',null,null,null,86,null,null,'//*:Receiver/*:Identifier');
Insert into `ETR_TB_METADATA` (`MD_ID`,`MD_TYPE`,`PID_DOC_ID`,`PID_ICA_ID`,`PID_PRO_ID`,`PID_TRA_ID`,`MD_SENDER_ID`,`MD_BUSINESSDOMAIN_ID`,`MD_VALUE`) values (3115,'DOCUMENT_ID_XQUERY',null,null,null,86,null,null,'concat(//*:Body/*/*:CallForTenders/*:UUID/text(), ''::'', //*:Body/*/*:CallForTenders/*:ID/text())');
Insert into `ETR_TB_METADATA` (`MD_ID`,`MD_TYPE`,`PID_DOC_ID`,`PID_ICA_ID`,`PID_PRO_ID`,`PID_TRA_ID`,`MD_SENDER_ID`,`MD_BUSINESSDOMAIN_ID`,`MD_VALUE`) values (3116,'DOCUMENT_ISSUEDATE_XQUERY',null,null,null,86,null,null,'//*:CallForTenders/*:IssueDate');
Insert into `ETR_TB_METADATA` (`MD_ID`,`MD_TYPE`,`PID_DOC_ID`,`PID_ICA_ID`,`PID_PRO_ID`,`PID_TRA_ID`,`MD_SENDER_ID`,`MD_BUSINESSDOMAIN_ID`,`MD_VALUE`) values (3117,'DOCUMENT_VERSION_XQUERY',null,null,null,86,null,null,'//*:CallForTenders/*:ID');
Insert into `ETR_TB_METADATA` (`MD_ID`,`MD_TYPE`,`PID_DOC_ID`,`PID_ICA_ID`,`PID_PRO_ID`,`PID_TRA_ID`,`MD_SENDER_ID`,`MD_BUSINESSDOMAIN_ID`,`MD_VALUE`) values (3118,'DOCUMENT_ISSUEDATE_XQUERY',null,null,null,87,null,null,'//*:TenderingAnswers/*:IssueDate');
Insert into `ETR_TB_METADATA` (`MD_ID`,`MD_TYPE`,`PID_DOC_ID`,`PID_ICA_ID`,`PID_PRO_ID`,`PID_TRA_ID`,`MD_SENDER_ID`,`MD_BUSINESSDOMAIN_ID`,`MD_VALUE`) values (3119,'SENDER_ID_XQUERY',null,null,null,87,null,null,'//*:Sender/*:Identifier');
Insert into `ETR_TB_METADATA` (`MD_ID`,`MD_TYPE`,`PID_DOC_ID`,`PID_ICA_ID`,`PID_PRO_ID`,`PID_TRA_ID`,`MD_SENDER_ID`,`MD_BUSINESSDOMAIN_ID`,`MD_VALUE`) values (3120,'RECEIVER_ID_XQUERY',null,null,null,87,null,null,'//*:Receiver/*:Identifier');
Insert into `ETR_TB_METADATA` (`MD_ID`,`MD_TYPE`,`PID_DOC_ID`,`PID_ICA_ID`,`PID_PRO_ID`,`PID_TRA_ID`,`MD_SENDER_ID`,`MD_BUSINESSDOMAIN_ID`,`MD_VALUE`) values (3121,'SYNCH_VALIDATE_XSD',null,null,null,87,null,null,'false');
Insert into `ETR_TB_METADATA` (`MD_ID`,`MD_TYPE`,`PID_DOC_ID`,`PID_ICA_ID`,`PID_PRO_ID`,`PID_TRA_ID`,`MD_SENDER_ID`,`MD_BUSINESSDOMAIN_ID`,`MD_VALUE`) values (3122,'DOCUMENT_XSD_URL',null,null,null,87,null,null,'/eprior/xsd2.1/maindoc/EC-TenderingAnswers-0_1.xsd');
Insert into `ETR_TB_METADATA` (`MD_ID`,`MD_TYPE`,`PID_DOC_ID`,`PID_ICA_ID`,`PID_PRO_ID`,`PID_TRA_ID`,`MD_SENDER_ID`,`MD_BUSINESSDOMAIN_ID`,`MD_VALUE`) values (3123,'DOCUMENT_ID_XQUERY',null,null,null,87,null,null,'//*:TenderingAnswers/*:ID');
Insert into `ETR_TB_METADATA` (`MD_ID`,`MD_TYPE`,`PID_DOC_ID`,`PID_ICA_ID`,`PID_PRO_ID`,`PID_TRA_ID`,`MD_SENDER_ID`,`MD_BUSINESSDOMAIN_ID`,`MD_VALUE`) values (3124,'DOCUMENT_ISSUEDATE_XQUERY',null,null,null,88,null,null,'//*:TenderingQuestions/*:IssueDate');
Insert into `ETR_TB_METADATA` (`MD_ID`,`MD_TYPE`,`PID_DOC_ID`,`PID_ICA_ID`,`PID_PRO_ID`,`PID_TRA_ID`,`MD_SENDER_ID`,`MD_BUSINESSDOMAIN_ID`,`MD_VALUE`) values (3125,'SENDER_ID_XQUERY',null,null,null,88,null,null,'//*:Sender/*:Identifier');
Insert into `ETR_TB_METADATA` (`MD_ID`,`MD_TYPE`,`PID_DOC_ID`,`PID_ICA_ID`,`PID_PRO_ID`,`PID_TRA_ID`,`MD_SENDER_ID`,`MD_BUSINESSDOMAIN_ID`,`MD_VALUE`) values (3126,'RECEIVER_ID_XQUERY',null,null,null,88,null,null,'//*:Receiver/*:Identifier');
Insert into `ETR_TB_METADATA` (`MD_ID`,`MD_TYPE`,`PID_DOC_ID`,`PID_ICA_ID`,`PID_PRO_ID`,`PID_TRA_ID`,`MD_SENDER_ID`,`MD_BUSINESSDOMAIN_ID`,`MD_VALUE`) values (3127,'SYNCH_VALIDATE_XSD',null,null,null,88,null,null,'false');
Insert into `ETR_TB_METADATA` (`MD_ID`,`MD_TYPE`,`PID_DOC_ID`,`PID_ICA_ID`,`PID_PRO_ID`,`PID_TRA_ID`,`MD_SENDER_ID`,`MD_BUSINESSDOMAIN_ID`,`MD_VALUE`) values (3128,'DOCUMENT_XSD_URL',null,null,null,88,null,null,'/eprior/xsd2.1/maindoc/EC-TenderingQuestions-0_1.xsd');
Insert into `ETR_TB_METADATA` (`MD_ID`,`MD_TYPE`,`PID_DOC_ID`,`PID_ICA_ID`,`PID_PRO_ID`,`PID_TRA_ID`,`MD_SENDER_ID`,`MD_BUSINESSDOMAIN_ID`,`MD_VALUE`) values (3129,'DOCUMENT_ID_XQUERY',null,null,null,88,null,null,'//*:TenderingQuestions/*:ID');
Insert into `ETR_TB_METADATA` (`MD_ID`,`MD_TYPE`,`PID_DOC_ID`,`PID_ICA_ID`,`PID_PRO_ID`,`PID_TRA_ID`,`MD_SENDER_ID`,`MD_BUSINESSDOMAIN_ID`,`MD_VALUE`) values (3130,'DOMIBUS_REDIRECT_ROOT',null,null,null,null,null,null,'/domibus');
Insert into `ETR_TB_METADATA` (`MD_ID`,`MD_TYPE`,`PID_DOC_ID`,`PID_ICA_ID`,`PID_PRO_ID`,`PID_TRA_ID`,`MD_SENDER_ID`,`MD_BUSINESSDOMAIN_ID`,`MD_VALUE`) values (3131,'DOMIBUS_URL_ENDPOINT',null,null,null,null,null,null,'http://localhost:7001/domibus');
Insert into `ETR_TB_METADATA` (`MD_ID`,`MD_TYPE`,`PID_DOC_ID`,`PID_ICA_ID`,`PID_PRO_ID`,`PID_TRA_ID`,`MD_SENDER_ID`,`MD_BUSINESSDOMAIN_ID`,`MD_VALUE`) values (7708339,'CFT_TEST_ENDPOINT',null,null,3,null,null,null,null);
Insert into `ETR_TB_METADATA` (`MD_ID`,`MD_TYPE`,`PID_DOC_ID`,`PID_ICA_ID`,`PID_PRO_ID`,`PID_TRA_ID`,`MD_SENDER_ID`,`MD_BUSINESSDOMAIN_ID`,`MD_VALUE`) values (21602719,'AS2ADAPTER_ETRUSTEX_LOGIN',null,null,null,null,null,null,'AS2ADAPTER');
Insert into `ETR_TB_METADATA` (`MD_ID`,`MD_TYPE`,`PID_DOC_ID`,`PID_ICA_ID`,`PID_PRO_ID`,`PID_TRA_ID`,`MD_SENDER_ID`,`MD_BUSINESSDOMAIN_ID`,`MD_VALUE`) values (21602721,'AS2ADAPTER_ETRUSTEX_PASSWORD',null,null,null,null,null,null,'AS2ADAPTER');
Insert into `ETR_TB_METADATA` (`MD_ID`,`MD_TYPE`,`PID_DOC_ID`,`PID_ICA_ID`,`PID_PRO_ID`,`PID_TRA_ID`,`MD_SENDER_ID`,`MD_BUSINESSDOMAIN_ID`,`MD_VALUE`) values (21602729,'AS2ADAPTER_ETRUSTEX_ENDPOINT',null,null,null,null,null,null,'TEST_JIRA_3389');


--
-- Insert into `ETR_TB_METADATA` (`MD_ID`,`MD_TYPE`,`PID_DOC_ID`,`PID_ICA_ID`,`PID_PRO_ID`,`PID_TRA_ID`,`MD_SENDER_ID`,`MD_BUSINESSDOMAIN_ID`,`MD_VALUE`) values (8,'DOCUMENT_SCEMATRON',null,null,null,1,null,null,LOAD_FILE('/opt/Schematron/8.xsl'));
-- Insert into `ETR_TB_METADATA` (`MD_ID`,`MD_TYPE`,`PID_DOC_ID`,`PID_ICA_ID`,`PID_PRO_ID`,`PID_TRA_ID`,`MD_SENDER_ID`,`MD_BUSINESSDOMAIN_ID`,`MD_VALUE`) values (18,'DOCUMENT_SCEMATRON',null,null,null,5,null,null,LOAD_FILE('/opt/Schematron/18.xsl'));
-- Insert into `ETR_TB_METADATA` (`MD_ID`,`MD_TYPE`,`PID_DOC_ID`,`PID_ICA_ID`,`PID_PRO_ID`,`PID_TRA_ID`,`MD_SENDER_ID`,`MD_BUSINESSDOMAIN_ID`,`MD_VALUE`) values (20,'DOCUMENT_SCEMATRON',null,null,null,6,null,null,LOAD_FILE('/opt/Schematron/20.xsl'));
-- Insert into `ETR_TB_METADATA` (`MD_ID`,`MD_TYPE`,`PID_DOC_ID`,`PID_ICA_ID`,`PID_PRO_ID`,`PID_TRA_ID`,`MD_SENDER_ID`,`MD_BUSINESSDOMAIN_ID`,`MD_VALUE`) values (24,'DOCUMENT_SCEMATRON',7,null,null,null,null,null,LOAD_FILE('/opt/Schematron/24.xsl'));
-- Insert into `ETR_TB_METADATA` (`MD_ID`,`MD_TYPE`,`PID_DOC_ID`,`PID_ICA_ID`,`PID_PRO_ID`,`PID_TRA_ID`,`MD_SENDER_ID`,`MD_BUSINESSDOMAIN_ID`,`MD_VALUE`) values (31,'DOCUMENT_SCEMATRON',null,null,null,9,null,null,LOAD_FILE('/opt/Schematron/31.xsl'));
-- Insert into `ETR_TB_METADATA` (`MD_ID`,`MD_TYPE`,`PID_DOC_ID`,`PID_ICA_ID`,`PID_PRO_ID`,`PID_TRA_ID`,`MD_SENDER_ID`,`MD_BUSINESSDOMAIN_ID`,`MD_VALUE`) values (34,'DOCUMENT_SCEMATRON',null,null,null,10,null,null,LOAD_FILE('/opt/Schematron/34.xsl'));
-- Insert into `ETR_TB_METADATA` (`MD_ID`,`MD_TYPE`,`PID_DOC_ID`,`PID_ICA_ID`,`PID_PRO_ID`,`PID_TRA_ID`,`MD_SENDER_ID`,`MD_BUSINESSDOMAIN_ID`,`MD_VALUE`) values (44,'DOCUMENT_SCEMATRON',null,null,null,12,null,null,LOAD_FILE('/opt/Schematron/44.xsl'));
-- Insert into `ETR_TB_METADATA` (`MD_ID`,`MD_TYPE`,`PID_DOC_ID`,`PID_ICA_ID`,`PID_PRO_ID`,`PID_TRA_ID`,`MD_SENDER_ID`,`MD_BUSINESSDOMAIN_ID`,`MD_VALUE`) values (47,'DOCUMENT_SCEMATRON',null,null,null,7,null,null,LOAD_FILE('/opt/Schematron/47.xsl'));
-- Insert into `ETR_TB_METADATA` (`MD_ID`,`MD_TYPE`,`PID_DOC_ID`,`PID_ICA_ID`,`PID_PRO_ID`,`PID_TRA_ID`,`MD_SENDER_ID`,`MD_BUSINESSDOMAIN_ID`,`MD_VALUE`) values (58,'DOCUMENT_SCEMATRON',null,null,null,3,null,null,LOAD_FILE('/opt/Schematron/58.xsl'));
-- Insert into `ETR_TB_METADATA` (`MD_ID`,`MD_TYPE`,`PID_DOC_ID`,`PID_ICA_ID`,`PID_PRO_ID`,`PID_TRA_ID`,`MD_SENDER_ID`,`MD_BUSINESSDOMAIN_ID`,`MD_VALUE`) values (64,'DOCUMENT_SCEMATRON',13,null,null,null,null,null,LOAD_FILE('/opt/Schematron/64.xsl'));
-- Insert into `ETR_TB_METADATA` (`MD_ID`,`MD_TYPE`,`PID_DOC_ID`,`PID_ICA_ID`,`PID_PRO_ID`,`PID_TRA_ID`,`MD_SENDER_ID`,`MD_BUSINESSDOMAIN_ID`,`MD_VALUE`) values (74,'DOCUMENT_SCEMATRON',null,null,null,16,null,null,LOAD_FILE('/opt/Schematron/74.xsl'));
-- Insert into `ETR_TB_METADATA` (`MD_ID`,`MD_TYPE`,`PID_DOC_ID`,`PID_ICA_ID`,`PID_PRO_ID`,`PID_TRA_ID`,`MD_SENDER_ID`,`MD_BUSINESSDOMAIN_ID`,`MD_VALUE`) values (88,'DOCUMENT_SCEMATRON',16,null,null,null,null,null,LOAD_FILE('/opt/Schematron/88.xsl'));
-- Insert into `ETR_TB_METADATA` (`MD_ID`,`MD_TYPE`,`PID_DOC_ID`,`PID_ICA_ID`,`PID_PRO_ID`,`PID_TRA_ID`,`MD_SENDER_ID`,`MD_BUSINESSDOMAIN_ID`,`MD_VALUE`) values (99,'DOCUMENT_SCEMATRON',null,null,null,18,null,null,LOAD_FILE('/opt/Schematron/99.xsl'));
-- Insert into `ETR_TB_METADATA` (`MD_ID`,`MD_TYPE`,`PID_DOC_ID`,`PID_ICA_ID`,`PID_PRO_ID`,`PID_TRA_ID`,`MD_SENDER_ID`,`MD_BUSINESSDOMAIN_ID`,`MD_VALUE`) values (100,'DOCUMENT_SCEMATRON',17,null,null,null,null,null,LOAD_FILE('/opt/Schematron/100.xsl'));
-- Insert into `ETR_TB_METADATA` (`MD_ID`,`MD_TYPE`,`PID_DOC_ID`,`PID_ICA_ID`,`PID_PRO_ID`,`PID_TRA_ID`,`MD_SENDER_ID`,`MD_BUSINESSDOMAIN_ID`,`MD_VALUE`) values (113,'DOCUMENT_SCEMATRON',null,null,null,20,null,null,LOAD_FILE('/opt/Schematron/113.xsl'));
-- Insert into `ETR_TB_METADATA` (`MD_ID`,`MD_TYPE`,`PID_DOC_ID`,`PID_ICA_ID`,`PID_PRO_ID`,`PID_TRA_ID`,`MD_SENDER_ID`,`MD_BUSINESSDOMAIN_ID`,`MD_VALUE`) values (135,'DOCUMENT_SCEMATRON',null,null,null,22,null,null,LOAD_FILE('/opt/Schematron/135.xsl'));
-- Insert into `ETR_TB_METADATA` (`MD_ID`,`MD_TYPE`,`PID_DOC_ID`,`PID_ICA_ID`,`PID_PRO_ID`,`PID_TRA_ID`,`MD_SENDER_ID`,`MD_BUSINESSDOMAIN_ID`,`MD_VALUE`) values (162,'DOCUMENT_SCEMATRON',null,null,null,2,null,null,LOAD_FILE('/opt/Schematron/162.xsl'));
-- Insert into `ETR_TB_METADATA` (`MD_ID`,`MD_TYPE`,`PID_DOC_ID`,`PID_ICA_ID`,`PID_PRO_ID`,`PID_TRA_ID`,`MD_SENDER_ID`,`MD_BUSINESSDOMAIN_ID`,`MD_VALUE`) values (289,'DOCUMENT_SCEMATRON',null,null,null,30,null,null,LOAD_FILE('/opt/Schematron/289.xsl'));
-- Insert into `ETR_TB_METADATA` (`MD_ID`,`MD_TYPE`,`PID_DOC_ID`,`PID_ICA_ID`,`PID_PRO_ID`,`PID_TRA_ID`,`MD_SENDER_ID`,`MD_BUSINESSDOMAIN_ID`,`MD_VALUE`) values (295,'DOCUMENT_SCEMATRON',null,null,null,29,null,null,LOAD_FILE('/opt/Schematron/295.xsl'));
-- Insert into `ETR_TB_METADATA` (`MD_ID`,`MD_TYPE`,`PID_DOC_ID`,`PID_ICA_ID`,`PID_PRO_ID`,`PID_TRA_ID`,`MD_SENDER_ID`,`MD_BUSINESSDOMAIN_ID`,`MD_VALUE`) values (300,'DOCUMENT_SCEMATRON',null,null,null,43,null,null,LOAD_FILE('/opt/Schematron/300.xsl'));
-- Insert into `ETR_TB_METADATA` (`MD_ID`,`MD_TYPE`,`PID_DOC_ID`,`PID_ICA_ID`,`PID_PRO_ID`,`PID_TRA_ID`,`MD_SENDER_ID`,`MD_BUSINESSDOMAIN_ID`,`MD_VALUE`) values (308,'DOCUMENT_SCEMATRON',null,null,null,44,null,null,LOAD_FILE('/opt/Schematron/308.xsl'));
-- Insert into `ETR_TB_METADATA` (`MD_ID`,`MD_TYPE`,`PID_DOC_ID`,`PID_ICA_ID`,`PID_PRO_ID`,`PID_TRA_ID`,`MD_SENDER_ID`,`MD_BUSINESSDOMAIN_ID`,`MD_VALUE`) values (322,'DOCUMENT_SCEMATRON',null,null,null,45,null,null,LOAD_FILE('/opt/Schematron/322.xsl'));
-- Insert into `ETR_TB_METADATA` (`MD_ID`,`MD_TYPE`,`PID_DOC_ID`,`PID_ICA_ID`,`PID_PRO_ID`,`PID_TRA_ID`,`MD_SENDER_ID`,`MD_BUSINESSDOMAIN_ID`,`MD_VALUE`) values (568,'DOCUMENT_SCEMATRON',null,null,null,46,null,null,LOAD_FILE('/opt/Schematron/568.xsl'));
-- Insert into `ETR_TB_METADATA` (`MD_ID`,`MD_TYPE`,`PID_DOC_ID`,`PID_ICA_ID`,`PID_PRO_ID`,`PID_TRA_ID`,`MD_SENDER_ID`,`MD_BUSINESSDOMAIN_ID`,`MD_VALUE`) values (570,'DOCUMENT_SCEMATRON',null,null,null,56,null,null,LOAD_FILE('/opt/Schematron/570.xsl'));
-- Insert into `ETR_TB_METADATA` (`MD_ID`,`MD_TYPE`,`PID_DOC_ID`,`PID_ICA_ID`,`PID_PRO_ID`,`PID_TRA_ID`,`MD_SENDER_ID`,`MD_BUSINESSDOMAIN_ID`,`MD_VALUE`) values (571,'DOCUMENT_SCEMATRON',null,null,null,57,null,null,LOAD_FILE('/opt/Schematron/571.xsl'));
-- Insert into `ETR_TB_METADATA` (`MD_ID`,`MD_TYPE`,`PID_DOC_ID`,`PID_ICA_ID`,`PID_PRO_ID`,`PID_TRA_ID`,`MD_SENDER_ID`,`MD_BUSINESSDOMAIN_ID`,`MD_VALUE`) values (572,'DOCUMENT_SCEMATRON',null,null,null,58,null,null,LOAD_FILE('/opt/Schematron/572.xsl'));
-- Insert into `ETR_TB_METADATA` (`MD_ID`,`MD_TYPE`,`PID_DOC_ID`,`PID_ICA_ID`,`PID_PRO_ID`,`PID_TRA_ID`,`MD_SENDER_ID`,`MD_BUSINESSDOMAIN_ID`,`MD_VALUE`) values (573,'DOCUMENT_SCEMATRON',null,null,null,59,null,null,LOAD_FILE('/opt/Schematron/573.xsl'));
-- Insert into `ETR_TB_METADATA` (`MD_ID`,`MD_TYPE`,`PID_DOC_ID`,`PID_ICA_ID`,`PID_PRO_ID`,`PID_TRA_ID`,`MD_SENDER_ID`,`MD_BUSINESSDOMAIN_ID`,`MD_VALUE`) values (574,'DOCUMENT_SCEMATRON',null,null,null,60,null,null,LOAD_FILE('/opt/Schematron/574.xsl'));
-- Insert into `ETR_TB_METADATA` (`MD_ID`,`MD_TYPE`,`PID_DOC_ID`,`PID_ICA_ID`,`PID_PRO_ID`,`PID_TRA_ID`,`MD_SENDER_ID`,`MD_BUSINESSDOMAIN_ID`,`MD_VALUE`) values (586,'DOCUMENT_SCEMATRON',null,null,null,71,null,null,LOAD_FILE('/opt/Schematron/586.xsl'));
-- Insert into `ETR_TB_METADATA` (`MD_ID`,`MD_TYPE`,`PID_DOC_ID`,`PID_ICA_ID`,`PID_PRO_ID`,`PID_TRA_ID`,`MD_SENDER_ID`,`MD_BUSINESSDOMAIN_ID`,`MD_VALUE`) values (655,'DOCUMENT_SCEMATRON',null,null,null,63,null,null,LOAD_FILE('/opt/Schematron/655.xsl'));
-- Insert into `ETR_TB_METADATA` (`MD_ID`,`MD_TYPE`,`PID_DOC_ID`,`PID_ICA_ID`,`PID_PRO_ID`,`PID_TRA_ID`,`MD_SENDER_ID`,`MD_BUSINESSDOMAIN_ID`,`MD_VALUE`) values (656,'DOCUMENT_SCEMATRON',null,null,null,64,null,null,LOAD_FILE('/opt/Schematron/656.xsl'));
-- Insert into `ETR_TB_METADATA` (`MD_ID`,`MD_TYPE`,`PID_DOC_ID`,`PID_ICA_ID`,`PID_PRO_ID`,`PID_TRA_ID`,`MD_SENDER_ID`,`MD_BUSINESSDOMAIN_ID`,`MD_VALUE`) values (657,'DOCUMENT_SCEMATRON',null,null,null,65,null,null,LOAD_FILE('/opt/Schematron/657.xsl'));
-- Insert into `ETR_TB_METADATA` (`MD_ID`,`MD_TYPE`,`PID_DOC_ID`,`PID_ICA_ID`,`PID_PRO_ID`,`PID_TRA_ID`,`MD_SENDER_ID`,`MD_BUSINESSDOMAIN_ID`,`MD_VALUE`) values (658,'DOCUMENT_SCEMATRON',null,null,null,66,null,null,LOAD_FILE('/opt/Schematron/658.xsl'));
-- Insert into `ETR_TB_METADATA` (`MD_ID`,`MD_TYPE`,`PID_DOC_ID`,`PID_ICA_ID`,`PID_PRO_ID`,`PID_TRA_ID`,`MD_SENDER_ID`,`MD_BUSINESSDOMAIN_ID`,`MD_VALUE`) values (659,'DOCUMENT_SCEMATRON',null,null,null,67,null,null,LOAD_FILE('/opt/Schematron/659.xsl'));
-- Insert into `ETR_TB_METADATA` (`MD_ID`,`MD_TYPE`,`PID_DOC_ID`,`PID_ICA_ID`,`PID_PRO_ID`,`PID_TRA_ID`,`MD_SENDER_ID`,`MD_BUSINESSDOMAIN_ID`,`MD_VALUE`) values (660,'DOCUMENT_SCEMATRON',null,null,null,68,null,null,LOAD_FILE('/opt/Schematron/660.xsl'));
-- Insert into `ETR_TB_METADATA` (`MD_ID`,`MD_TYPE`,`PID_DOC_ID`,`PID_ICA_ID`,`PID_PRO_ID`,`PID_TRA_ID`,`MD_SENDER_ID`,`MD_BUSINESSDOMAIN_ID`,`MD_VALUE`) values (661,'DOCUMENT_SCEMATRON',null,null,null,69,null,null,LOAD_FILE('/opt/Schematron/661.xsl'));
-- Insert into `ETR_TB_METADATA` (`MD_ID`,`MD_TYPE`,`PID_DOC_ID`,`PID_ICA_ID`,`PID_PRO_ID`,`PID_TRA_ID`,`MD_SENDER_ID`,`MD_BUSINESSDOMAIN_ID`,`MD_VALUE`) values (662,'DOCUMENT_SCEMATRON',null,null,null,70,null,null,LOAD_FILE('/opt/Schematron/662.xsl'));
-- Insert into `ETR_TB_METADATA` (`MD_ID`,`MD_TYPE`,`PID_DOC_ID`,`PID_ICA_ID`,`PID_PRO_ID`,`PID_TRA_ID`,`MD_SENDER_ID`,`MD_BUSINESSDOMAIN_ID`,`MD_VALUE`) values (751,'DOCUMENT_SCEMATRON',null,null,null,80,null,null,LOAD_FILE('/opt/Schematron/751.xsl'));
-- Insert into `ETR_TB_METADATA` (`MD_ID`,`MD_TYPE`,`PID_DOC_ID`,`PID_ICA_ID`,`PID_PRO_ID`,`PID_TRA_ID`,`MD_SENDER_ID`,`MD_BUSINESSDOMAIN_ID`,`MD_VALUE`) values (761,'DOCUMENT_SCEMATRON',null,null,null,81,null,null,LOAD_FILE('/opt/Schematron/761.xsl'));
-- Insert into `ETR_TB_METADATA` (`MD_ID`,`MD_TYPE`,`PID_DOC_ID`,`PID_ICA_ID`,`PID_PRO_ID`,`PID_TRA_ID`,`MD_SENDER_ID`,`MD_BUSINESSDOMAIN_ID`,`MD_VALUE`) values (1158,'DOCUMENT_SCEMATRON',106,null,null,null,null,null,LOAD_FILE('/opt/Schematron/1158.xsl'));
-- Insert into `ETR_TB_METADATA` (`MD_ID`,`MD_TYPE`,`PID_DOC_ID`,`PID_ICA_ID`,`PID_PRO_ID`,`PID_TRA_ID`,`MD_SENDER_ID`,`MD_BUSINESSDOMAIN_ID`,`MD_VALUE`) values (1250,'DOCUMENT_SCEMATRON',null,null,null,117,null,null,LOAD_FILE('/opt/Schematron/1250.xsl'));
-- Insert into `ETR_TB_METADATA` (`MD_ID`,`MD_TYPE`,`PID_DOC_ID`,`PID_ICA_ID`,`PID_PRO_ID`,`PID_TRA_ID`,`MD_SENDER_ID`,`MD_BUSINESSDOMAIN_ID`,`MD_VALUE`) values (1259,'DOCUMENT_SCEMATRON',null,null,null,118,null,null,LOAD_FILE('/opt/Schematron/1259.xsl'));
-- Insert into `ETR_TB_METADATA` (`MD_ID`,`MD_TYPE`,`PID_DOC_ID`,`PID_ICA_ID`,`PID_PRO_ID`,`PID_TRA_ID`,`MD_SENDER_ID`,`MD_BUSINESSDOMAIN_ID`,`MD_VALUE`) values (1288,'DOCUMENT_SCEMATRON',null,null,null,123,null,null,LOAD_FILE('/opt/Schematron/1288.xsl'));
-- Insert into `ETR_TB_METADATA` (`MD_ID`,`MD_TYPE`,`PID_DOC_ID`,`PID_ICA_ID`,`PID_PRO_ID`,`PID_TRA_ID`,`MD_SENDER_ID`,`MD_BUSINESSDOMAIN_ID`,`MD_VALUE`) values (1289,'DOCUMENT_SCEMATRON',null,null,null,124,null,null,LOAD_FILE('/opt/Schematron/1289.xsl'));
-- Insert into `ETR_TB_METADATA` (`MD_ID`,`MD_TYPE`,`PID_DOC_ID`,`PID_ICA_ID`,`PID_PRO_ID`,`PID_TRA_ID`,`MD_SENDER_ID`,`MD_BUSINESSDOMAIN_ID`,`MD_VALUE`) values (3113,'DOCUMENT_SCEMATRON',null,null,null,86,null,null,LOAD_FILE('/opt/Schematron/3113.xsl'));
-- Insert into `ETR_TB_METADATA` (`MD_ID`,`MD_TYPE`,`PID_DOC_ID`,`PID_ICA_ID`,`PID_PRO_ID`,`PID_TRA_ID`,`MD_SENDER_ID`,`MD_BUSINESSDOMAIN_ID`,`MD_VALUE`) values (111111122,'DOCUMENT_SCEMATRON',null,null,null,72,null,null,LOAD_FILE('/opt/Schematron/111111122.xsl'));
--




Insert into `ETR_TB_HR_TEMPLATE` (`HRT_ID`,`HRT_NAME`,`HRT_DOC_ID`,`HRT_TRA_ID`,`HRT_IS_DEFAULT`, `HRT_XSLT`) values (310,'AlterNative',null,43,0,LOAD_FILE('/opt/HR_templates/310.xsl'));
Insert into `ETR_TB_HR_TEMPLATE` (`HRT_ID`,`HRT_NAME`,`HRT_DOC_ID`,`HRT_TRA_ID`,`HRT_IS_DEFAULT`, `HRT_XSLT`) values (21237548,'test3',null,8,0,LOAD_FILE('/opt/HR_templates/21237548.xsl'));
Insert into `ETR_TB_HR_TEMPLATE` (`HRT_ID`,`HRT_NAME`,`HRT_DOC_ID`,`HRT_TRA_ID`,`HRT_IS_DEFAULT`, `HRT_XSLT`) values (21237523,'test',null,8,0,LOAD_FILE('/opt/HR_templates/21237523.xsl'));
Insert into `ETR_TB_HR_TEMPLATE` (`HRT_ID`,`HRT_NAME`,`HRT_DOC_ID`,`HRT_TRA_ID`,`HRT_IS_DEFAULT`, `HRT_XSLT`) values (28787416,'DEFAULT',null,43,1,LOAD_FILE('/opt/HR_templates/28787416.xsl'));
Insert into `ETR_TB_HR_TEMPLATE` (`HRT_ID`,`HRT_NAME`,`HRT_DOC_ID`,`HRT_TRA_ID`,`HRT_IS_DEFAULT`, `HRT_XSLT`) values (1301,'euipo_order',null,45,0,LOAD_FILE('/opt/HR_templates/1301.xsl'));
Insert into `ETR_TB_HR_TEMPLATE` (`HRT_ID`,`HRT_NAME`,`HRT_DOC_ID`,`HRT_TRA_ID`,`HRT_IS_DEFAULT`, `HRT_XSLT`) values (1302,'euipo_order_cancellation',null,60,0,LOAD_FILE('/opt/HR_templates/1302.xsl'));
Insert into `ETR_TB_HR_TEMPLATE` (`HRT_ID`,`HRT_NAME`,`HRT_DOC_ID`,`HRT_TRA_ID`,`HRT_IS_DEFAULT`, `HRT_XSLT`) values (1303,'euipo_order_supplier_signature',null,57,0,LOAD_FILE('/opt/HR_templates/1303.xsl'));
Insert into `ETR_TB_HR_TEMPLATE` (`HRT_ID`,`HRT_NAME`,`HRT_DOC_ID`,`HRT_TRA_ID`,`HRT_IS_DEFAULT`, `HRT_XSLT`) values (1304,'euipo_order_customer_signature',null,58,0,LOAD_FILE('/opt/HR_templates/1304.xsl'));
Insert into `ETR_TB_HR_TEMPLATE` (`HRT_ID`,`HRT_NAME`,`HRT_DOC_ID`,`HRT_TRA_ID`,`HRT_IS_DEFAULT`, `HRT_XSLT`) values (311,'DEFAULT@doclvl',null,null,1,LOAD_FILE('/opt/HR_templates/311.xsl'));
Insert into `ETR_TB_HR_TEMPLATE` (`HRT_ID`,`HRT_NAME`,`HRT_DOC_ID`,`HRT_TRA_ID`,`HRT_IS_DEFAULT`, `HRT_XSLT`) values (-989,'Alternative',null,3,0,LOAD_FILE('/opt/HR_templates/-989.xsl'));
Insert into `ETR_TB_HR_TEMPLATE` (`HRT_ID`,`HRT_NAME`,`HRT_DOC_ID`,`HRT_TRA_ID`,`HRT_IS_DEFAULT`, `HRT_XSLT`) values (21237531,'test2',null,8,0,LOAD_FILE('/opt/HR_templates/21237531.xsl'));
Insert into `ETR_TB_HR_TEMPLATE` (`HRT_ID`,`HRT_NAME`,`HRT_DOC_ID`,`HRT_TRA_ID`,`HRT_IS_DEFAULT`, `HRT_XSLT`) values (1,null,117,null,1,LOAD_FILE('/opt/HR_templates/1.xsl'));
Insert into `ETR_TB_HR_TEMPLATE` (`HRT_ID`,`HRT_NAME`,`HRT_DOC_ID`,`HRT_TRA_ID`,`HRT_IS_DEFAULT`, `HRT_XSLT`) values (28788124,'DEFAULT',null,3,1,LOAD_FILE('/opt/HR_templates/28788124.xsl'));
Insert into `ETR_TB_HR_TEMPLATE` (`HRT_ID`,`HRT_NAME`,`HRT_DOC_ID`,`HRT_TRA_ID`,`HRT_IS_DEFAULT`, `HRT_XSLT`) values (569,'DEFAULT',null,50,1,LOAD_FILE('/opt/HR_templates/569.xsl'));
Insert into `ETR_TB_HR_TEMPLATE` (`HRT_ID`,`HRT_NAME`,`HRT_DOC_ID`,`HRT_TRA_ID`,`HRT_IS_DEFAULT`, `HRT_XSLT`) values (163,'DEFAULT',null,2,1,LOAD_FILE('/opt/HR_templates/163.xsl'));
Insert into `ETR_TB_HR_TEMPLATE` (`HRT_ID`,`HRT_NAME`,`HRT_DOC_ID`,`HRT_TRA_ID`,`HRT_IS_DEFAULT`, `HRT_XSLT`) values (593,'DEFAULT',null,72,1,LOAD_FILE('/opt/HR_templates/593.xsl'));
Insert into `ETR_TB_HR_TEMPLATE` (`HRT_ID`,`HRT_NAME`,`HRT_DOC_ID`,`HRT_TRA_ID`,`HRT_IS_DEFAULT`, `HRT_XSLT`) values (309,'DEFAULT',null,44,1,LOAD_FILE('/opt/HR_templates/309.xsl'));
Insert into `ETR_TB_HR_TEMPLATE` (`HRT_ID`,`HRT_NAME`,`HRT_DOC_ID`,`HRT_TRA_ID`,`HRT_IS_DEFAULT`, `HRT_XSLT`) values (579,'DEFAULT',null,71,1,LOAD_FILE('/opt/HR_templates/579.xsl'));
Insert into `ETR_TB_HR_TEMPLATE` (`HRT_ID`,`HRT_NAME`,`HRT_DOC_ID`,`HRT_TRA_ID`,`HRT_IS_DEFAULT`, `HRT_XSLT`) values (111111115,'DEFAULT',null,45,1,LOAD_FILE('/opt/HR_templates/111111115.xsl'));
Insert into `ETR_TB_HR_TEMPLATE` (`HRT_ID`,`HRT_NAME`,`HRT_DOC_ID`,`HRT_TRA_ID`,`HRT_IS_DEFAULT`, `HRT_XSLT`) values (111111116,'DEFAULT',null,60,1,LOAD_FILE('/opt/HR_templates/111111116.xsl'));
Insert into `ETR_TB_HR_TEMPLATE` (`HRT_ID`,`HRT_NAME`,`HRT_DOC_ID`,`HRT_TRA_ID`,`HRT_IS_DEFAULT`, `HRT_XSLT`) values (111111117,'DEFAULT',null,59,1,LOAD_FILE('/opt/HR_templates/111111117.xsl'));
Insert into `ETR_TB_HR_TEMPLATE` (`HRT_ID`,`HRT_NAME`,`HRT_DOC_ID`,`HRT_TRA_ID`,`HRT_IS_DEFAULT`, `HRT_XSLT`) values (111111119,'DEFAULT',null,57,1,LOAD_FILE('/opt/HR_templates/111111119.xsl'));
Insert into `ETR_TB_HR_TEMPLATE` (`HRT_ID`,`HRT_NAME`,`HRT_DOC_ID`,`HRT_TRA_ID`,`HRT_IS_DEFAULT`, `HRT_XSLT`) values (111111120,'DEFAULT',null,58,1,LOAD_FILE('/opt/HR_templates/111111120.xsl'));
Insert into `ETR_TB_HR_TEMPLATE` (`HRT_ID`,`HRT_NAME`,`HRT_DOC_ID`,`HRT_TRA_ID`,`HRT_IS_DEFAULT`, `HRT_XSLT`) values (111111123,'DEFAULT',null,56,1,LOAD_FILE('/opt/HR_templates/111111123.xsl'));
Insert into `ETR_TB_HR_TEMPLATE` (`HRT_ID`,`HRT_NAME`,`HRT_DOC_ID`,`HRT_TRA_ID`,`HRT_IS_DEFAULT`, `HRT_XSLT`) values (111111124,'DEFAULT',null,51,1,LOAD_FILE('/opt/HR_templates/111111124.xsl'));
Insert into `ETR_TB_HR_TEMPLATE` (`HRT_ID`,`HRT_NAME`,`HRT_DOC_ID`,`HRT_TRA_ID`,`HRT_IS_DEFAULT`, `HRT_XSLT`) values (111111126,'DEFAULT',null,61,1,LOAD_FILE('/opt/HR_templates/111111126.xsl'));
Insert into `ETR_TB_HR_TEMPLATE` (`HRT_ID`,`HRT_NAME`,`HRT_DOC_ID`,`HRT_TRA_ID`,`HRT_IS_DEFAULT`, `HRT_XSLT`) values (111111127,'DEFAULT',null,52,1,LOAD_FILE('/opt/HR_templates/111111127.xsl'));
Insert into `ETR_TB_HR_TEMPLATE` (`HRT_ID`,`HRT_NAME`,`HRT_DOC_ID`,`HRT_TRA_ID`,`HRT_IS_DEFAULT`, `HRT_XSLT`) values (111111128,'DEFAULT',null,62,1,LOAD_FILE('/opt/HR_templates/111111128.xsl'));
Insert into `ETR_TB_HR_TEMPLATE` (`HRT_ID`,`HRT_NAME`,`HRT_DOC_ID`,`HRT_TRA_ID`,`HRT_IS_DEFAULT`, `HRT_XSLT`) values (111111130,'DEFAULT',null,54,1,LOAD_FILE('/opt/HR_templates/111111130.xsl'));
Insert into `ETR_TB_HR_TEMPLATE` (`HRT_ID`,`HRT_NAME`,`HRT_DOC_ID`,`HRT_TRA_ID`,`HRT_IS_DEFAULT`, `HRT_XSLT`) values (111111131,'DEFAULT',null,55,1,LOAD_FILE('/opt/HR_templates/111111131.xsl'));
Insert into `ETR_TB_HR_TEMPLATE` (`HRT_ID`,`HRT_NAME`,`HRT_DOC_ID`,`HRT_TRA_ID`,`HRT_IS_DEFAULT`, `HRT_XSLT`) values (296,'DEFAULT',null,29,1,LOAD_FILE('/opt/HR_templates/296.xsl'));
Insert into `ETR_TB_HR_TEMPLATE` (`HRT_ID`,`HRT_NAME`,`HRT_DOC_ID`,`HRT_TRA_ID`,`HRT_IS_DEFAULT`, `HRT_XSLT`) values (1100,'DEFAULT',null,73,1,LOAD_FILE('/opt/HR_templates/1100.xsl'));
Insert into `ETR_TB_HR_TEMPLATE` (`HRT_ID`,`HRT_NAME`,`HRT_DOC_ID`,`HRT_TRA_ID`,`HRT_IS_DEFAULT`, `HRT_XSLT`) values (990,'DEFAULT',null,18,1,LOAD_FILE('/opt/HR_templates/990.xsl'));
Insert into `ETR_TB_HR_TEMPLATE` (`HRT_ID`,`HRT_NAME`,`HRT_DOC_ID`,`HRT_TRA_ID`,`HRT_IS_DEFAULT`, `HRT_XSLT`) values (14701761,'DEFAULT',null,null,0,LOAD_FILE('/opt/HR_templates/14701761.xsl'));
Insert into `ETR_TB_HR_TEMPLATE` (`HRT_ID`,`HRT_NAME`,`HRT_DOC_ID`,`HRT_TRA_ID`,`HRT_IS_DEFAULT`, `HRT_XSLT`) values (16212286,'DEFAULT',null,53,1,LOAD_FILE('/opt/HR_templates/16212286.xsl'));
Insert into `ETR_TB_HR_TEMPLATE` (`HRT_ID`,`HRT_NAME`,`HRT_DOC_ID`,`HRT_TRA_ID`,`HRT_IS_DEFAULT`, `HRT_XSLT`) values (1260,'DEFAULT',118,null,1,LOAD_FILE('/opt/HR_templates/1260.xsl'));

insert into `ETR_TB_EXTRACTION_CONFIG`(`DE_ID`,`DE_KEY`,`DE_XPATH`,`TRA_DOC_ID`) values (1,'JMS_TITLE','//*:DocumentBundle/*:Title',13);
insert into `ETR_TB_EXTRACTION_CONFIG`(`DE_ID`,`DE_KEY`,`DE_XPATH`,`TRA_DOC_ID`) values (2,'JMS_BUSINESS_DOC_TYPE','//*:DocumentBundle/*:BusinessDocumentType',13);
insert into `ETR_TB_EXTRACTION_CONFIG`(`DE_ID`,`DE_KEY`,`DE_XPATH`,`TRA_DOC_ID`) values (3,'JMS_USER_ID','//*:DocumentBundle/*:UserID',13);


Insert into `ETR_TB_SERVICE_ENDPOINT` (`ID`,`NAME`) values (1,'etrustExSubmitSoapEndpoint');
Insert into `ETR_TB_SERVICE_ENDPOINT` (`ID`,`NAME`) values (2,'etrustExWrapperSoapEndpoint');
Insert into `ETR_TB_SERVICE_ENDPOINT` (`ID`,`NAME`) values (3,'etrustExReadSoapEndpoint');

-- INSERT INTO `QRTZ2_TRIGGERS` (`SCHED_NAME`,`TRIGGER_NAME`,`TRIGGER_GROUP`,`JOB_NAME`,`JOB_GROUP`,`DESCRIPTION`,`NEXT_FIRE_TIME`,`PREV_FIRE_TIME`,`PRIORITY`,`TRIGGER_STATE`,`TRIGGER_TYPE`,`START_TIME`,`END_TIME`,`CALENDAR_NAME`,`MISFIRE_INSTR`) values ('quartzScheduler1','monitoringTrigger','DEFAULT','monitoringJob','myGroup',null,1543554000000,-1,5,'WAITING','CRON',1543498029000,0,null,0);
-- INSERT INTO `QRTZ2_TRIGGERS` (`SCHED_NAME`,`TRIGGER_NAME`,`TRIGGER_GROUP`,`JOB_NAME`,`JOB_GROUP`,`DESCRIPTION`,`NEXT_FIRE_TIME`,`PREV_FIRE_TIME`,`PRIORITY`,`TRIGGER_STATE`,`TRIGGER_TYPE`,`START_TIME`,`END_TIME`,`CALENDAR_NAME`,`MISFIRE_INSTR`) values ('quartzScheduler1','retentionTrigger','DEFAULT','retentionJob','myGroup',null,1543552200000,-1,5,'WAITING','CRON',1543498029000,0,null,0);
--
-- INSERT INTO `QRTZ2_CRON_TRIGGERS` (`SCHED_NAME`,`TRIGGER_NAME`,`TRIGGER_GROUP`,`CRON_EXPRESSION`,`TIME_ZONE_ID`) values ('quartzScheduler1','retentionTrigger','DEFAULT','0 30 5 1/1 * ? *','Europe/Luxembourg');
-- INSERT INTO `QRTZ2_CRON_TRIGGERS` (`SCHED_NAME`,`TRIGGER_NAME`,`TRIGGER_GROUP`,`CRON_EXPRESSION`,`TIME_ZONE_ID`) values ('quartzScheduler1','monitoringTrigger','DEFAULT','0 0 6 * * ?','Europe/Luxembourg');
--
-- INSERT INTO `QRTZ2_JOB_DETAILS` (`SCHED_NAME`,`JOB_NAME`,`JOB_GROUP`,`DESCRIPTION`,`JOB_CLASS_NAME`,`IS_DURABLE`,`IS_NONCONCURRENT`,`IS_UPDATE_DATA`,`REQUESTS_RECOVERY`) values ('quartzScheduler1','retentionJob','myGroup',null,'eu.europa.ec.etrustex.integration.task.RetentionPolicyTask','1','0','0','1');
-- INSERT INTO `QRTZ2_JOB_DETAILS` (`SCHED_NAME`,`JOB_NAME`,`JOB_GROUP`,`DESCRIPTION`,`JOB_CLASS_NAME`,`IS_DURABLE`,`IS_NONCONCURRENT`,`IS_UPDATE_DATA`,`REQUESTS_RECOVERY`) values ('quartzScheduler1','monitoringJob','myGroup',null,'eu.europa.ec.etrustex.integration.task.MonitoringTask','1','0','0','1');
--
-- INSERT INTO `QRTZ2_LOCKS` (`SCHED_NAME`,`LOCK_NAME`) values ('quartzScheduler1','TRIGGER_ACCESS');
-- INSERT INTO `QRTZ2_LOCKS` (`SCHED_NAME`,`LOCK_NAME`) values ('quartzScheduler1','STATE_ACCESS');
--
-- INSERT INTO `QRTZ2_SCHEDULER_STATE` (`SCHED_NAME`,`INSTANCE_NAME`,`LAST_CHECKIN_TIME`,`CHECKIN_INTERVAL`) values ('quartzScheduler1','wlts0422.cc.cec.eu.int1543478985935',1543503322295,7500);
-- INSERT INTO `QRTZ2_SCHEDULER_STATE` (`SCHED_NAME`,`INSTANCE_NAME`,`LAST_CHECKIN_TIME`,`CHECKIN_INTERVAL`) values ('quartzScheduler1','wltdig07.cc.cec.eu.int1543498029738',1543503320591,7500);
-- INSERT INTO `QRTZ2_SCHEDULER_STATE` (`SCHED_NAME`,`INSTANCE_NAME`,`LAST_CHECKIN_TIME`,`CHECKIN_INTERVAL`) values ('quartzScheduler1','wltdig07.cc.cec.eu.int1543497549234',1543503327541,7500);

COMMIT;
