-- //////////////////////////////////////////////////////
-- The following data is used to configure the platform
-- to be able to send messages
-- //////////////////////////////////////////////////////

USE etrustex;

-- ********USER********
Insert into `CPA_TB_USER` (`CUS_ID`, `CUS_NAME`, `CUS_PASSW`, `CRE_DT`, `CRE_ID`, `MOD_DT`, `MOD_ID`) values (1,'testadm','xVDYTmzbnHUvbAn4qWmxyev8frs=',null,null,null,null);
Insert into `CPA_TB_USER` (`CUS_ID`, `CUS_NAME`, `CUS_PASSW`, `CRE_DT`, `CRE_ID`, `MOD_DT`, `MOD_ID`) values (-1,'admin','0DPiKuNIrrVmD8IUCuw1hQxNqZc',null,null,null,null);

-- ********USER RIGHTS********
Insert into `CPA_TB_USER_RIGHTS` (`CUR_ID`, `CUR_BUD_ID`, `CUR_PTY_ID`, `CUR_URR_ID`, `CUR_USR_ID`, `CRE_DT`, `CRE_ID`, `MOD_DT`, `MOD_ID`) values (1,null,null,1,1,null,null,null,null);


-- ********CREDENTIALS********
INSERT INTO `ETR_TB_CREDENTIALS` (`CRED_ID`, `CRE_DT`, `CRE_ID`, `MOD_DT`, `MOD_ID`, `CRED_CERT`, `CRED_PASSW`, `CRED_USER`, `CRED_SIG_REQUIRED`, `CRED_PASSW_ENCRYPTED`, `CRED_TYPE`) VALUES (1,'2013-02-12 10:23:46','orazisa','2013-02-12 10:23:46','orazisa',NULL,'XdbmKreEyIZzAoT3Thye6i1HKIs=','TestUserTwo',0,1, 'PARTY');
INSERT INTO `ETR_TB_CREDENTIALS` (`CRED_ID`, `CRE_DT`, `CRE_ID`, `MOD_DT`, `MOD_ID`, `CRED_CERT`, `CRED_PASSW`, `CRED_USER`, `CRED_SIG_REQUIRED`, `CRED_PASSW_ENCRYPTED`, `CRED_TYPE`) VALUES (2,'2013-02-12 10:28:05','orazisa','2013-02-12 10:28:05','orazisa',NULL,'1/UyUBqn7faep4iBHw9Y+L9lIi8=','TestUserOne',0,1, 'PARTY');
INSERT INTO `ETR_TB_CREDENTIALS` (`CRED_ID`, `CRE_DT`, `CRE_ID`, `MOD_DT`, `MOD_ID`, `CRED_CERT`, `CRED_PASSW`, `CRED_USER`, `CRED_SIG_REQUIRED`, `CRED_PASSW_ENCRYPTED`, `CRED_TYPE`) VALUES (3,'2013-02-12 10:28:05','orazisa','2013-02-12 10:28:05','orazisa',NULL,'w4Zq4dTkB3ejrG7a11SlMq1he+Y=','TestThirdParty',0,1, 'PARTY');
INSERT INTO `ETR_TB_CREDENTIALS` (`CRED_ID`, `CRE_DT`, `CRE_ID`, `MOD_DT`, `MOD_ID`, `CRED_CERT`, `CRED_PASSW`, `CRED_USER`, `CRED_SIG_REQUIRED`, `CRED_PASSW_ENCRYPTED`, `CRED_TYPE`) VALUES (4,'2013-02-12 10:28:05','orazisa','2013-02-12 10:28:05','orazisa',NULL,'8hBJw2p/z5w+WvwvUMZuQzBSfXg=','TestBundlePartyOne',0,1, 'PARTY');
INSERT INTO `ETR_TB_CREDENTIALS` (`CRED_ID`, `CRE_DT`, `CRE_ID`, `MOD_DT`, `MOD_ID`, `CRED_CERT`, `CRED_PASSW`, `CRED_USER`, `CRED_SIG_REQUIRED`, `CRED_PASSW_ENCRYPTED`, `CRED_TYPE`) VALUES (5,'2013-02-12 10:28:05','orazisa','2013-02-12 10:28:05','orazisa',NULL,'PKlhbg5WzZwUcjohzv3B6dpmUbs=','TestBundlePartyTwo',0,1, 'PARTY');
INSERT INTO `ETR_TB_CREDENTIALS` (`CRED_ID`, `CRE_DT`, `CRE_ID`, `MOD_DT`, `MOD_ID`, `CRED_CERT`, `CRED_PASSW`, `CRED_USER`, `CRED_SIG_REQUIRED`, `CRED_PASSW_ENCRYPTED`, `CRED_TYPE`) VALUES (6,'2013-02-12 10:28:05','orazisa','2013-02-12 10:28:05','orazisa',NULL,'9a1j+qydHp3X+BvOF/jWTgN/F1c=','TRUSTUSR1 ',0,1, 'PARTY');
INSERT INTO `ETR_TB_CREDENTIALS` (`CRED_ID`, `CRE_DT`, `CRE_ID`, `MOD_DT`, `MOD_ID`, `CRED_CERT`, `CRED_PASSW`, `CRED_USER`, `CRED_SIG_REQUIRED`, `CRED_PASSW_ENCRYPTED`, `CRED_TYPE`) VALUES (7,'2013-02-12 10:28:05','orazisa','2013-02-12 10:28:05','orazisa',NULL,'9a1j+qydHp3X+BvOF/jWTgN/F1c=','TRUSTBCK1',0,1, 'PARTY');
INSERT INTO `ETR_TB_CREDENTIALS` (`CRED_ID`, `CRE_DT`, `CRE_ID`, `MOD_DT`, `MOD_ID`, `CRED_CERT`, `CRED_PASSW`, `CRED_USER`, `CRED_SIG_REQUIRED`, `CRED_PASSW_ENCRYPTED`, `CRED_TYPE`) VALUES (8,'2013-02-12 10:28:05','orazisa','2013-02-12 10:28:05','orazisa',NULL,'9a1j+qydHp3X+BvOF/jWTgN/F1c=','TRUSTUSR6',0,1, 'PARTY');
INSERT INTO `ETR_TB_CREDENTIALS` (`CRED_ID`, `CRE_DT`, `CRE_ID`, `MOD_DT`, `MOD_ID`, `CRED_CERT`, `CRED_PASSW`, `CRED_USER`, `CRED_SIG_REQUIRED`, `CRED_PASSW_ENCRYPTED`, `CRED_TYPE`) VALUES (9,'2013-02-12 10:28:05','orazisa','2013-02-12 10:28:05','orazisa',NULL,'9a1j+qydHp3X+BvOF/jWTgN/F1c=','TRUSTBCK6',0,1, 'PARTY');
INSERT INTO `ETR_TB_CREDENTIALS` (`CRED_ID`, `CRE_DT`, `CRE_ID`, `MOD_DT`, `MOD_ID`, `CRED_CERT`, `CRED_PASSW`, `CRED_USER`, `CRED_SIG_REQUIRED`, `CRED_PASSW_ENCRYPTED`, `CRED_TYPE`) VALUES (10,'2013-02-12 10:28:05','orazisa','2013-02-12 10:28:05','orazisa',NULL,'JMS2013','JMSUser',0,0, 'PARTY');
INSERT INTO `ETR_TB_CREDENTIALS` (`CRED_ID`, `CRE_DT`, `CRE_ID`, `MOD_DT`, `MOD_ID`, `CRED_CERT`, `CRED_PASSW`, `CRED_USER`, `CRED_SIG_REQUIRED`, `CRED_PASSW_ENCRYPTED`, `CRED_TYPE`) VALUES (11,'2013-02-12 10:28:05','orazisa','2013-02-12 10:28:05','orazisa',NULL,'aJ2BFzwpje8jMk6Xw7tIMaZKjso=','AS2ADAPTER',0,1, 'PARTY');
INSERT INTO `ETR_TB_CREDENTIALS` (`CRED_ID`, `CRE_DT`, `CRE_ID`, `MOD_DT`, `MOD_ID`, `CRED_CERT`, `CRED_PASSW`, `CRED_USER`, `CRED_SIG_REQUIRED`, `CRED_PASSW_ENCRYPTED`, `CRED_TYPE`) VALUES (12,'2013-02-12 10:28:05','orazisa','2013-02-12 10:28:05','orazisa',NULL,'ljvwCC+Wr/k8MQ/YQKMnggeeKo4=','SP1_USER',0,1, 'PARTY');


-- ********PARTY********
INSERT INTO `ETR_TB_PARTY` (`PTY_ID`, `CRE_DT`, `CRE_ID`, `MOD_DT`, `MOD_ID`, `PTY_PARTY_NAME`, `PTY_CRED_ID`, `PTY_THIRD_PTY_FL`, `PTY_BUSINESS_DOMAIN`) VALUES (1,'2013-02-12 10:23:46','orazisa','2013-02-12 10:23:46','orazisa','Test Party two',1,0, 3);
INSERT INTO `ETR_TB_PARTY` (`PTY_ID`, `CRE_DT`, `CRE_ID`, `MOD_DT`, `MOD_ID`, `PTY_PARTY_NAME`, `PTY_CRED_ID`, `PTY_THIRD_PTY_FL`, `PTY_BUSINESS_DOMAIN`) VALUES (2,'2013-02-12 10:28:05','orazisa','2013-02-12 10:28:05','orazisa','Test Party One',2,0, 3);
INSERT INTO `ETR_TB_PARTY` (`PTY_ID`, `CRE_DT`, `CRE_ID`, `MOD_DT`, `MOD_ID`, `PTY_PARTY_NAME`, `PTY_CRED_ID`, `PTY_THIRD_PTY_FL`, `PTY_BUSINESS_DOMAIN`) VALUES (3,'2013-02-12 10:28:05','orazisa','2013-02-12 10:28:05','orazisa','Test Third Party',3,1, 3);
INSERT INTO `ETR_TB_PARTY` (`PTY_ID`, `CRE_DT`, `CRE_ID`, `MOD_DT`, `MOD_ID`, `PTY_PARTY_NAME`, `PTY_CRED_ID`, `PTY_THIRD_PTY_FL`, `PTY_BUSINESS_DOMAIN`) VALUES (4,'2013-02-12 10:28:05','orazisa','2013-02-12 10:28:05','orazisa','Test Bundle PartyOne',4,0, 3);
INSERT INTO `ETR_TB_PARTY` (`PTY_ID`, `CRE_DT`, `CRE_ID`, `MOD_DT`, `MOD_ID`, `PTY_PARTY_NAME`, `PTY_CRED_ID`, `PTY_THIRD_PTY_FL`, `PTY_BUSINESS_DOMAIN`) VALUES (5,'2013-02-12 10:28:05','orazisa','2013-02-12 10:28:05','orazisa','Test Bundle PartyTwo',5,0, 3);
INSERT INTO `ETR_TB_PARTY` (`PTY_ID`, `CRE_DT`, `CRE_ID`, `MOD_DT`, `MOD_ID`, `PTY_PARTY_NAME`, `PTY_CRED_ID`, `PTY_THIRD_PTY_FL`, `PTY_BUSINESS_DOMAIN`) VALUES (6,'2013-02-12 10:28:05','orazisa','2013-02-12 10:28:05','orazisa','TRUSTSUPPARTY1',6,0, 1);
INSERT INTO `ETR_TB_PARTY` (`PTY_ID`, `CRE_DT`, `CRE_ID`, `MOD_DT`, `MOD_ID`, `PTY_PARTY_NAME`, `PTY_CRED_ID`, `PTY_THIRD_PTY_FL`, `PTY_BUSINESS_DOMAIN`) VALUES (7,'2013-02-12 10:28:05','orazisa','2013-02-12 10:28:05','orazisa','TRUSTCUSTPARTY1',7,0, 1);
INSERT INTO `ETR_TB_PARTY` (`PTY_ID`, `CRE_DT`, `CRE_ID`, `MOD_DT`, `MOD_ID`, `PTY_PARTY_NAME`, `PTY_CRED_ID`, `PTY_THIRD_PTY_FL`, `PTY_BUSINESS_DOMAIN`) VALUES (8,'2013-02-12 10:28:05','orazisa','2013-02-12 10:28:05','orazisa','TRUSTSUPPARTY6',8,0, 1);
INSERT INTO `ETR_TB_PARTY` (`PTY_ID`, `CRE_DT`, `CRE_ID`, `MOD_DT`, `MOD_ID`, `PTY_PARTY_NAME`, `PTY_CRED_ID`, `PTY_THIRD_PTY_FL`, `PTY_BUSINESS_DOMAIN`) VALUES (9,'2013-02-12 10:28:05','orazisa','2013-02-12 10:28:05','orazisa','TRUSTCUSTPARTY6',9,0, 1);
INSERT INTO `ETR_TB_PARTY` (`PTY_ID`, `CRE_DT`, `CRE_ID`, `MOD_DT`, `MOD_ID`, `PTY_PARTY_NAME`, `PTY_CRED_ID`, `PTY_THIRD_PTY_FL`, `PTY_BUSINESS_DOMAIN`) VALUES (10,'2013-02-12 10:28:05','orazisa','2013-02-12 10:28:05','orazisa','AS2ADAPTER_PARTY',11,1, 1);
INSERT INTO `ETR_TB_PARTY` (`PTY_ID`, `CRE_DT`, `CRE_ID`, `MOD_DT`, `MOD_ID`, `PTY_PARTY_NAME`, `PTY_CRED_ID`, `PTY_THIRD_PTY_FL`, `PTY_BUSINESS_DOMAIN`) VALUES (11,'2013-02-12 10:28:05','orazisa','2013-02-12 10:28:05','orazisa','SP1_PARTY',12,1, 1);


-- ********CERTIFICATES********
insert into `ETR_TB_CERTIFICATE`(`CERT_ID`,`CRE_DT`,`CRE_ID`,`MOD_DT`,`MOD_ID`,`CERT_ATTRIBUTES`,`CERT_ENCODED_DATA`,`CERT_HOLDER`,`CERT_ISSUER`,`CERT_SERIAL_NR`,`CERT_SIGN_ALG`,`CERT_SIGN_VAL`,`CERT_TYPE`,`CERT_USAGE`,`CERT_VALID_TO`,`CERT_VALID_FROM`,`CERT_VERSION`, `CERT_PTY_ID`) values (1,'2013-11-19 10:36:03','ORAZISA','2013-11-19 10:36:03','ORAZISA',null,'MIIDWDCCAkCgAwIBAgIEUL880DANBgkqhkiG9w0BAQIFADBuMQswCQYDVQQGEwJC','CN = EtxWeb to NodeACC, OU = European Commission, O = DIGIT B1, S = Bruxelles, C = BE','CN = EtxWeb to NodeACC, OU = European Commission, O = DIGIT B1, S = Bruxelles, C = BE','5500762833104',null,null,'X509','KEY_ENCIPHERMENT',null,null,null, 1);
insert into `ETR_TB_CERTIFICATE`(`CERT_ID`,`CRE_DT`,`CRE_ID`,`MOD_DT`,`MOD_ID`,`CERT_ATTRIBUTES`,`CERT_ENCODED_DATA`,`CERT_HOLDER`,`CERT_ISSUER`,`CERT_SERIAL_NR`,`CERT_SIGN_ALG`,`CERT_SIGN_VAL`,`CERT_TYPE`,`CERT_USAGE`,`CERT_VALID_TO`,`CERT_VALID_FROM`,`CERT_VERSION`, `CERT_PTY_ID`) values (5,'2013-12-19 14:28:00','ventrgi','2013-12-19 14:28:00','ventrgi',null,'MIICcTCCAdqgAwIBAgIEUCoQGDANBgkqhkiG9w0BAQUFADB9MQswCQYDVQQGEwJFVTEPMA0GA1UECBMGRXVyb3BlMREwDwYDVQQHEwhCcnVzc2VsczEcMBoGA1UEChMTRXVyb3BlYW4gQ29tbWlzc2lvbjEOMAwGA1UECxMFRElHSVQxHDAaBgNVBAMTE3RydXN0Y3VzdHBhcnR5MTNjZXIwHhcNMTIwODE0MDg0NTEyWhcNMTQwODE0MDg0NTEyWjB9MQswCQYDVQQGEwJFVTEPMA0GA1UECBMGRXVyb3BlMREwDwYDVQQHEwhCcnVzc2VsczEcMBoGA1UEChMTRXVyb3BlYW4gQ29tbWlzc2lvbjEOMAwGA1UECxMFRElHSVQxHDAaBgNVBAMTE3RydXN0Y3VzdHBhcnR5MTNjZXIwgZ8wDQYJKoZIhvcNAQEBBQADgY0AMIGJAoGBAJjQEq7AWj3/Pdr4xW2pT+e6cTan63C6x46o1NYz+U7kbopMYvQIt3nxLCfC1IRcNfUQLHXnFZS0/3Wgqa9OesGGdjcnLC0UDgQMkZcfoEZtLZZFdgy3B0jybZ1gawyu+fUxFRqdkzaMdGir/JnacCIXNjgYjArMRvqX5GCtdP3nAgMBAAEwDQYJKoZIhvcNAQEFBQADgYEAU92NPTagUWrCDlIZz1YytovEMF3N/Mz2uUhqq6MsMoRjuAU39MEM5L8ok6mPspBywOWKlGTQOyDonmVGgLxkUHCEXXL70KO4/MSIT3Qbav+kExYSNIQMjDOQ/q0RPmgNi8ux9SrfXA76kC5+dLCeKBT38TaFwud1A9U3n9Rbhmk=','CN=PRIOR_USER Certificate,OU=DIGITB4,O=European Commission,L=Brussels,ST=Europe,C=EU','CN=PRIOR_USER Certificate,OU=DIGITB4,O=European Commission,L=Brussels,ST=Europe,C=EU','1111111111',null,null,'X509','KEY_ENCIPHERMENT',null,null,null, 2);
insert into `ETR_TB_CERTIFICATE`(`CERT_ID`,`CRE_DT`,`CRE_ID`,`MOD_DT`,`MOD_ID`,`CERT_ATTRIBUTES`,`CERT_ENCODED_DATA`,`CERT_HOLDER`,`CERT_ISSUER`,`CERT_SERIAL_NR`,`CERT_SIGN_ALG`,`CERT_SIGN_VAL`,`CERT_TYPE`,`CERT_USAGE`,`CERT_VALID_TO`,`CERT_VALID_FROM`,`CERT_VERSION`, `CERT_PTY_ID`) values (6,'2013-12-19 14:28:00','ventrgi','2013-12-19 14:28:00','ventrgi',null,'MIIB2DCCAZagAwIBAgIJAIzINQCEuuJxMAsGByqGSM44BAEFADAxMQswCQYDVQQGEwJCRTEQMA4GA1UEBxMHQnJ1c3NlbDEQMA4GA1UEAxMHZS1QUklPUjAeFw0xMjA2MjcxMjQwNDhaFw0xMjA3MDcxMjQwNDhaMDExCzAJBgNVBAYTAkJFMRAwDgYDVQQHEwdCcnVzc2VsMRAwDgYDVQQDEwdlLVBSSU9SMIHwMIGoBgcqhkjOOAQBMIGcAkEA/KaCzo4Syrom78z3EQ5SbbB4sF7ey80etKII864WF64B81uRpH5t9jQTxeEu0ImbzRMqzVDZkVG9xD7nN1kuFwIVAJYu3cw2nLqOuyYO5rahJtk0bjjFAkBnhHGyepz0TukaScUUfbGpqvJE8FpDTWSGkx0tFCcbnjUDC3H9c9oXkGmzLik1Yw4cIGI1TQ2iCmxBblC+eUykA0MAAkAWb7ENM08n7JdBjSYtqmiHY9YjzxgyLUB3GrLv5YNfKsgRELOoXdtz/XvQqtrclKSMXDrTDFhheBepvCH6t20fMAsGByqGSM44BAEFAAMvADAsAhQbGn/LfODAlklJ+YR+zl4J85eYVQIUEuQ3XB4xtnQ28gbdbJeNAa0KJ+4=','CN=e-PRIOR, L=Brussel, C=BE','CN=e-PRIOR, L=Brussel, C=BE','10144416436995154545',null,null,'X509','KEY_ENCIPHERMENT',null,null,null,3);
insert into `ETR_TB_CERTIFICATE`(`CERT_ID`,`CRE_DT`,`CRE_ID`,`MOD_DT`,`MOD_ID`,`CERT_ATTRIBUTES`,`CERT_ENCODED_DATA`,`CERT_HOLDER`,`CERT_ISSUER`,`CERT_SERIAL_NR`,`CERT_SIGN_ALG`,`CERT_SIGN_VAL`,`CERT_TYPE`,`CERT_USAGE`,`CERT_VALID_TO`,`CERT_VALID_FROM`,`CERT_VERSION`, `CERT_PTY_ID`) values (7,'2013-12-19 14:28:00','ventrgi','2013-12-19 14:28:00','ventrgi',null,'MIICeTCCAeKgAwIBAgIET99d3DANBgkqhkiG9w0BAQUFADCBgDELMAkGA1UEBhMCRVUxDzANBgNVBAgTBkV1cm9wZTERMA8GA1UEBxMIQnJ1c3NlbHMxHDAaBgNVBAoTE0V1cm9wZWFuIENvbW1pc3Npb24xEDAOBgNVBAsTB0RJR0lUQjQxHTAbBgNVBAMTFGVUcnVzdEV4IENlcnRpZmljYXRlMB4XDTEyMDYxODE2NTcwMFoXDTEyMDkxNjE2NTcwMFowgYAxCzAJBgNVBAYTAkVVMQ8wDQYDVQQIEwZFdXJvcGUxETAPBgNVBAcTCEJydXNzZWxzMRwwGgYDVQQKExNFdXJvcGVhbiBDb21taXNzaW9uMRAwDgYDVQQLEwdESUdJVEI0MR0wGwYDVQQDExRlVHJ1c3RFeCBDZXJ0aWZpY2F0ZTCBnzANBgkqhkiG9w0BAQEFAAOBjQAwgYkCgYEAvb5AopsAWw7cZcKomPZUTohZM6oZ9ossfoQXdlCjQiv+RtCuFO7qfZkXy9PgN8Wg15wOGPZH1uebL2qm60n3SFonZE36fkIj9+8u+6LICHghMX5bOSfkSqP6G8EtP70v8CUYsyh6IjPcWECx/EK5hwpLRaM8KFAOkSGGo9cbpGkCAwEAATANBgkqhkiG9w0BAQUFAAOBgQCfdBhIM+H5ErFD7n9T5NlHq83juMAWb5obnJ7LpNmefrCIKDeA2CbOg4qhhKF4F7R/9hXSzfGmcqfzZ6Ld3GLnQR+o8tKgNgO9NioEfDj/jqUvDWkXXuuID7ox8W7xaKyQb3pSQsfm/NR3kKfFe9EEnOWvp3zIySyvaKOWBZ6ZcA==','CN=PRIOR_USER Certificate,OU=DIGITB4,O=European Commission,L=Brussels,ST=Europe,C=EU','CN=PRIOR_USER Certificate,OU=DIGITB4,O=European Commission,L=Brussels,ST=Europe,C=EU','1111111112',null,null,'X509','KEY_ENCIPHERMENT',null,null,null,4);
insert into `ETR_TB_CERTIFICATE`(`CERT_ID`,`CRE_DT`,`CRE_ID`,`MOD_DT`,`MOD_ID`,`CERT_ATTRIBUTES`,`CERT_ENCODED_DATA`,`CERT_HOLDER`,`CERT_ISSUER`,`CERT_SERIAL_NR`,`CERT_SIGN_ALG`,`CERT_SIGN_VAL`,`CERT_TYPE`,`CERT_USAGE`,`CERT_VALID_TO`,`CERT_VALID_FROM`,`CERT_VERSION`, `CERT_PTY_ID`) values (8,'2014-04-25 10:11:22','ventrgi','2014-04-25 10:11:30','ventrgi',null,'MIICgzCCAeygAwIBAgIEU1oU2zANBgkqhkiG9w0BAQUFADCBhTEfMB0GCSqGSIb3DQEJARYQQVJNRU5AQ0hPTEFLLkNPTTELMAkGA1UEBhMCQkUxETAPBgNVBAgMCEJSVVNTRUxTMRIwEAYDVQQHDAlFVFRFUkJFRUsxCzAJBgNVBAoMAkVDMQ4wDAYDVQQLDAVESUdJVDERMA8GA1UEAwwIQVJNRU5LRVkwHhcNMTQwNDI1MDc1NjE1WhcNMTkwNDI1MDc1NjE1WjCBhTEfMB0GCSqGSIb3DQEJARYQQVJNRU5AQ0hPTEFLLkNPTTELMAkGA1UEBhMCQkUxETAPBgNVBAgMCEJSVVNTRUxTMRIwEAYDVQQHDAlFVFRFUkJFRUsxCzAJBgNVBAoMAkVDMQ4wDAYDVQQLDAVESUdJVDERMA8GA1UEAwwIQVJNRU5LRVkwgZ8wDQYJKoZIhvcNAQEBBQADgY0AMIGJAoGBALFKjrH7+QEOn1TGEpONGK6bjOb3YtOYMt4pofvflgUEdcZ0QMmDqRdfMFyUFVqtaMXsFP/iRfec9fMGCKWiK/OH2a8mtlxNZKpiyVkMua2BEySAu8L3ABKVWUyARkwkG9UH1gs3qtBYGRvqkUo/DfhvOtzJmixMrIe++PtPoSOJAgMBAAEwDQYJKoZIhvcNAQEFBQADgYEAWeYtMk6tLf3PAYShlT9G6NIGOkt4J3pWWVJZ+d/Nuqyv20yS4Oxq/8Dij3dHNIov9vGp+dqHi881FXEsd7onYQNcEjXT2brm8z+EUFlJYZZSX0RhzVGG14uTXMIm5LcFb85RG6mMHGV//jeOF3/KptfmZSwUNFbLrKFeeSDOmco=','CN = ARMENKEY,OU = DIGIT,O = EC,L = ETTERBEEK,S = BRUSSELS,C = BE,E = ARMEN@CHOLAK.COM','CN = ARMENKEY,OU = DIGIT,O = EC,L = ETTERBEEK,S = BRUSSELS,C = BE,E = ARMEN@CHOLAK.COM','?53 5a 14 db','sha1RSA',null,'X509','KEY_ENCIPHERMENT','2019-04-25 10:14:47','2014-04-25 10:14:47','V3',5);
insert into `ETR_TB_CERTIFICATE`(`CERT_ID`,`CRE_DT`,`CRE_ID`,`MOD_DT`,`MOD_ID`,`CERT_ATTRIBUTES`,`CERT_ENCODED_DATA`,`CERT_HOLDER`,`CERT_ISSUER`,`CERT_SERIAL_NR`,`CERT_SIGN_ALG`,`CERT_SIGN_VAL`,`CERT_TYPE`,`CERT_USAGE`,`CERT_VALID_TO`,`CERT_VALID_FROM`,`CERT_VERSION`, `CERT_PTY_ID`) values (9,'2014-07-08 15:42:05','ventrgi','2014-07-08 15:42:05','ventrgi',null,'MIIDUDCCAjigAwIBAgIEU3xeRzANBgkqhkiG9w0BAQsFADBqMQswCQYDVQQGEwJCRTERMA8GA1UECAwIQnJ1c3NlbHMxETAPBgNVBAcMCEJydXNzZWxzMQswCQYDVQQKDAJFQzERMA8GA1UECwwIQ09NUC5SLjMxFTATBgNVBAMMDFBodSBRdXllbiBMZTAeFw0xNDA1MjEwODA4MDBaFw0xNTA1MjEwODA4MDBaMGoxCzAJBgNVBAYTAkJFMREwDwYDVQQIDAhCcnVzc2VsczERMA8GA1UEBwwIQnJ1c3NlbHMxCzAJBgNVBAoMAkVDMREwDwYDVQQLDAhDT01QLlIuMzEVMBMGA1UEAwwMUGh1IFF1eWVuIExlMIIBIjANBgkqhkiG9w0BAQEFAAOCAQ8AMIIBCgKCAQEAhNdnoyo5D/Dfg4LtbHgRGGZlpeCYX8Zpprj9DocO5XG5WIRRhgdPGAMyVTjG8Mc3A/f8DMOuf3Y6Y7egJWPfrUR+fZTDsRVLWdIrfuDpB+fNZyhmQWENggbwEzYGl9EcSOl1fGhh2dvk2B6M3chbnPQX64X1ZzlCrXSQw3H2ac//R9zuTiDVB1dGegYoNWGr4lJI9fsrckasRRCmtjidk2yHQpskrVEwtwsqzjklt4zfBpvNfdkrUuYynyrBwlYrrBS94f97TcQzMi/vXJZDyl6SPL439hhVXTYWU+jUDp3BrRc9H5DNmqj+IIOhXLmimTRRFPnNzVp2FrM9+0b+zwIDAQABMA0GCSqGSIb3DQEBCwUAA4IBAQBKBDFsxJSNC8//MHOaP1zTO69dgS2/8saoHnpZXtuQUBoaXC1DTi0jb0BV/+fRHxcXg8D6f893CFtN9tZhqSEZR0QLOBiKDh9yHgLP05dSI9RGMdvYgLF799igbyBZSnTH3T4J5dHHTNXWEYx3QC1H/vLf6RdAtghsn46Q6RqQEram/P1ZMX3DW8vanoaycbL8+E5dnGwvyp1E4bYOfVnqQT6R5mPUkDeln13YlulLvR/r1e5iFvoj64BSIE05uSjnB1HUCebN7LLviVtm59DQskyifCZBkKkpgPYydDWUgEVB6gBH6+y/vRg9XXWHHjGM7oduq9NCSAHDZs2+YXoM','CN = Phu Quyen Le,OU = COMP.R.3,O = EC,L = Brussels,S = Brussels,C = BE','CN = Phu Quyen Le,OU = COMP.R.3,O = EC,L = Brussels,S = Brussels,C = BE','?53 7c 5e 47','sha256RSA','?65 4e c4 96 5c f1 fd 04 0d 74 9a cd 00 d5 6c 98 eb 2d 31 88','X509','KEY_ENCIPHERMENT','2015-05-21 00:00:00','2014-05-21 00:00:00','V3',6);
insert into `ETR_TB_CERTIFICATE`(`CERT_ID`,`CRE_DT`,`CRE_ID`,`MOD_DT`,`MOD_ID`,`CERT_ATTRIBUTES`,`CERT_ENCODED_DATA`,`CERT_HOLDER`,`CERT_ISSUER`,`CERT_SERIAL_NR`,`CERT_SIGN_ALG`,`CERT_SIGN_VAL`,`CERT_TYPE`,`CERT_USAGE`,`CERT_VALID_TO`,`CERT_VALID_FROM`,`CERT_VERSION`, `CERT_PTY_ID`) values (22,'2013-12-19 14:28:00','ventrgi','2013-12-19 14:28:00','ventrgi',null,'MIICyTCCAjKgAwIBAgIEUT8fgDANBgkqhkiG9w0BAQIFADCBqDEfMB0GCSqGSIb3DQEJARYQYXJtZW5AY2hvbGFrLmNvbTELMAkGA1UEBhMCQkUxETAPBgNVBAgMCEJSVVNTRUxTMRIwEAYDVQQHDAlFVFRFUkJFRUsxHDAaBgNVBAoME0VVUk9QRUFOIENPTU1JU1NJT04xETAPBgNVBAsMCERJR0lUIEIxMSAwHgYDVQQDDBdMRVZFTCAyIENPTkZJREVOVElBTElUWTAeFw0xMzAzMTIxMjI5NThaFw0xNDAzMTIxMjI5NThaMIGoMR8wHQYJKoZIhvcNAQkBFhBhcm1lbkBjaG9sYWsuY29tMQswCQYDVQQGEwJCRTERMA8GA1UECAwIQlJVU1NFTFMxEjAQBgNVBAcMCUVUVEVSQkVFSzEcMBoGA1UECgwTRVVST1BFQU4gQ09NTUlTU0lPTjERMA8GA1UECwwIRElHSVQgQjExIDAeBgNVBAMMF0xFVkVMIDIgQ09ORklERU5USUFMSVRZMIGfMA0GCSqGSIb3DQEBAQUAA4GNADCBiQKBgQCCCiMBpAQ4wsqAdMNMCmivLmcXg9BKU2SExzexrEY5qI0Geg689Bx+djalJ52wAaDkc54icV3kMEuB2DZjR7TDAwGWQuiCgt2eTUlspM09s7SxvouZnKWramY6W/cqq/pRGFTKlmqZnvXEThMbz+vm/wZloHAoXYulsXwfqE4YGwIDAQABMA0GCSqGSIb3DQEBAgUAA4GBAD2uHdjC4g9HbNHa/TVd+4K0pjnk0bTCP+XbnASI2h3ksbCz7WLkzKj4Ksj0+CouMBAuiYqgQruzZA6YdZ/znSEL62jDFZRL2IBRuUmpREWLCR55TBfaUEkh4ZlgVLNbYpeLElXaVUWLqRlyolNwYWP6oMsal3Q19u+jOsvCgnPS','CN = LEVEL 2 CONFIDENTIALITY, OU = DIGIT B1, O = EUROPEAN COMMISSION, L = ETTERBEEK, S = BRUSSELS, C = BE, E = armen@cholak.com','CN = LEVEL 2 CONFIDENTIALITY, OU = DIGIT B1, O = EUROPEAN COMMISSION, L = ETTERBEEK, S = BRUSSELS, C = BE, E = armen@cholak.com','?51 3f 1f 80',null,null,'X509','KEY_ENCIPHERMENT',null,null,null,7);
insert into `ETR_TB_CERTIFICATE`(`CERT_ID`,`CRE_DT`,`CRE_ID`,`MOD_DT`,`MOD_ID`,`CERT_ATTRIBUTES`,`CERT_ENCODED_DATA`,`CERT_HOLDER`,`CERT_ISSUER`,`CERT_SERIAL_NR`,`CERT_SIGN_ALG`,`CERT_SIGN_VAL`,`CERT_TYPE`,`CERT_USAGE`,`CERT_VALID_TO`,`CERT_VALID_FROM`,`CERT_VERSION`, `CERT_PTY_ID`) values (23,'2013-12-19 14:28:00','ventrgi','2013-12-19 14:28:00','ventrgi',null,'MIIDWDCCAkCgAwIBAgIEUAlKFjANBgkqhkiG9w0BAQUFADBuMQswCQYDVQQGEwJCRTERMA8GA1UECBMIQnJ1c3NlbHMxETAPBgNVBAcTCEJydXNzZWxzMQswCQYDVQQKEwJFQzERMA8GA1UECxMIQ09NUC5SLjMxGTAXBgNVBAMTEFJhdnNoYW4gS2hhbWlkb3YwHhcNMTIwNzIwMTIwNzUwWhcNMTQwNzIwMTIwNzUwWjBuMQswCQYDVQQGEwJCRTERMA8GA1UECBMIQnJ1c3NlbHMxETAPBgNVBAcTCEJydXNzZWxzMQswCQYDVQQKEwJFQzERMA8GA1UECxMIQ09NUC5SLjMxGTAXBgNVBAMTEFJhdnNoYW4gS2hhbWlkb3YwggEiMA0GCSqGSIb3DQEBAQUAA4IBDwAwggEKAoIBAQCfu0YEMS2ny7CHElTC9v30vj7KOGlUUm3rYShlj8YOWVG+QMFqLOqGw8WDUhdTmKgThQZWESF7tSBeAV/8WXbHRQBPs/UCIxlauV4kLbxOXiGDJO+QP8RwFOjdwL9amnRZwU8GT2JIz4IQ5ct5A0+cw5VbT+w9SIPP91WEpgsW0wXLFLJ8Qhfro+TnFCgCy8Lo3wGYArAss/71i8rWg+PsnYIPWhuBoODB9dIawfgQGo+34xw5PfhyB+ycUqyvWtVaKXr3Qeovy+fL+vywhV2Nfig/5Ke+nGoE1dVh1D0ZO8sGurq8xo5LKlMwQlHqa0BisIozwAS4j/TiXDlw0PXZAgMBAAEwDQYJKoZIhvcNAQEFBQADggEBAAX16hfzoc8+q16dGBxrDSxOFkbhAQThliuVT7lT+ddiHrDHqp/L/WKzl7fUD3VAmE0OEcYs9/1fNQRqDm6QNsTw5LPoV27RfDk750VlGfkuMtz/enLXZATNC/8Vij/E3EsOqZVXFdBZVh864HzVzRkJGGCoPPsRQjcaeeMEh8Phbf8Gi/kldCzhjUf92ycZgSYgjwY/OR/2WWupWvhWLVaXklDvoAXieu5TIRti5SqtuJMGRZYvrmTo9KyMJxhDNmKKGxOyg1tSGNAS9ASYemzFMO+cQBPPT/Uy4EItt4dqt2XCLzU/3xpZlRB30WMtwgSIlH48NJ22ahw2ru45BqY=','CN=Ravshan Khamidov, OU=COMP.R.3, O=EC, L=Brussels, ST=Brussels, C=BE','CN=Ravshan Khamidov, OU=COMP.R.3, O=EC, L=Brussels, ST=Brussels, C=BE','1342786070',null,null,'X509','KEY_ENCIPHERMENT',null,null,null,8);
insert into `ETR_TB_CERTIFICATE`(`CERT_ID`,`CRE_DT`,`CRE_ID`,`MOD_DT`,`MOD_ID`,`CERT_ATTRIBUTES`,`CERT_ENCODED_DATA`,`CERT_HOLDER`,`CERT_ISSUER`,`CERT_SERIAL_NR`,`CERT_SIGN_ALG`,`CERT_SIGN_VAL`,`CERT_TYPE`,`CERT_USAGE`,`CERT_VALID_TO`,`CERT_VALID_FROM`,`CERT_VERSION`, `CERT_PTY_ID`) values (24,'2013-12-19 14:28:00','ventrgi','2013-12-19 14:28:00','ventrgi',null,'MIIDVjCCAj6gAwIBAgIEUAllMDANBgkqhkiG9w0BAQUFADBtMQswCQYDVQQGEwJCRTERMA8GA1UECBMIQnJ1c3NlbHMxETAPBgNVBAcTCEJydXNzZWxzMQswCQYDVQQKEwJFQzERMA8GA1UECxMIQ09NUC5SLjMxGDAWBgNVBAMTD1JvYmVydG8gQXRpZW56YTAeFw0xMjA3MjAxNDAzMjhaFw0xNDA3MjAxNDAzMjhaMG0xCzAJBgNVBAYTAkJFMREwDwYDVQQIEwhCcnVzc2VsczERMA8GA1UEBxMIQnJ1c3NlbHMxCzAJBgNVBAoTAkVDMREwDwYDVQQLEwhDT01QLlIuMzEYMBYGA1UEAxMPUm9iZXJ0byBBdGllbnphMIIBIjANBgkqhkiG9w0BAQEFAAOCAQ8AMIIBCgKCAQEAmt4O2udut1Us8eJHX/pVc1z8cpLmEK77s/e8dBhU17t3pph2QhmH/ZAvOp45nkAwdk4uzYiuEP6S+SCUWPp2IxsWtO7+A2ngzzTcpib9Ug1pif70u2hB2tVKRSR7cWgtonu/KaZ3RqIHpX0QYFy3+2SuwARxC1mElZXpjPUFC9pPGWspYJLXVTzOWxMVAGna+GMImXJTHZmRrGxQgJHKZumL2vJJ8x5AsvNnVC0cTDF5maUdMfqTukUUn6Zcx+sMlC3ji/h9q2b9426FLrodKII3D+3ZmfxbvpDRZ9g/nZeP57z/rd+WuP15WfBVuUdO1ArbNWNLvvArJwjLFOcuQIDAQABMA0GCSqGSIb3DQEBBQUAA4IBAQCB7fLhAzgKz2ZmYGsZJeADCyp7Y693NyV+6tFRWupwkG8GLLw9GxswS00/T2WJz1dmlhFDV2XiNAQSwlL2CfgNEnD7MpMSZOJzGXnFlprCLp8VE5nhZ6/y2DkUxdG0LaiZAR4ji+4Kq94NS6ML6BF5plVr+ToQoVJIiYgcWYk6eu1WCjBiQ5BhMJ3Lum/VCjoPt58jHoFJ9xxcqv/YICzXedHzIWujr/q3yG00BqhX/bb1NCGfoqkl8QVi7t0UeInaJQHsTh2jl2QcH2xM1q7OUojI31dMygqBbGyE2khako97UH6u0iWJL8lVwyO74wfC1MFcTGBfQ6XmIaSVq/I4','CN=Roberto Atienza, OU=COMP.R.3, O=EC, L=Brussels, ST=Brussels, C=BE','CN=Roberto Atienza, OU=COMP.R.3, O=EC, L=Brussels, ST=Brussels, C=BE','1342793008',null,null,'X509','KEY_ENCIPHERMENT',null,null,null,9);
insert into `ETR_TB_CERTIFICATE`(`CERT_ID`,`CRE_DT`,`CRE_ID`,`MOD_DT`,`MOD_ID`,`CERT_ATTRIBUTES`,`CERT_ENCODED_DATA`,`CERT_HOLDER`,`CERT_ISSUER`,`CERT_SERIAL_NR`,`CERT_SIGN_ALG`,`CERT_SIGN_VAL`,`CERT_TYPE`,`CERT_USAGE`,`CERT_VALID_TO`,`CERT_VALID_FROM`,`CERT_VERSION`, `CERT_PTY_ID`) values (25,'2013-12-19 14:28:00','ventrgi','2013-12-19 14:28:00','ventrgi',null,'MIIBszCCARygAwIBAgIECTDpiTANBgkqhkiG9w0BAQUFADAeMRwwGgYDVQQDExNUZXN0IENBIENlcnRpZmljYXRlMB4XDTEyMDgwOTExMDgxMVoXDTEyMDgyNzExNDg0MFowHjEcMBoGA1UEAxMTVGVzdCBDQSBDZXJ0aWZpY2F0ZTCBnzANBgkqhkiG9w0BAQEFAAOBjQAwgYkCgYEAgPqAZ8b2D+ZPhg1XD6So8XbJ/SatqoQANrimQCDxz5aASJByqHyV4SLrliimYL9xfU/O0ua1h0j9bs8Hw96gzr9RwtVqZAUqd8K9+VQqWMT4ZLp2hK/QxXs9keDVVA5lzw94ut5i5zVwjE1E7HMfpuUXrpi349HStMm5wl/I9a0CAwEAATANBgkqhkiG9w0BAQUFAAOBgQBkv2zAlum4ZRwNOxEs6LFzKcIHJ9MfokyV9PpWWug7SW78lx2YHjU8w1uv/9kA9OjS/tu7iH4E5khK9/1hem24eMP0ZRK0pQo1NNZkQyOQIczRqs7lLb12sL7NQjK1ufsjKlv/d1JwfVFRomUG9UrIQARBt0LtoxqCSrYfaGFJNw==','CN = Test CA Certificate','CN = Test CA Certificate','1343655662',null,null,'X509','KEY_ENCIPHERMENT',null,null,null,10);
insert into `ETR_TB_CERTIFICATE`(`CERT_ID`,`CRE_DT`,`CRE_ID`,`MOD_DT`,`MOD_ID`,`CERT_ATTRIBUTES`,`CERT_ENCODED_DATA`,`CERT_HOLDER`,`CERT_ISSUER`,`CERT_SERIAL_NR`,`CERT_SIGN_ALG`,`CERT_SIGN_VAL`,`CERT_TYPE`,`CERT_USAGE`,`CERT_VALID_TO`,`CERT_VALID_FROM`,`CERT_VERSION`, `CERT_PTY_ID`) values (26,'2013-12-19 14:28:00','ventrgi','2013-12-19 14:28:00','ventrgi',null,'MIIDVjCCAj6gAwIBAgIEUCz3FDANBgkqhkiG9w0BAQUFADBtMQswCQYDVQQGEwJCRTERMA8GA1UECBMIQnJ1c3NlbHMxETAPBgNVBAcTCEJydXNzZWxzMQswCQYDVQQKEwJFQzEQMA4GA1UECxMHQ09NUC5SMzEZMBcGA1UEAxMQUmF2c2hhbiBLaGFtaWRvdjAeFw0xMjA4MTYxMzM1MTZaFw0xNDA4MTYxMzM1MTZaMG0xCzAJBgNVBAYTAkJFMREwDwYDVQQIEwhCcnVzc2VsczERMA8GA1UEBxMIQnJ1c3NlbHMxCzAJBgNVBAoTAkVDMRAwDgYDVQQLEwdDT01QLlIzMRkwFwYDVQQDExBSYXZzaGFuIEtoYW1pZG92MIIBIjANBgkqhkiG9w0BAQEFAAOCAQ8AMIIBCgKCAQEAideuk42Wr5E5VzZ/UOKJDXSeABNpOreKYZy7E1Eu5HHZSlr3bdvgY24ejZG+5qrybF1jVymYIKuJildRXmgbnBNX2fmarFwgYsCGlUcp0rQ0RMWKC6c10JZWmHn4AdGenmz3reUJ/rBDmfkSBa1GkClvydaOfWE9jRrtJUHQy3vWX9UJ3PqLwZmlOQKvmQEetm1/XkU0Ksbr97K/7Za5r+z6nXmFsdYyNmKMTXiaBjxoLdG2MxVq94UhtDY3mCHzOVGQF3QymBOqCCebV+7hjrPaOWz8CKXsc7gXFtzN9Rz6V51yGG2JJqYxSnAn9+dwkc3ermwDJldEgLh38XcrxwIDAQABMA0GCSqGSIb3DQEBBQUAA4IBAQA3+nZNMtLO1+QgaTW4ltyclvSiIiZi6ibr5wsr2Ftg70bIJ4AJX3/r8PxfB0Pws8JZwW3neWATc3srb5PrnHb5OOf+Hv087KqliFWduk/Bs5OQ71rWsQwPHML4A99BKveM68DGSfWrcuIaWOCUbg8Pe1YrdPZSSF+6losEkUQMZz3NMfttdUhMQLjUtSWHndK/DGlEn8HSXvH7oOg/Rp19jEYeBqdeo49XJtOXEE/hAaQWGz7ezUUmp+W9xAGQGGd1yxUwEPItedVjnxM6GedUeb1D5YWgwAFBvFoxcjReYxKdsj5KbXeSW+vggwgy40b2vyD9RD5lTGvET1EEbz3v','CN=Ravshan Khamidov, OU=COMP.R3, O=EC, L=Brussels, ST=Brussels, C=BE','CN=Ravshan Khamidov, OU=COMP.R3, O=EC, L=Brussels, ST=Brussels, C=BE','201208091329',null,null,'X509','KEY_ENCIPHERMENT',null,null,null,11);


-- ********PARTY_ID********
INSERT INTO `ETR_TB_PARTY_ID` (`PID_ID`, `CRE_DT`, `CRE_ID`, `MOD_DT`, `MOD_ID`, `PID_IDENTIFIER_SCHEME`, `PID_IDENTIFIER_VALUE`, `PID_PTY_ID`) VALUES (1,'2013-02-12 10:23:46','orazisa','2013-02-12 10:23:46','orazisa','GLN','000886688001',1);
INSERT INTO `ETR_TB_PARTY_ID` (`PID_ID`, `CRE_DT`, `CRE_ID`, `MOD_DT`, `MOD_ID`, `PID_IDENTIFIER_SCHEME`, `PID_IDENTIFIER_VALUE`, `PID_PTY_ID`) VALUES (2,'2013-02-12 10:28:05','orazisa','2013-02-12 10:28:05','orazisa','GLN','000886688002',2);
INSERT INTO `ETR_TB_PARTY_ID` (`PID_ID`, `CRE_DT`, `CRE_ID`, `MOD_DT`, `MOD_ID`, `PID_IDENTIFIER_SCHEME`, `PID_IDENTIFIER_VALUE`, `PID_PTY_ID`) VALUES (3,'2013-02-12 10:28:05','orazisa','2013-02-12 10:28:05','orazisa','GLN','000886688004',3);
INSERT INTO `ETR_TB_PARTY_ID` (`PID_ID`, `CRE_DT`, `CRE_ID`, `MOD_DT`, `MOD_ID`, `PID_IDENTIFIER_SCHEME`, `PID_IDENTIFIER_VALUE`, `PID_PTY_ID`) VALUES (4,'2013-02-12 10:28:05','orazisa','2013-02-12 10:28:05','orazisa','GLN','000886688005',4);
INSERT INTO `ETR_TB_PARTY_ID` (`PID_ID`, `CRE_DT`, `CRE_ID`, `MOD_DT`, `MOD_ID`, `PID_IDENTIFIER_SCHEME`, `PID_IDENTIFIER_VALUE`, `PID_PTY_ID`) VALUES (5,'2013-02-12 10:28:05','orazisa','2013-02-12 10:28:05','orazisa','EC_LEF','155879966532',5);
INSERT INTO `ETR_TB_PARTY_ID` (`PID_ID`, `CRE_DT`, `CRE_ID`, `MOD_DT`, `MOD_ID`, `PID_IDENTIFIER_SCHEME`, `PID_IDENTIFIER_VALUE`, `PID_PTY_ID`) VALUES (6,'2013-02-12 10:28:05','orazisa','2013-02-12 10:28:05','orazisa','GLN','TRUSTSUPPARTY1',6);
INSERT INTO `ETR_TB_PARTY_ID` (`PID_ID`, `CRE_DT`, `CRE_ID`, `MOD_DT`, `MOD_ID`, `PID_IDENTIFIER_SCHEME`, `PID_IDENTIFIER_VALUE`, `PID_PTY_ID`) VALUES (7,'2013-02-12 10:28:05','orazisa','2013-02-12 10:28:05','orazisa','GLN','TRUSTCUSTPARTY1',7);
INSERT INTO `ETR_TB_PARTY_ID` (`PID_ID`, `CRE_DT`, `CRE_ID`, `MOD_DT`, `MOD_ID`, `PID_IDENTIFIER_SCHEME`, `PID_IDENTIFIER_VALUE`, `PID_PTY_ID`) VALUES (8,'2013-02-12 10:28:05','orazisa','2013-02-12 10:28:05','orazisa','GLN','TRUSTSUPPARTY6',8);
INSERT INTO `ETR_TB_PARTY_ID` (`PID_ID`, `CRE_DT`, `CRE_ID`, `MOD_DT`, `MOD_ID`, `PID_IDENTIFIER_SCHEME`, `PID_IDENTIFIER_VALUE`, `PID_PTY_ID`) VALUES (9,'2013-02-12 10:28:05','orazisa','2013-02-12 10:28:05','orazisa','GLN','TRUSTCUSTPARTY6',9);
INSERT INTO `ETR_TB_PARTY_ID` (`PID_ID`, `CRE_DT`, `CRE_ID`, `MOD_DT`, `MOD_ID`, `PID_IDENTIFIER_SCHEME`, `PID_IDENTIFIER_VALUE`, `PID_PTY_ID`) VALUES (10,'2013-02-12 10:28:05','orazisa','2013-02-12 10:28:05','orazisa','GLN','AS2ADAPTER_PARTY',10);
INSERT INTO `ETR_TB_PARTY_ID` (`PID_ID`, `CRE_DT`, `CRE_ID`, `MOD_DT`, `MOD_ID`, `PID_IDENTIFIER_SCHEME`, `PID_IDENTIFIER_VALUE`, `PID_PTY_ID`) VALUES (11,'2013-02-12 10:28:05','orazisa','2013-02-12 10:28:05','orazisa','GLN','SP1_PARTY',11);

-- ********PARTY_AGREEMENT********
INSERT INTO `ETR_TB_PARTYAGREEMENT` (`PAG_ID`, `CRE_DT`, `CRE_ID`, `MOD_DT`, `MOD_ID`, `PAG_AUTH_PTY_ID`, `PAG_DEL_PTY_ID`) VALUES (1,'2013-02-25 00:00:00','orazisa','2013-02-25 00:00:00','orazisa',2,3);
INSERT INTO `ETR_TB_PARTYAGREEMENT` (`PAG_ID`, `CRE_DT`, `CRE_ID`, `MOD_DT`, `MOD_ID`, `PAG_AUTH_PTY_ID`, `PAG_DEL_PTY_ID`) VALUES (2,'2013-02-25 00:00:00','orazisa','2013-02-25 00:00:00','orazisa',6,10);
INSERT INTO `ETR_TB_PARTYAGREEMENT` (`PAG_ID`, `CRE_DT`, `CRE_ID`, `MOD_DT`, `MOD_ID`, `PAG_AUTH_PTY_ID`, `PAG_DEL_PTY_ID`) VALUES (3,'2013-02-25 00:00:00','orazisa','2013-02-25 00:00:00','orazisa',7,11);

-- ********PARTY_ROLE********
INSERT INTO `ETR_TB_PARTY_ROLE` (`PAR_ID`, `CRE_DT`, `CRE_ID`, `MOD_DT`, `MOD_ID`, `PAR_PTY_ID`, `PAR_ROL_ID`) VALUES (1,'2013-02-12 10:29:24','orazisa','2013-02-12 10:29:24','orazisa',1,2);
INSERT INTO `ETR_TB_PARTY_ROLE` (`PAR_ID`, `CRE_DT`, `CRE_ID`, `MOD_DT`, `MOD_ID`, `PAR_PTY_ID`, `PAR_ROL_ID`) VALUES (2,'2013-02-12 10:29:24','orazisa','2013-02-12 10:29:24','orazisa',2,1);
INSERT INTO `ETR_TB_PARTY_ROLE` (`PAR_ID`, `CRE_DT`, `CRE_ID`, `MOD_DT`, `MOD_ID`, `PAR_PTY_ID`, `PAR_ROL_ID`) VALUES (3,'2013-02-12 10:29:24','orazisa','2013-02-12 10:29:24','orazisa',3,5);
INSERT INTO `ETR_TB_PARTY_ROLE` (`PAR_ID`, `CRE_DT`, `CRE_ID`, `MOD_DT`, `MOD_ID`, `PAR_PTY_ID`, `PAR_ROL_ID`) VALUES (4,'2013-02-12 10:29:24','orazisa','2013-02-12 10:29:24','orazisa',4,6);
INSERT INTO `ETR_TB_PARTY_ROLE` (`PAR_ID`, `CRE_DT`, `CRE_ID`, `MOD_DT`, `MOD_ID`, `PAR_PTY_ID`, `PAR_ROL_ID`) VALUES (5,'2013-02-12 10:29:24','orazisa','2013-02-12 10:29:24','orazisa',5,6);
INSERT INTO `ETR_TB_PARTY_ROLE` (`PAR_ID`, `CRE_DT`, `CRE_ID`, `MOD_DT`, `MOD_ID`, `PAR_PTY_ID`, `PAR_ROL_ID`) VALUES (6,'2013-02-12 10:29:24','orazisa','2013-02-12 10:29:24','orazisa',6,6);
INSERT INTO `ETR_TB_PARTY_ROLE` (`PAR_ID`, `CRE_DT`, `CRE_ID`, `MOD_DT`, `MOD_ID`, `PAR_PTY_ID`, `PAR_ROL_ID`) VALUES (7,'2013-02-12 10:29:24','orazisa','2013-02-12 10:29:24','orazisa',7,6);
INSERT INTO `ETR_TB_PARTY_ROLE` (`PAR_ID`, `CRE_DT`, `CRE_ID`, `MOD_DT`, `MOD_ID`, `PAR_PTY_ID`, `PAR_ROL_ID`) VALUES (8,'2013-02-12 10:29:24','orazisa','2013-02-12 10:29:24','orazisa',8,6);
INSERT INTO `ETR_TB_PARTY_ROLE` (`PAR_ID`, `CRE_DT`, `CRE_ID`, `MOD_DT`, `MOD_ID`, `PAR_PTY_ID`, `PAR_ROL_ID`) VALUES (9,'2013-02-12 10:29:24','orazisa','2013-02-12 10:29:24','orazisa',9,6);
INSERT INTO `ETR_TB_PARTY_ROLE` (`PAR_ID`, `CRE_DT`, `CRE_ID`, `MOD_DT`, `MOD_ID`, `PAR_PTY_ID`, `PAR_ROL_ID`) VALUES (10,'2013-02-12 10:29:24','orazisa','2013-02-12 10:29:24','orazisa',6,1);
INSERT INTO `ETR_TB_PARTY_ROLE` (`PAR_ID`, `CRE_DT`, `CRE_ID`, `MOD_DT`, `MOD_ID`, `PAR_PTY_ID`, `PAR_ROL_ID`) VALUES (11,'2013-02-12 10:29:24','orazisa','2013-02-12 10:29:24','orazisa',7,2);
INSERT INTO `ETR_TB_PARTY_ROLE` (`PAR_ID`, `CRE_DT`, `CRE_ID`, `MOD_DT`, `MOD_ID`, `PAR_PTY_ID`, `PAR_ROL_ID`) VALUES (12,'2013-02-12 10:29:24','orazisa','2013-02-12 10:29:24','orazisa',6,4);
INSERT INTO `ETR_TB_PARTY_ROLE` (`PAR_ID`, `CRE_DT`, `CRE_ID`, `MOD_DT`, `MOD_ID`, `PAR_PTY_ID`, `PAR_ROL_ID`) VALUES (13,'2013-02-12 10:29:24','orazisa','2013-02-12 10:29:24','orazisa',7,4);

-- ********ICA********

INSERT INTO `ETR_TB_INTERCHANGE_AGR` (`ICA_ID`, `CRE_DT`, `CRE_ID`, `MOD_DT`, `MOD_ID`, `ICA_PRO_ID`, `ICA_VAL_START_DT`, `INT_CIA_ID`) VALUES (1,'2013-02-12 10:28:50','orazisa','2013-02-12 10:28:50','orazisa',3,NULL,NULL);
INSERT INTO `ETR_TB_INTERCHANGE_AGR` (`ICA_ID`, `CRE_DT`, `CRE_ID`, `MOD_DT`, `MOD_ID`, `ICA_PRO_ID`, `ICA_VAL_START_DT`, `INT_CIA_ID`) VALUES (2,'2013-02-12 10:28:50','orazisa','2013-02-12 10:28:50','orazisa',1,NULL,NULL);
INSERT INTO `ETR_TB_INTERCHANGE_AGR` (`ICA_ID`, `CRE_DT`, `CRE_ID`, `MOD_DT`, `MOD_ID`, `ICA_PRO_ID`, `ICA_VAL_START_DT`, `INT_CIA_ID`) VALUES (3,'2013-02-12 10:28:50','orazisa','2013-02-12 10:28:50','orazisa',3,NULL,NULL);
INSERT INTO `ETR_TB_INTERCHANGE_AGR` (`ICA_ID`, `CRE_DT`, `CRE_ID`, `MOD_DT`, `MOD_ID`, `ICA_PRO_ID`, `ICA_VAL_START_DT`, `INT_CIA_ID`) VALUES (4,'2013-02-12 10:28:50','orazisa','2013-02-12 10:28:50','orazisa',3,NULL,NULL);
INSERT INTO `ETR_TB_INTERCHANGE_AGR` (`ICA_ID`, `CRE_DT`, `CRE_ID`, `MOD_DT`, `MOD_ID`, `ICA_PRO_ID`, `ICA_VAL_START_DT`, `INT_CIA_ID`) VALUES (5,'2013-02-12 10:28:50','orazisa','2013-02-12 10:28:50','orazisa',3,NULL,NULL);
INSERT INTO `ETR_TB_INTERCHANGE_AGR` (`ICA_ID`, `CRE_DT`, `CRE_ID`, `MOD_DT`, `MOD_ID`, `ICA_PRO_ID`, `ICA_VAL_START_DT`, `INT_CIA_ID`) VALUES (6,'2013-02-12 10:28:50','orazisa','2013-02-12 10:28:50','orazisa',3,NULL,NULL);
INSERT INTO `ETR_TB_INTERCHANGE_AGR` (`ICA_ID`, `CRE_DT`, `CRE_ID`, `MOD_DT`, `MOD_ID`, `ICA_PRO_ID`, `ICA_VAL_START_DT`, `INT_CIA_ID`) VALUES (7,'2013-02-12 10:28:50','orazisa','2013-02-12 10:28:50','orazisa',3,NULL,NULL);
INSERT INTO `ETR_TB_INTERCHANGE_AGR` (`ICA_ID`, `CRE_DT`, `CRE_ID`, `MOD_DT`, `MOD_ID`, `ICA_PRO_ID`, `ICA_VAL_START_DT`, `INT_CIA_ID`) VALUES (8,'2013-02-12 10:28:50','orazisa','2013-02-12 10:28:50','orazisa',3,NULL,NULL);
INSERT INTO `ETR_TB_INTERCHANGE_AGR` (`ICA_ID`, `CRE_DT`, `CRE_ID`, `MOD_DT`, `MOD_ID`, `ICA_PRO_ID`, `ICA_VAL_START_DT`, `INT_CIA_ID`) VALUES (9,'2013-02-12 10:28:50','orazisa','2013-02-12 10:28:50','orazisa',3,NULL,NULL);
INSERT INTO `ETR_TB_INTERCHANGE_AGR` (`ICA_ID`, `CRE_DT`, `CRE_ID`, `MOD_DT`, `MOD_ID`, `ICA_PRO_ID`, `ICA_VAL_START_DT`, `INT_CIA_ID`) VALUES (10,'2013-02-12 10:28:50','orazisa','2013-02-12 10:28:50','orazisa',8,NULL,NULL);
INSERT INTO `ETR_TB_INTERCHANGE_AGR` (`ICA_ID`, `CRE_DT`, `CRE_ID`, `MOD_DT`, `MOD_ID`, `ICA_PRO_ID`, `ICA_VAL_START_DT`, `INT_CIA_ID`) VALUES (11,'2013-02-12 10:28:50','orazisa','2013-02-12 10:28:50','orazisa',12,NULL,NULL);

-- ********ICA_PARTY_ROLE********
INSERT INTO `ETR_TB_ICA_PARTYROLE` (`ICA_ID`, `PAR_ID`) VALUES (1,1);
INSERT INTO `ETR_TB_ICA_PARTYROLE` (`ICA_ID`, `PAR_ID`) VALUES (2,1);
INSERT INTO `ETR_TB_ICA_PARTYROLE` (`ICA_ID`, `PAR_ID`) VALUES (1,2);
INSERT INTO `ETR_TB_ICA_PARTYROLE` (`ICA_ID`, `PAR_ID`) VALUES (2,2);
INSERT INTO `ETR_TB_ICA_PARTYROLE` (`ICA_ID`, `PAR_ID`) VALUES (3,4);
INSERT INTO `ETR_TB_ICA_PARTYROLE` (`ICA_ID`, `PAR_ID`) VALUES (3,5);
INSERT INTO `ETR_TB_ICA_PARTYROLE` (`ICA_ID`, `PAR_ID`) VALUES (4,6);
INSERT INTO `ETR_TB_ICA_PARTYROLE` (`ICA_ID`, `PAR_ID`) VALUES (5,6);
INSERT INTO `ETR_TB_ICA_PARTYROLE` (`ICA_ID`, `PAR_ID`) VALUES (6,6);
INSERT INTO `ETR_TB_ICA_PARTYROLE` (`ICA_ID`, `PAR_ID`) VALUES (4,7);
INSERT INTO `ETR_TB_ICA_PARTYROLE` (`ICA_ID`, `PAR_ID`) VALUES (7,7);
INSERT INTO `ETR_TB_ICA_PARTYROLE` (`ICA_ID`, `PAR_ID`) VALUES (9,7);
INSERT INTO `ETR_TB_ICA_PARTYROLE` (`ICA_ID`, `PAR_ID`) VALUES (5,8);
INSERT INTO `ETR_TB_ICA_PARTYROLE` (`ICA_ID`, `PAR_ID`) VALUES (7,8);
INSERT INTO `ETR_TB_ICA_PARTYROLE` (`ICA_ID`, `PAR_ID`) VALUES (8,8);
INSERT INTO `ETR_TB_ICA_PARTYROLE` (`ICA_ID`, `PAR_ID`) VALUES (6,9);
INSERT INTO `ETR_TB_ICA_PARTYROLE` (`ICA_ID`, `PAR_ID`) VALUES (8,9);
INSERT INTO `ETR_TB_ICA_PARTYROLE` (`ICA_ID`, `PAR_ID`) VALUES (9,9);
INSERT INTO `ETR_TB_ICA_PARTYROLE` (`ICA_ID`, `PAR_ID`) VALUES (10,10);
INSERT INTO `ETR_TB_ICA_PARTYROLE` (`ICA_ID`, `PAR_ID`) VALUES (10,11);
INSERT INTO `ETR_TB_ICA_PARTYROLE` (`ICA_ID`, `PAR_ID`) VALUES (11,12);
INSERT INTO `ETR_TB_ICA_PARTYROLE` (`ICA_ID`, `PAR_ID`) VALUES (11,13);

COMMIT;
