USE etrustex;

INSERT INTO `ETR_TB_CREDENTIALS` (`CRED_ID`,`CRE_DT`,`CRE_ID`,`MOD_DT`,`MOD_ID`,`CRED_CERT`,`CRED_PASSW`,`CRED_PASSW_ENCRYPTED`,`CRED_SIG_REQUIRED`,`CRED_USER`,`CRED_TYPE`,`CRED_SALTED`,`IV`) VALUES (13,'2019-12-05 13:39:12','testadm',NULL,NULL,NULL,'$2a$12$.49qORzRbdzy0DeXMXsVouOafYrwXNJm46t6lXHaF.hcV014SM2VC',1,0,'OpenSourceGUI1','PARTY',1,NULL);
INSERT INTO `ETR_TB_CREDENTIALS` (`CRED_ID`,`CRE_DT`,`CRE_ID`,`MOD_DT`,`MOD_ID`,`CRED_CERT`,`CRED_PASSW`,`CRED_PASSW_ENCRYPTED`,`CRED_SIG_REQUIRED`,`CRED_USER`,`CRED_TYPE`,`CRED_SALTED`,`IV`) VALUES (14,'2019-12-05 13:39:51','testadm',NULL,NULL,NULL,'$2a$12$PIUkoUa0ByFlXXZ1KXVvlOw0FIXFaA1ZxA0a7birOq6HjYUoZOv7O',1,0,'OpenSourceGUI2','PARTY',1,NULL);
INSERT INTO `ETR_TB_CREDENTIALS` (`CRED_ID`,`CRE_DT`,`CRE_ID`,`MOD_DT`,`MOD_ID`,`CRED_CERT`,`CRED_PASSW`,`CRED_PASSW_ENCRYPTED`,`CRED_SIG_REQUIRED`,`CRED_USER`,`CRED_TYPE`,`CRED_SALTED`,`IV`) VALUES (15,'2019-12-05 11:34:42','testadm',NULL,NULL,NULL,'ETX-NODE-SERVICE-PWD',0,0,'ETX-NODE-SERVICE-USER','WS',0,NULL);
INSERT INTO `ETR_TB_CREDENTIALS` (`CRED_ID`,`CRE_DT`,`CRE_ID`,`MOD_DT`,`MOD_ID`,`CRED_CERT`,`CRED_PASSW`,`CRED_PASSW_ENCRYPTED`,`CRED_SIG_REQUIRED`,`CRED_USER`,`CRED_TYPE`,`CRED_SALTED`,`IV`) VALUES (16,'2019-12-05 11:47:25','testadm',NULL,NULL,NULL,'ETX-NODE-SERVICE-PWD',0,0,'ETX-NODE-SERVICE-USER','WS',0,NULL);

INSERT INTO `ETR_TB_PARTY` (`PTY_ID`,`CRE_DT`,`CRE_ID`,`MOD_DT`,`MOD_ID`,`PTY_PARTY_NAME`,`PTY_THIRD_PTY_FL`,`PTY_BUSINESS_DOMAIN`,`PTY_CRED_ID`,`PTY_NATURAL_PERS_FL`) VALUES (12,'2019-12-05 11:17:38','testadm',NULL,NULL,'OpenSourceGUI1',0,3,13,0);
INSERT INTO `ETR_TB_PARTY` (`PTY_ID`,`CRE_DT`,`CRE_ID`,`MOD_DT`,`MOD_ID`,`PTY_PARTY_NAME`,`PTY_THIRD_PTY_FL`,`PTY_BUSINESS_DOMAIN`,`PTY_CRED_ID`,`PTY_NATURAL_PERS_FL`) VALUES (13,'2019-12-05 11:18:40','testadm',NULL,NULL,'OpenSourceGUI2',0,3,14,0);

INSERT INTO `ETR_TB_PARTY_ID` (`PID_ID`,`CRE_DT`,`CRE_ID`,`MOD_DT`,`MOD_ID`,`PID_IDENTIFIER_SCHEME`,`PID_IDENTIFIER_VALUE`,`PID_PTY_ID`) VALUES (12,'2019-12-05 11:17:38','testadm',NULL,NULL,'GLN','OpenSourceGUI1',12);
INSERT INTO `ETR_TB_PARTY_ID` (`PID_ID`,`CRE_DT`,`CRE_ID`,`MOD_DT`,`MOD_ID`,`PID_IDENTIFIER_SCHEME`,`PID_IDENTIFIER_VALUE`,`PID_PTY_ID`) VALUES (13,'2019-12-05 11:18:40','testadm',NULL,NULL,'GLN','OpenSourceGUI2',13);

INSERT INTO `ETR_TB_PARTY_ROLE` (`PAR_ID`,`CRE_DT`,`CRE_ID`,`MOD_DT`,`MOD_ID`,`PAR_PTY_ID`,`PAR_ROL_ID`) VALUES (14,'2019-12-05 11:19:42','testadm','2019-12-05 11:19:42',NULL,13,6);
INSERT INTO `ETR_TB_PARTY_ROLE` (`PAR_ID`,`CRE_DT`,`CRE_ID`,`MOD_DT`,`MOD_ID`,`PAR_PTY_ID`,`PAR_ROL_ID`) VALUES (15,'2019-12-05 11:19:42','testadm','2019-12-05 11:19:42',NULL,12,6);

INSERT INTO `ETR_TB_INTERCHANGE_AGR` (`ICA_ID`,`CRE_DT`,`CRE_ID`,`MOD_DT`,`MOD_ID`,`ICA_VAL_START_DT`,`INT_CIA_ID`,`ICA_PRO_ID`) VALUES (12,'2019-12-05 11:19:42','testadm','2019-12-05 11:19:42',NULL,'2019-12-05 00:00:00',2,3);

INSERT INTO `ETR_TB_ICA_PARTYROLE` (`ICA_ID`,`PAR_ID`) VALUES (12,14);
INSERT INTO `ETR_TB_ICA_PARTYROLE` (`ICA_ID`,`PAR_ID`) VALUES (12,15);

INSERT INTO `ETR_TB_ENDPOINT` (`EDP_ID`,`EDP_ACTIVE_FLAG`,`EDP_PROXY_HOST`,`EDP_PROXY_PORT`,`EDP_USE_PROXY`,`EDP_CRED_ID`,`EDP_ICA_ID`,`EDP_PTY_ID`,`EDP_PRO_ID`,`EDP_PROXY_CRED_ID`,`EDP_TRA_ID`,`EDP_BD_ID`,`CRE_DT`,`CRE_ID`,`MOD_DT`,`MOD_ID`) VALUES (1,1,'',NULL,0,15,NULL,13,NULL,NULL,8,3,'2019-12-05 11:34:42','testadm','2019-12-05 11:34:42',NULL);
INSERT INTO `ETR_TB_ENDPOINT` (`EDP_ID`,`EDP_ACTIVE_FLAG`,`EDP_PROXY_HOST`,`EDP_PROXY_PORT`,`EDP_USE_PROXY`,`EDP_CRED_ID`,`EDP_ICA_ID`,`EDP_PTY_ID`,`EDP_PRO_ID`,`EDP_PROXY_CRED_ID`,`EDP_TRA_ID`,`EDP_BD_ID`,`CRE_DT`,`CRE_ID`,`MOD_DT`,`MOD_ID`) VALUES (2,1,'',NULL,0,16,NULL,13,NULL,NULL,3,3,'2019-12-05 11:47:25','testadm','2019-12-05 11:47:25',NULL);
INSERT INTO `ETR_TB_ENDPOINT` (`EDP_ID`,`EDP_ACTIVE_FLAG`,`EDP_PROXY_HOST`,`EDP_PROXY_PORT`,`EDP_USE_PROXY`,`EDP_CRED_ID`,`EDP_ICA_ID`,`EDP_PTY_ID`,`EDP_PRO_ID`,`EDP_PROXY_CRED_ID`,`EDP_TRA_ID`,`EDP_BD_ID`,`CRE_DT`,`CRE_ID`,`MOD_DT`,`MOD_ID`) VALUES (3,1,'',NULL,0,15,NULL,12,NULL,NULL,8,3,'2019-12-05 11:51:54','testadm','2019-12-05 11:51:54',NULL);
INSERT INTO `ETR_TB_ENDPOINT` (`EDP_ID`,`EDP_ACTIVE_FLAG`,`EDP_PROXY_HOST`,`EDP_PROXY_PORT`,`EDP_USE_PROXY`,`EDP_CRED_ID`,`EDP_ICA_ID`,`EDP_PTY_ID`,`EDP_PRO_ID`,`EDP_PROXY_CRED_ID`,`EDP_TRA_ID`,`EDP_BD_ID`,`CRE_DT`,`CRE_ID`,`MOD_DT`,`MOD_ID`) VALUES (4,1,'',NULL,0,16,NULL,12,NULL,NULL,3,3,'2019-12-05 11:52:49','testadm','2019-12-05 11:52:49',NULL);

INSERT INTO `ETR_TB_ENDPOINT_WS` (`EDP_WS_REQUIRE_SIGNED_RESP_FL`,`EDP_WS_SING_FL`,`EDP_WS_URL`,`ID`) VALUES (0,0,'http://10.5.0.3:8080/e-trustex/integration/services/node/DocumentBundleService/v2.0',1);
INSERT INTO `ETR_TB_ENDPOINT_WS` (`EDP_WS_REQUIRE_SIGNED_RESP_FL`,`EDP_WS_SING_FL`,`EDP_WS_URL`,`ID`) VALUES (0,0,'http://10.5.0.3:8080/e-trustex/integration/services/node/ApplicationResponseService/v2.0',2);
INSERT INTO `ETR_TB_ENDPOINT_WS` (`EDP_WS_REQUIRE_SIGNED_RESP_FL`,`EDP_WS_SING_FL`,`EDP_WS_URL`,`ID`) VALUES (0,0,'http://10.5.0.3:8080/e-trustex/integration/services/node/DocumentBundleService/v2.0',3);
INSERT INTO `ETR_TB_ENDPOINT_WS` (`EDP_WS_REQUIRE_SIGNED_RESP_FL`,`EDP_WS_SING_FL`,`EDP_WS_URL`,`ID`) VALUES (0,0,'http://10.5.0.3:8080/e-trustex/integration/services/node/ApplicationResponseService/v2.0',4);

COMMIT;
