-- ========================================
-- Sets environment-dependent DB parameters
-- environment: ACC
-- ========================================
-- SYSTEMS
INSERT INTO ETX_WEB_SYSTEM (SYS_ID, SYS_USERNAME, SYS_PASSWORD, SYS_COMMENT)
VALUES (1, 'e-TrustExWeb', 'e-TrustExWeb', 'eTrustEx Web platform')
/

-- PARTIES
INSERT INTO ETX_WEB_PARTY (PAR_ID, PAR_EMAIL, PAR_INSTITUTION, PAR_NAME, PAR_REF_ID, PAR_CAN_SEND, PAR_STANDARD_VIEW, SYS_ID)
VALUES (1, null, 'EGREFFE', 'EGREFFE-APP-PARTY', 'EGREFFE-APP-PARTY', 0, 1, null)
/

INSERT INTO ETX_WEB_PARTY (PAR_ID, PAR_EMAIL, PAR_INSTITUTION, PAR_NAME, PAR_REF_ID, PAR_CAN_SEND, PAR_STANDARD_VIEW, SYS_ID)
VALUES (2, 'TEST1-EGREFFE-WEB-PARTY@europa.eu', 'EGREFFE', 'TEST1-EGREFFE-WEB-PARTY', 'TEST1-EGREFFE-WEB-PARTY', 0, 1, 1)
/

INSERT INTO ETX_WEB_PARTY (PAR_ID, PAR_EMAIL, PAR_INSTITUTION, PAR_NAME, PAR_REF_ID, PAR_CAN_SEND, PAR_STANDARD_VIEW, SYS_ID)
VALUES (3, 'TEST2-EGREFFE-WEB-PARTY@europa.eu', 'EGREFFE', 'TEST2-EGREFFE-WEB-PARTY', 'TEST2-EGREFFE-WEB-PARTY', 0, 1, 1)
/

INSERT INTO ETX_WEB_PARTY (PAR_ID, PAR_EMAIL, PAR_INSTITUTION, PAR_NAME, PAR_REF_ID, PAR_CAN_SEND, PAR_STANDARD_VIEW, SYS_ID)
VALUES (4, 'TEST3-EGREFFE-WEB-PARTY@europa.eu', 'EGREFFE', 'TEST3-EGREFFE-WEB-PARTY', 'TEST3-EGREFFE-WEB-PARTY', 0, 1, 1)
/

INSERT INTO ETX_WEB_PARTY (PAR_ID, PAR_EMAIL, PAR_INSTITUTION, PAR_NAME, PAR_REF_ID, PAR_CAN_SEND, PAR_STANDARD_VIEW, SYS_ID)
VALUES (5, 'ETXW1-NP-PARTY@europa.eu', 'ETX', 'ETXW1-NP-PARTY', 'ETXW1-NP-PARTY', 0, 1, 1)
/

INSERT INTO ETX_WEB_PARTY (PAR_ID, PAR_EMAIL, PAR_INSTITUTION, PAR_NAME, PAR_REF_ID, PAR_CAN_SEND, PAR_STANDARD_VIEW, SYS_ID)
VALUES (6, 'ETXW2-NP-PARTY@europa.eu', 'ETX', 'ETXW2-NP-PARTY', 'ETXW2-NP-PARTY', 0, 1, 1)
/

INSERT INTO ETX_WEB_PARTY (PAR_ID, PAR_EMAIL, PAR_INSTITUTION, PAR_NAME, PAR_REF_ID, PAR_CAN_SEND, PAR_STANDARD_VIEW, SYS_ID)
VALUES (7, 'ETXW3-NP-PARTY@europa.eu', 'ETX', 'ETXW3-NP-PARTY', 'ETXW3-NP-PARTY', 0, 1, 1)
/

INSERT INTO ETX_WEB_PARTY (PAR_ID, PAR_EMAIL, PAR_INSTITUTION, PAR_NAME, PAR_REF_ID, PAR_CAN_SEND, PAR_STANDARD_VIEW, SYS_ID)
VALUES (8, null, 'EDMA', 'EDMA-APP-PARTY', 'EDMA-APP-PARTY', 1, 0, null)
/

INSERT INTO ETX_WEB_PARTY (PAR_ID, PAR_EMAIL, PAR_INSTITUTION, PAR_NAME, PAR_REF_ID, PAR_CAN_SEND, PAR_STANDARD_VIEW, SYS_ID)
VALUES (9, 'EDMA-WEB0-PARTY@europa.eu', 'EDMA', 'EDMA-WEB0-PARTY', 'EDMA-WEB0-PARTY', 1, 0, 1)
/

INSERT INTO ETX_WEB_PARTY (PAR_ID, PAR_EMAIL, PAR_INSTITUTION, PAR_NAME, PAR_REF_ID, PAR_CAN_SEND, PAR_STANDARD_VIEW, SYS_ID)
VALUES (10, 'EDMA-WEB1-PARTY@europa.eu', 'EDMA', 'EDMA-WEB1-PARTY', 'EDMA-WEB1-PARTY', 1, 0, 1)
/

INSERT INTO ETX_WEB_PARTY (PAR_ID, PAR_EMAIL, PAR_INSTITUTION, PAR_NAME, PAR_REF_ID, PAR_CAN_SEND, PAR_STANDARD_VIEW, SYS_ID)
VALUES (11, 'EDMA-WEB2-PARTY@europa.eu', 'EDMA', 'EDMA-WEB2-PARTY', 'EDMA-WEB2-PARTY', 1, 0, 1)
/

INSERT INTO ETX_WEB_PARTY (PAR_ID, PAR_EMAIL, PAR_INSTITUTION, PAR_NAME, PAR_REF_ID, PAR_CAN_SEND, PAR_STANDARD_VIEW, SYS_ID)
VALUES (12, 'EDMA-WEB3-PARTY@europa.eu', 'EDMA', 'EDMA-WEB3-PARTY', 'EDMA-WEB3-PARTY', 1, 0, 1)
/

INSERT INTO ETX_WEB_PARTY (PAR_ID, PAR_EMAIL, PAR_INSTITUTION, PAR_NAME, PAR_REF_ID, PAR_CAN_SEND, PAR_STANDARD_VIEW, SYS_ID)
VALUES (13, 'test-email@europa.eu', 'REPRESENTATION', 'FRANCE - PERMANENT REPRESENTATION', 'FRANCE - PERMANENT REPRESENTATION', 1, 0, 1)
/

INSERT INTO ETX_WEB_PARTY (PAR_ID, PAR_EMAIL, PAR_INSTITUTION, PAR_NAME, PAR_REF_ID, PAR_CAN_SEND, PAR_STANDARD_VIEW, SYS_ID)
VALUES (14, 'EDMA-WEB4-PARTY@europa.eu', 'EDMA', 'EDMA-WEB4-PARTY', 'EDMA-WEB4-PARTY', 1, 0, 1)
/

-- USERS
INSERT INTO ETX_WEB_USER (USR_ID,USR_LOGIN,USR_NAME,PAR_ID) VALUES (ETX_WEB_USRSEQ.nextval,'apladap','Apostolis Apladas',5)
/
INSERT INTO ETX_WEB_USER (USR_ID,USR_LOGIN,USR_NAME,PAR_ID) VALUES (ETX_WEB_USRSEQ.nextval,'toulyol','Olivier Touly',6)
/
INSERT INTO ETX_WEB_USER (USR_ID,USR_LOGIN,USR_NAME,PAR_ID) VALUES (ETX_WEB_USRSEQ.nextval,'cholaar','Armen Cholakian',9)
/
INSERT INTO ETX_WEB_USER (USR_ID,USR_LOGIN,USR_NAME,PAR_ID) VALUES (ETX_WEB_USRSEQ.nextval,'tenapju','Juan Tena Pagan',7)
/
INSERT INTO ETX_WEB_USER (USR_ID,USR_LOGIN,USR_NAME,PAR_ID) VALUES (ETX_WEB_USRSEQ.nextval,'atienro','Roberto ATIENZA',10)
/
INSERT INTO ETX_WEB_USER (USR_ID,USR_LOGIN,USR_NAME,PAR_ID) VALUES (ETX_WEB_USRSEQ.nextval,'arranda ','David ARRANZ',11)
/
INSERT INTO ETX_WEB_USER (USR_ID,USR_LOGIN,USR_NAME,PAR_ID) VALUES (ETX_WEB_USRSEQ.nextval,'khamira','Ravshan KHAMIDOV',12)
/
INSERT INTO ETX_WEB_USER (USR_ID,USR_LOGIN,USR_NAME,PAR_ID) VALUES (ETX_WEB_USRSEQ.nextval,'lesouju','Julien Lesouef',2)
/
INSERT INTO ETX_WEB_USER (USR_ID,USR_LOGIN,USR_NAME,PAR_ID) VALUES (ETX_WEB_USRSEQ.nextval,'cobosan','Ana COBOS AGUIRRE',2)
/
INSERT INTO ETX_WEB_USER (USR_ID,USR_LOGIN,USR_NAME,PAR_ID) VALUES (ETX_WEB_USRSEQ.nextval,'smetscn','Carine SMETS',2)
/
INSERT INTO ETX_WEB_USER (USR_ID,USR_LOGIN,USR_NAME,PAR_ID) VALUES (ETX_WEB_USRSEQ.nextval,'tudosra','Radu TUDOSE',2)
/
INSERT INTO ETX_WEB_USER (USR_ID,USR_LOGIN,USR_NAME,PAR_ID) VALUES (ETX_WEB_USRSEQ.nextval,'mattejo','Juan Pablo MATTENET',2)
/
INSERT INTO ETX_WEB_USER (USR_ID,USR_LOGIN,USR_NAME,PAR_ID) VALUES (ETX_WEB_USRSEQ.nextval,'albuami','Milena ALBU',2)
/
INSERT INTO ETX_WEB_USER (USR_ID,USR_LOGIN,USR_NAME,PAR_ID) VALUES (ETX_WEB_USRSEQ.nextval,'cozmami','Michael COZMA',2)
/
INSERT INTO ETX_WEB_USER (USR_ID,USR_LOGIN,USR_NAME,PAR_ID) VALUES (ETX_WEB_USRSEQ.nextval,'bourgre','Renaud BORGUET',2)
/
INSERT INTO ETX_WEB_USER (USR_ID,USR_LOGIN,USR_NAME,PAR_ID) VALUES (ETX_WEB_USRSEQ.nextval,'lietaju','Julien LIETARD',2)
/
INSERT INTO ETX_WEB_USER (USR_ID,USR_LOGIN,USR_NAME,PAR_ID) VALUES (ETX_WEB_USRSEQ.nextval,'peschbe','Benjamin PESCHET',2)
/
INSERT INTO ETX_WEB_USER (USR_ID,USR_LOGIN,USR_NAME,PAR_ID) VALUES (ETX_WEB_USRSEQ.nextval,'faraofa','Iulian-Constantin FARAON',2)
/
INSERT INTO ETX_WEB_USER (USR_ID,USR_LOGIN,USR_NAME,PAR_ID) VALUES (ETX_WEB_USRSEQ.nextval,'duprigr','Gregory DUPRIEZ',2)
/
INSERT INTO ETX_WEB_USER (USR_ID,USR_LOGIN,USR_NAME,PAR_ID) VALUES (ETX_WEB_USRSEQ.nextval,'burlefr','Frederic BURLET',2)
/
INSERT INTO ETX_WEB_USER (USR_ID,USR_LOGIN,USR_NAME,PAR_ID) VALUES (ETX_WEB_USRSEQ.nextval,'dobrecn','Cristian DOBRE',2)
/
INSERT INTO ETX_WEB_USER (USR_ID,USR_LOGIN,USR_NAME,PAR_ID) VALUES (ETX_WEB_USRSEQ.nextval,'aristna','Natalia ARISTIMUNO PEREZ',2)
/
INSERT INTO ETX_WEB_USER (USR_ID,USR_LOGIN,USR_NAME,PAR_ID) VALUES (ETX_WEB_USRSEQ.nextval,'rouxmma','Mathieu ROUX',7)
/
INSERT INTO ETX_WEB_USER (USR_ID,USR_LOGIN,USR_NAME,PAR_ID) VALUES (ETX_WEB_USRSEQ.nextval,'bertogd','Geraud BERTON', 13)
/
INSERT INTO ETX_WEB_USER (USR_ID,USR_LOGIN,USR_NAME,PAR_ID) VALUES (ETX_WEB_USRSEQ.nextval,'lairdth','LAIR-DUEE Thomas', 10)
/
INSERT INTO ETX_WEB_USER (USR_ID,USR_LOGIN,USR_NAME,PAR_ID) VALUES (ETX_WEB_USRSEQ.nextval,'castihe','CASTIAUX Herve', 14)
/
INSERT INTO ETX_WEB_USER (USR_ID,USR_LOGIN,USR_NAME,PAR_ID) VALUES (ETX_WEB_USRSEQ.nextval,'freitka','FREITHOVA Katerina', 14)
/
INSERT INTO ETX_WEB_USER (USR_ID,USR_LOGIN,USR_NAME,PAR_ID) VALUES (ETX_WEB_USRSEQ.nextval,'gyoreda','GYORE Danie', 14)
/
INSERT INTO ETX_WEB_USER (USR_ID,USR_LOGIN,USR_NAME,PAR_ID) VALUES (ETX_WEB_USRSEQ.nextval,'kamenvi','KAMENOVA Viktoriya', 14)
/
INSERT INTO ETX_WEB_USER (USR_ID,USR_LOGIN,USR_NAME,PAR_ID) VALUES (ETX_WEB_USRSEQ.nextval,'teodoan','TEODORESCU Andreea', 14)
/
INSERT INTO ETX_WEB_USER (USR_ID,USR_LOGIN,USR_NAME,PAR_ID) VALUES (ETX_WEB_USRSEQ.nextval,'lefreco','DUSSART-LEFRET Corinne', 14)
/
INSERT INTO ETX_WEB_USER (USR_ID,USR_LOGIN,USR_NAME,PAR_ID) VALUES (ETX_WEB_USRSEQ.nextval,'maesvvi','VINCENT MAES', 14)
/



-- CONFIG
INSERT INTO ETX_WEB_CONFIG (CFG_ID,CFG_PROP_NAME,CFG_PROP_VALUE) values (1,'application_url','https://webgate.acceptance.ec.europa.eu/e-trustex/')
/
INSERT INTO ETX_WEB_CONFIG (CFG_ID,CFG_PROP_NAME,CFG_PROP_VALUE) values (2,'etrustex.doc.wrapper.service.uri','https://webgate.acceptance.ec.europa.eu/e-trustexnode/DocumentWrapper-2.0')
/
INSERT INTO ETX_WEB_CONFIG (CFG_ID,CFG_PROP_NAME,CFG_PROP_VALUE) values (3,'etrustex.doc.bundle.service.uri','https://webgate.acceptance.ec.europa.eu/e-trustexnode/DocumentBundle-2.0')
/
INSERT INTO ETX_WEB_CONFIG (CFG_ID,CFG_PROP_NAME,CFG_PROP_VALUE) values (4,'etrustex.doc.agreement.service.uri','https://webgate.acceptance.ec.europa.eu/e-trustexnode/RetrieveInterchangeAgreementsRequest-2.0?wsdl')
/
INSERT INTO ETX_WEB_CONFIG (CFG_ID,CFG_PROP_NAME,CFG_PROP_VALUE) values (5,'edma.app.party','EDMA-APP-PARTY')
/
INSERT INTO ETX_WEB_CONFIG (CFG_ID,CFG_PROP_NAME,CFG_PROP_VALUE) values (6,'etrustex.doc.wrapper.service.internal.uri','https://wladig01.cc.cec.eu.int:1122/etrustex/external/DocumentWrapper-2.0')
/


