-- ========================================
-- Sets environment-dependent DB parameters
-- environment: DEV
-- ========================================
-- SYSTEMS
INSERT INTO ETX_WEB_SYSTEM (SYS_ID, SYS_USERNAME, SYS_PASSWORD, SYS_COMMENT)
VALUES (1, 'e-TrustExWeb', 'e-TrustExWeb', 'eTrustEx Web platform')
/

-- PARTIES
INSERT INTO ETX_WEB_PARTY (PAR_ID, PAR_EMAIL, PAR_INSTITUTION, PAR_NAME, PAR_REF_ID, PAR_CAN_SEND, PAR_STANDARD_VIEW, SYS_ID)
VALUES (1, null, 'EGREFFE', 'DEV-ETX-EGREFFE-APP-PARTY', 'DEV-ETX-EGREFFE-APP-PARTY', 0, 1, null)
/

INSERT INTO ETX_WEB_PARTY (PAR_ID, PAR_EMAIL, PAR_INSTITUTION, PAR_NAME, PAR_REF_ID, PAR_CAN_SEND, PAR_STANDARD_VIEW, SYS_ID)
VALUES (2, 'foo@europa.eu', 'EGREFFE', 'DEV1-ETX-EGREFFE-WEB-PARTY', 'DEV1-ETX-EGREFFE-WEB-PARTY', 0, 1, 1)
/

INSERT INTO ETX_WEB_PARTY (PAR_ID, PAR_EMAIL, PAR_INSTITUTION, PAR_NAME, PAR_REF_ID, PAR_CAN_SEND, PAR_STANDARD_VIEW, SYS_ID)
VALUES (3, 'foo@europa.eu', 'EGREFFE', 'DEV2-ETX-EGREFFE-WEB-PARTY', 'DEV2-ETX-EGREFFE-WEB-PARTY', 0, 1, 1)
/

INSERT INTO ETX_WEB_PARTY (PAR_ID, PAR_EMAIL, PAR_INSTITUTION, PAR_NAME, PAR_REF_ID, PAR_CAN_SEND, PAR_STANDARD_VIEW, SYS_ID)
VALUES (4, 'foo@europa.eu', 'EGREFFE', 'DEV3-ETX-EGREFFE-WEB-PARTY', 'DEV3-ETX-EGREFFE-WEB-PARTY', 0, 1, 1)
/

INSERT INTO ETX_WEB_PARTY (PAR_ID, PAR_EMAIL, PAR_INSTITUTION, PAR_NAME, PAR_REF_ID, PAR_CAN_SEND, PAR_STANDARD_VIEW, SYS_ID)
VALUES (5, null, 'EDMA', 'EDMA-APP-PARTY', 'DEV-ETX-EDMA-APP-PARTY', 1, 0, null)
/

INSERT INTO ETX_WEB_PARTY (PAR_ID, PAR_EMAIL, PAR_INSTITUTION, PAR_NAME, PAR_REF_ID, PAR_CAN_SEND, PAR_STANDARD_VIEW, SYS_ID)
VALUES (6, 'foo@europa.eu', 'EDMA', 'DEV-ETX-ARMEN-PARTY', 'DEV-ETX-ARMEN-PARTY', 1, 0, 1)
/

INSERT INTO ETX_WEB_PARTY (PAR_ID, PAR_EMAIL, PAR_INSTITUTION, PAR_NAME, PAR_REF_ID, PAR_CAN_SEND, PAR_STANDARD_VIEW, SYS_ID)
VALUES (7, 'foo@europa.eu', 'EDMA', 'DEV-ETX-TOLIS-PARTY', 'DEV-ETX-TOLIS-PARTY', 1, 0, 1)
/

INSERT INTO ETX_WEB_PARTY (PAR_ID, PAR_EMAIL, PAR_INSTITUTION, PAR_NAME, PAR_REF_ID, PAR_CAN_SEND, PAR_STANDARD_VIEW, SYS_ID)
VALUES (8, 'foo@europa.eu', 'EDMA', 'DEV-ETX-ALEX-PARTY', 'DEV-ETX-ALEX-PARTY', 1, 0, 1)
/

INSERT INTO ETX_WEB_PARTY (PAR_ID, PAR_EMAIL, PAR_INSTITUTION, PAR_NAME, PAR_REF_ID, PAR_CAN_SEND, PAR_STANDARD_VIEW, SYS_ID)
VALUES (9, 'foo@europa.eu', 'EDMA', 'DEV-ETX-JUAN-PARTY', 'DEV-ETX-JUAN-PARTY', 1, 0, 1)
/

-- USERS
INSERT INTO ETX_WEB_USER (USR_ID,USR_LOGIN,USR_NAME,PAR_ID) VALUES (ETX_WEB_USRSEQ.nextval,'dev1egreffe1','DEV 1 EGREFFE 1',2)
/
INSERT INTO ETX_WEB_USER (USR_ID,USR_LOGIN,USR_NAME,PAR_ID) VALUES (ETX_WEB_USRSEQ.nextval,'dev2egreffe1','DEV 2 EGREFFE 1',3)
/
INSERT INTO ETX_WEB_USER (USR_ID,USR_LOGIN,USR_NAME,PAR_ID) VALUES (ETX_WEB_USRSEQ.nextval,'dev3egreffe1','DEV 3 EGREFFE 1',4)
/
INSERT INTO ETX_WEB_USER (USR_ID,USR_LOGIN,USR_NAME,PAR_ID) VALUES (ETX_WEB_USRSEQ.nextval,'armenedma1','ARMEN EDMA 1',6)
/
INSERT INTO ETX_WEB_USER (USR_ID,USR_LOGIN,USR_NAME,PAR_ID) VALUES (ETX_WEB_USRSEQ.nextval,'armenedma2','ARMEN EDMA 2',6)
/
INSERT INTO ETX_WEB_USER (USR_ID,USR_LOGIN,USR_NAME,PAR_ID) VALUES (ETX_WEB_USRSEQ.nextval,'armenedma3','ARMEN EDMA 3',6)
/
INSERT INTO ETX_WEB_USER (USR_ID,USR_LOGIN,USR_NAME,PAR_ID) VALUES (ETX_WEB_USRSEQ.nextval,'armenedma4','ARMEN EDMA 4',6)
/
INSERT INTO ETX_WEB_USER (USR_ID,USR_LOGIN,USR_NAME,PAR_ID) VALUES (ETX_WEB_USRSEQ.nextval,'armenedma5','ARMEN EDMA 5',6)
/
INSERT INTO ETX_WEB_USER (USR_ID,USR_LOGIN,USR_NAME,PAR_ID) VALUES (ETX_WEB_USRSEQ.nextval,'armenedma6','ARMEN EDMA 6',6)
/
INSERT INTO ETX_WEB_USER (USR_ID,USR_LOGIN,USR_NAME,PAR_ID) VALUES (ETX_WEB_USRSEQ.nextval,'tolisedma1','TOLIS EDMA 1',7)
/
INSERT INTO ETX_WEB_USER (USR_ID,USR_LOGIN,USR_NAME,PAR_ID) VALUES (ETX_WEB_USRSEQ.nextval,'tolisedma2','TOLIS EDMA 2',7)
/
INSERT INTO ETX_WEB_USER (USR_ID,USR_LOGIN,USR_NAME,PAR_ID) VALUES (ETX_WEB_USRSEQ.nextval,'juanedma1','JUAN EDMA 1',9)
/
INSERT INTO ETX_WEB_USER (USR_ID,USR_LOGIN,USR_NAME,PAR_ID) VALUES (ETX_WEB_USRSEQ.nextval,'juanedma2','JUAN EDMA 2',9)
/
INSERT INTO ETX_WEB_USER (USR_ID,USR_LOGIN,USR_NAME,PAR_ID) VALUES (ETX_WEB_USRSEQ.nextval,'datacenterscanuser','DATA CENTER',9)
/
INSERT INTO ETX_WEB_USER (USR_ID,USR_LOGIN,USR_NAME,PAR_ID) VALUES (ETX_WEB_USRSEQ.nextval,'micleva','Valer Micle',7)
/

-- CONFIG
INSERT INTO ETX_WEB_CONFIG (CFG_ID,CFG_PROP_NAME,CFG_PROP_VALUE) values (1,'application_url','https://webgate.development.ec.europa.eu/e-trustex/')
/
INSERT INTO ETX_WEB_CONFIG (CFG_ID,CFG_PROP_NAME,CFG_PROP_VALUE) values (2, 'etrustex.doc.wrapper.service.uri', 'https://webgate.test.ec.europa.eu/e-trustexnode/DocumentWrapper-2.0')
/
INSERT INTO ETX_WEB_CONFIG (CFG_ID,CFG_PROP_NAME,CFG_PROP_VALUE) values (3,'etrustex.doc.bundle.service.uri','https://webgate.test.ec.europa.eu/e-trustexnode/DocumentBundle-2.0')
/
INSERT INTO ETX_WEB_CONFIG (CFG_ID,CFG_PROP_NAME,CFG_PROP_VALUE) values (4,'etrustex.doc.agreement.service.uri','https://webgate.test.ec.europa.eu/e-trustexnode/RetrieveInterchangeAgreementsRequest-2.0')
/
INSERT INTO ETX_WEB_CONFIG (CFG_ID,CFG_PROP_NAME,CFG_PROP_VALUE) values (5,'edma.app.party','DEV-ETX-EDMA-APP-PARTY')
/
INSERT INTO ETX_WEB_CONFIG (CFG_ID,CFG_PROP_NAME,CFG_PROP_VALUE) values (6,'etrustex.doc.wrapper.service.internal.uri','https://wltdig03.cc.cec.eu.int:1122/etrustex/external/DocumentWrapper-2.0')
/
