-- ========================================
-- Sets environment-dependent DB parameters
-- environment: LOAD
-- ========================================
-- SYSTEMS
INSERT INTO ETX_WEB_SYSTEM (SYS_ID, SYS_USERNAME, SYS_PASSWORD, SYS_COMMENT)
VALUES (1, 'e-TrustExWeb', 'e-TrustExWeb', 'eTrustEx Web platform')
/

-- PARTIES
INSERT INTO ETX_WEB_PARTY (PAR_ID, PAR_EMAIL, PAR_INSTITUTION, PAR_NAME, PAR_REF_ID, PAR_CAN_SEND, PAR_STANDARD_VIEW, SYS_ID)
VALUES (1, 'ARRANDA-PARTY@europa.eu', 'DG-COMP', 'ARRANDA-PARTY', 'ARRANDA-PARTY', 1, 0, 1)
/

INSERT INTO ETX_WEB_PARTY (PAR_ID, PAR_EMAIL, PAR_INSTITUTION, PAR_NAME, PAR_REF_ID, PAR_CAN_SEND, PAR_STANDARD_VIEW, SYS_ID)
VALUES (2, 'KHAMIRA-PARTY@europa.eu', 'DG-COMP', 'KHAMIRA-PARTY', 'KHAMIRA-PARTY', 1, 0, 1)
/

INSERT INTO ETX_WEB_PARTY (PAR_ID, PAR_EMAIL, PAR_INSTITUTION, PAR_NAME, PAR_REF_ID, PAR_CAN_SEND, PAR_STANDARD_VIEW, SYS_ID)
VALUES (3, 'JUGANCO-PARTY@europa.eu', 'DG-COMP', 'JUGANCO-PARTY', 'JUGANCO-PARTY', 1, 0, 1)
/

INSERT INTO ETX_WEB_PARTY (PAR_ID, PAR_EMAIL, PAR_INSTITUTION, PAR_NAME, PAR_REF_ID, PAR_CAN_SEND, PAR_STANDARD_VIEW, SYS_ID)
VALUES (4, 'SCHOTCN-PARTY@europa.eu', 'DG-COMP', 'SCHOTCN-PARTY', 'SCHOTCN-PARTY', 1, 0, 1)
/

INSERT INTO ETX_WEB_PARTY (PAR_ID, PAR_EMAIL, PAR_INSTITUTION, PAR_NAME, PAR_REF_ID, PAR_CAN_SEND, PAR_STANDARD_VIEW, SYS_ID)
VALUES (5, 'ETXW-NP-PARTY1@europa.eu', 'NP', 'ETXW-NP-PARTY1', 'ETXW-NP-PARTY1', 1, 0, 1)
/

INSERT INTO ETX_WEB_PARTY (PAR_ID, PAR_EMAIL, PAR_INSTITUTION, PAR_NAME, PAR_REF_ID, PAR_CAN_SEND, PAR_STANDARD_VIEW, SYS_ID)
VALUES (6, 'ETXW-NP-PARTY2@europa.eu', 'NP', 'ETXW-NP-PARTY2', 'ETXW-NP-PARTY2', 1, 0, 1)
/

INSERT INTO ETX_WEB_PARTY (PAR_ID, PAR_EMAIL, PAR_INSTITUTION, PAR_NAME, PAR_REF_ID, PAR_CAN_SEND, PAR_STANDARD_VIEW, SYS_ID)
VALUES (7, 'ETXW-NP-PARTY3@europa.eu', 'NP', 'ETXW-NP-PARTY3', 'ETXW-NP-PARTY3', 1, 0, 1)
/

INSERT INTO ETX_WEB_PARTY (PAR_ID, PAR_EMAIL, PAR_INSTITUTION, PAR_NAME, PAR_REF_ID, PAR_CAN_SEND, PAR_STANDARD_VIEW, SYS_ID)
VALUES (8, 'ETXW-PARTY10@europa.eu', 'NP', 'ETXW-PARTY10', 'ETXW-PARTY10', 1, 0, 1)
/

INSERT INTO ETX_WEB_PARTY (PAR_ID, PAR_EMAIL, PAR_INSTITUTION, PAR_NAME, PAR_REF_ID, PAR_CAN_SEND, PAR_STANDARD_VIEW, SYS_ID)
VALUES (9, 'ETXW-PARTY11@europa.eu', 'NP', 'ETXW-PARTY11', 'ETXW-PARTY11', 1, 0, 1)
/

INSERT INTO ETX_WEB_PARTY (PAR_ID, PAR_EMAIL, PAR_INSTITUTION, PAR_NAME, PAR_REF_ID, PAR_CAN_SEND, PAR_STANDARD_VIEW, SYS_ID)
VALUES (10, null, 'EDMA', 'EDMA-APP-PARTY', 'EDMA-APP-PARTY', 1, 0, null)
/

INSERT INTO ETX_WEB_PARTY (PAR_ID, PAR_EMAIL, PAR_INSTITUTION, PAR_NAME, PAR_REF_ID, PAR_CAN_SEND, PAR_STANDARD_VIEW, SYS_ID)
VALUES (11, null, 'E-GREFFE', 'EGREFFE-PARTY1', 'EGREFFE-PARTY1', 0, 1, null)
/

INSERT INTO ETX_WEB_PARTY (PAR_ID, PAR_EMAIL, PAR_INSTITUTION, PAR_NAME, PAR_REF_ID, PAR_CAN_SEND, PAR_STANDARD_VIEW)
VALUES (12, 'EDMA-PARTY1@europa.eu', 'EDMA', 'EDMA-PARTY1', 'EDMA-PARTY1', '1', '0')
/


-- USERS
INSERT INTO ETX_WEB_USER (USR_ID,USR_LOGIN,USR_NAME,PAR_ID) VALUES (ETX_WEB_USRSEQ.nextval,'uid00001','UID1',4)
/
INSERT INTO ETX_WEB_USER (USR_ID,USR_LOGIN,USR_NAME,PAR_ID) VALUES (ETX_WEB_USRSEQ.nextval,'uid00002','UID2',4)
/
INSERT INTO ETX_WEB_USER (USR_ID,USR_LOGIN,USR_NAME,PAR_ID) VALUES (ETX_WEB_USRSEQ.nextval,'uid00003','UID3',5)
/
INSERT INTO ETX_WEB_USER (USR_ID,USR_LOGIN,USR_NAME,PAR_ID) VALUES (ETX_WEB_USRSEQ.nextval,'uid00004','UID4',2)
/
INSERT INTO ETX_WEB_USER (USR_ID,USR_LOGIN,USR_NAME,PAR_ID) VALUES (ETX_WEB_USRSEQ.nextval,'uid00005','UID5',3)
/
INSERT INTO ETX_WEB_USER (USR_ID,USR_LOGIN,USR_NAME,PAR_ID) VALUES (ETX_WEB_USRSEQ.nextval,'uid00006','UID6',5)
/
INSERT INTO ETX_WEB_USER (USR_ID,USR_LOGIN,USR_NAME,PAR_ID) VALUES (ETX_WEB_USRSEQ.nextval,'uid00007','UID7',5)
/
INSERT INTO ETX_WEB_USER (USR_ID,USR_LOGIN,USR_NAME,PAR_ID) VALUES (ETX_WEB_USRSEQ.nextval,'uid00008','UID8',4)
/
INSERT INTO ETX_WEB_USER (USR_ID,USR_LOGIN,USR_NAME,PAR_ID) VALUES (ETX_WEB_USRSEQ.nextval,'uid00009','UID9', 1)
/
INSERT INTO ETX_WEB_USER (USR_ID,USR_LOGIN,USR_NAME,PAR_ID) VALUES (ETX_WEB_USRSEQ.nextval,'uid00010','UID10',4)
/
INSERT INTO ETX_WEB_USER (USR_ID,USR_LOGIN,USR_NAME,PAR_ID) VALUES (ETX_WEB_USRSEQ.nextval,'uid00011','UID11', 1)
/
INSERT INTO ETX_WEB_USER (USR_ID,USR_LOGIN,USR_NAME,PAR_ID) VALUES (ETX_WEB_USRSEQ.nextval,'uid00012','UID12', 1)
/
INSERT INTO ETX_WEB_USER (USR_ID,USR_LOGIN,USR_NAME,PAR_ID) VALUES (ETX_WEB_USRSEQ.nextval,'uid00013','UID13',4)
/
INSERT INTO ETX_WEB_USER (USR_ID,USR_LOGIN,USR_NAME,PAR_ID) VALUES (ETX_WEB_USRSEQ.nextval,'uid00014','UID14',4)
/
INSERT INTO ETX_WEB_USER (USR_ID,USR_LOGIN,USR_NAME,PAR_ID) VALUES (ETX_WEB_USRSEQ.nextval,'uid00015','UID15',5)
/
INSERT INTO ETX_WEB_USER (USR_ID,USR_LOGIN,USR_NAME,PAR_ID) VALUES (ETX_WEB_USRSEQ.nextval,'uid00016','UID16',2)
/
INSERT INTO ETX_WEB_USER (USR_ID,USR_LOGIN,USR_NAME,PAR_ID) VALUES (ETX_WEB_USRSEQ.nextval,'uid00017','UID17',4)
/
INSERT INTO ETX_WEB_USER (USR_ID,USR_LOGIN,USR_NAME,PAR_ID) VALUES (ETX_WEB_USRSEQ.nextval,'uid00018','UID18', 1)
/
INSERT INTO ETX_WEB_USER (USR_ID,USR_LOGIN,USR_NAME,PAR_ID) VALUES (ETX_WEB_USRSEQ.nextval,'uid00019','UID19',2)
/
INSERT INTO ETX_WEB_USER (USR_ID,USR_LOGIN,USR_NAME,PAR_ID) VALUES (ETX_WEB_USRSEQ.nextval,'uid00020','UID20', 1)
/
INSERT INTO ETX_WEB_USER (USR_ID,USR_LOGIN,USR_NAME,PAR_ID) VALUES (ETX_WEB_USRSEQ.nextval,'uid00021','UID21',5)
/
INSERT INTO ETX_WEB_USER (USR_ID,USR_LOGIN,USR_NAME,PAR_ID) VALUES (ETX_WEB_USRSEQ.nextval,'uid00022','UID22',2)
/
INSERT INTO ETX_WEB_USER (USR_ID,USR_LOGIN,USR_NAME,PAR_ID) VALUES (ETX_WEB_USRSEQ.nextval,'uid00023','UID23', 1)
/
INSERT INTO ETX_WEB_USER (USR_ID,USR_LOGIN,USR_NAME,PAR_ID) VALUES (ETX_WEB_USRSEQ.nextval,'uid00024','UID24',4)
/
INSERT INTO ETX_WEB_USER (USR_ID,USR_LOGIN,USR_NAME,PAR_ID) VALUES (ETX_WEB_USRSEQ.nextval,'uid00025','UID25',5)
/
INSERT INTO ETX_WEB_USER (USR_ID,USR_LOGIN,USR_NAME,PAR_ID) VALUES (ETX_WEB_USRSEQ.nextval,'uid00026','UID26', 1)
/
INSERT INTO ETX_WEB_USER (USR_ID,USR_LOGIN,USR_NAME,PAR_ID) VALUES (ETX_WEB_USRSEQ.nextval,'uid00027','UID27',2)
/
INSERT INTO ETX_WEB_USER (USR_ID,USR_LOGIN,USR_NAME,PAR_ID) VALUES (ETX_WEB_USRSEQ.nextval,'uid00028','UID28',3)
/
INSERT INTO ETX_WEB_USER (USR_ID,USR_LOGIN,USR_NAME,PAR_ID) VALUES (ETX_WEB_USRSEQ.nextval,'uid00029','UID29',5)
/
INSERT INTO ETX_WEB_USER (USR_ID,USR_LOGIN,USR_NAME,PAR_ID) VALUES (ETX_WEB_USRSEQ.nextval,'uid00030','UID30',5)
/
INSERT INTO ETX_WEB_USER (USR_ID,USR_LOGIN,USR_NAME,PAR_ID) VALUES (ETX_WEB_USRSEQ.nextval,'uid00031','UID31', 1)
/
INSERT INTO ETX_WEB_USER (USR_ID,USR_LOGIN,USR_NAME,PAR_ID) VALUES (ETX_WEB_USRSEQ.nextval,'uid00032','UID32',5)
/
INSERT INTO ETX_WEB_USER (USR_ID,USR_LOGIN,USR_NAME,PAR_ID) VALUES (ETX_WEB_USRSEQ.nextval,'uid00033','UID33',5)
/
INSERT INTO ETX_WEB_USER (USR_ID,USR_LOGIN,USR_NAME,PAR_ID) VALUES (ETX_WEB_USRSEQ.nextval,'uid00034','UID34',4)
/
INSERT INTO ETX_WEB_USER (USR_ID,USR_LOGIN,USR_NAME,PAR_ID) VALUES (ETX_WEB_USRSEQ.nextval,'uid00035','UID35',3)
/
INSERT INTO ETX_WEB_USER (USR_ID,USR_LOGIN,USR_NAME,PAR_ID) VALUES (ETX_WEB_USRSEQ.nextval,'uid00036','UID36',3)
/
INSERT INTO ETX_WEB_USER (USR_ID,USR_LOGIN,USR_NAME,PAR_ID) VALUES (ETX_WEB_USRSEQ.nextval,'uid00037','UID37',4)
/
INSERT INTO ETX_WEB_USER (USR_ID,USR_LOGIN,USR_NAME,PAR_ID) VALUES (ETX_WEB_USRSEQ.nextval,'uid00038','UID38',5)
/
INSERT INTO ETX_WEB_USER (USR_ID,USR_LOGIN,USR_NAME,PAR_ID) VALUES (ETX_WEB_USRSEQ.nextval,'uid00039','UID39',2)
/
INSERT INTO ETX_WEB_USER (USR_ID,USR_LOGIN,USR_NAME,PAR_ID) VALUES (ETX_WEB_USRSEQ.nextval,'uid00040','UID40',2)
/
INSERT INTO ETX_WEB_USER (USR_ID,USR_LOGIN,USR_NAME,PAR_ID) VALUES (ETX_WEB_USRSEQ.nextval,'uid00041','UID41',3)
/
INSERT INTO ETX_WEB_USER (USR_ID,USR_LOGIN,USR_NAME,PAR_ID) VALUES (ETX_WEB_USRSEQ.nextval,'uid00042','UID42',3)
/
INSERT INTO ETX_WEB_USER (USR_ID,USR_LOGIN,USR_NAME,PAR_ID) VALUES (ETX_WEB_USRSEQ.nextval,'uid00043','UID43',3)
/
INSERT INTO ETX_WEB_USER (USR_ID,USR_LOGIN,USR_NAME,PAR_ID) VALUES (ETX_WEB_USRSEQ.nextval,'uid00044','UID44',5)
/
INSERT INTO ETX_WEB_USER (USR_ID,USR_LOGIN,USR_NAME,PAR_ID) VALUES (ETX_WEB_USRSEQ.nextval,'uid00045','UID45',3)
/
INSERT INTO ETX_WEB_USER (USR_ID,USR_LOGIN,USR_NAME,PAR_ID) VALUES (ETX_WEB_USRSEQ.nextval,'uid00046','UID46',5)
/
INSERT INTO ETX_WEB_USER (USR_ID,USR_LOGIN,USR_NAME,PAR_ID) VALUES (ETX_WEB_USRSEQ.nextval,'uid00047','UID47',3)
/
INSERT INTO ETX_WEB_USER (USR_ID,USR_LOGIN,USR_NAME,PAR_ID) VALUES (ETX_WEB_USRSEQ.nextval,'uid00048','UID48',5)
/
INSERT INTO ETX_WEB_USER (USR_ID,USR_LOGIN,USR_NAME,PAR_ID) VALUES (ETX_WEB_USRSEQ.nextval,'uid00049','UID49',4)
/
INSERT INTO ETX_WEB_USER (USR_ID,USR_LOGIN,USR_NAME,PAR_ID) VALUES (ETX_WEB_USRSEQ.nextval,'uid00050','UID50',5)
/
INSERT INTO ETX_WEB_USER (USR_ID,USR_LOGIN,USR_NAME,PAR_ID) VALUES (ETX_WEB_USRSEQ.nextval,'uid00051','UID51',2)
/
INSERT INTO ETX_WEB_USER (USR_ID,USR_LOGIN,USR_NAME,PAR_ID) VALUES (ETX_WEB_USRSEQ.nextval,'uid00052','UID52',5)
/
INSERT INTO ETX_WEB_USER (USR_ID,USR_LOGIN,USR_NAME,PAR_ID) VALUES (ETX_WEB_USRSEQ.nextval,'uid00053','UID53',5)
/
INSERT INTO ETX_WEB_USER (USR_ID,USR_LOGIN,USR_NAME,PAR_ID) VALUES (ETX_WEB_USRSEQ.nextval,'uid00054','UID54',2)
/
INSERT INTO ETX_WEB_USER (USR_ID,USR_LOGIN,USR_NAME,PAR_ID) VALUES (ETX_WEB_USRSEQ.nextval,'uid00055','UID55', 1)
/
INSERT INTO ETX_WEB_USER (USR_ID,USR_LOGIN,USR_NAME,PAR_ID) VALUES (ETX_WEB_USRSEQ.nextval,'uid00056','UID56',3)
/
INSERT INTO ETX_WEB_USER (USR_ID,USR_LOGIN,USR_NAME,PAR_ID) VALUES (ETX_WEB_USRSEQ.nextval,'uid00057','UID57',2)
/
INSERT INTO ETX_WEB_USER (USR_ID,USR_LOGIN,USR_NAME,PAR_ID) VALUES (ETX_WEB_USRSEQ.nextval,'uid00058','UID58',3)
/
INSERT INTO ETX_WEB_USER (USR_ID,USR_LOGIN,USR_NAME,PAR_ID) VALUES (ETX_WEB_USRSEQ.nextval,'uid00059','UID59', 1)
/
INSERT INTO ETX_WEB_USER (USR_ID,USR_LOGIN,USR_NAME,PAR_ID) VALUES (ETX_WEB_USRSEQ.nextval,'uid00060','UID60',4)
/
INSERT INTO ETX_WEB_USER (USR_ID,USR_LOGIN,USR_NAME,PAR_ID) VALUES (ETX_WEB_USRSEQ.nextval,'uid00061','UID61',3)
/
INSERT INTO ETX_WEB_USER (USR_ID,USR_LOGIN,USR_NAME,PAR_ID) VALUES (ETX_WEB_USRSEQ.nextval,'uid00062','UID62',2)
/
INSERT INTO ETX_WEB_USER (USR_ID,USR_LOGIN,USR_NAME,PAR_ID) VALUES (ETX_WEB_USRSEQ.nextval,'uid00063','UID63',2)
/
INSERT INTO ETX_WEB_USER (USR_ID,USR_LOGIN,USR_NAME,PAR_ID) VALUES (ETX_WEB_USRSEQ.nextval,'uid00064','UID64',4)
/
INSERT INTO ETX_WEB_USER (USR_ID,USR_LOGIN,USR_NAME,PAR_ID) VALUES (ETX_WEB_USRSEQ.nextval,'uid00065','UID65',2)
/
INSERT INTO ETX_WEB_USER (USR_ID,USR_LOGIN,USR_NAME,PAR_ID) VALUES (ETX_WEB_USRSEQ.nextval,'uid00066','UID66',2)
/
INSERT INTO ETX_WEB_USER (USR_ID,USR_LOGIN,USR_NAME,PAR_ID) VALUES (ETX_WEB_USRSEQ.nextval,'uid00067','UID67', 1)
/
INSERT INTO ETX_WEB_USER (USR_ID,USR_LOGIN,USR_NAME,PAR_ID) VALUES (ETX_WEB_USRSEQ.nextval,'uid00068','UID68',3)
/
INSERT INTO ETX_WEB_USER (USR_ID,USR_LOGIN,USR_NAME,PAR_ID) VALUES (ETX_WEB_USRSEQ.nextval,'uid00069','UID69',4)
/
INSERT INTO ETX_WEB_USER (USR_ID,USR_LOGIN,USR_NAME,PAR_ID) VALUES (ETX_WEB_USRSEQ.nextval,'uid00070','UID70', 1)
/
INSERT INTO ETX_WEB_USER (USR_ID,USR_LOGIN,USR_NAME,PAR_ID) VALUES (ETX_WEB_USRSEQ.nextval,'uid00071','UID71', 1)
/
INSERT INTO ETX_WEB_USER (USR_ID,USR_LOGIN,USR_NAME,PAR_ID) VALUES (ETX_WEB_USRSEQ.nextval,'uid00072','UID72',4)
/
INSERT INTO ETX_WEB_USER (USR_ID,USR_LOGIN,USR_NAME,PAR_ID) VALUES (ETX_WEB_USRSEQ.nextval,'uid00073','UID73', 1)
/
INSERT INTO ETX_WEB_USER (USR_ID,USR_LOGIN,USR_NAME,PAR_ID) VALUES (ETX_WEB_USRSEQ.nextval,'uid00074','UID74',3)
/
INSERT INTO ETX_WEB_USER (USR_ID,USR_LOGIN,USR_NAME,PAR_ID) VALUES (ETX_WEB_USRSEQ.nextval,'uid00075','UID75',5)
/
INSERT INTO ETX_WEB_USER (USR_ID,USR_LOGIN,USR_NAME,PAR_ID) VALUES (ETX_WEB_USRSEQ.nextval,'uid00076','UID76', 1)
/
INSERT INTO ETX_WEB_USER (USR_ID,USR_LOGIN,USR_NAME,PAR_ID) VALUES (ETX_WEB_USRSEQ.nextval,'uid00077','UID77',4)
/
INSERT INTO ETX_WEB_USER (USR_ID,USR_LOGIN,USR_NAME,PAR_ID) VALUES (ETX_WEB_USRSEQ.nextval,'uid00078','UID78',5)
/
INSERT INTO ETX_WEB_USER (USR_ID,USR_LOGIN,USR_NAME,PAR_ID) VALUES (ETX_WEB_USRSEQ.nextval,'uid00079','UID79',2)
/
INSERT INTO ETX_WEB_USER (USR_ID,USR_LOGIN,USR_NAME,PAR_ID) VALUES (ETX_WEB_USRSEQ.nextval,'uid00080','UID80', 1)
/
INSERT INTO ETX_WEB_USER (USR_ID,USR_LOGIN,USR_NAME,PAR_ID) VALUES (ETX_WEB_USRSEQ.nextval,'uid00081','UID81',3)
/
INSERT INTO ETX_WEB_USER (USR_ID,USR_LOGIN,USR_NAME,PAR_ID) VALUES (ETX_WEB_USRSEQ.nextval,'uid00082','UID82',3)
/
INSERT INTO ETX_WEB_USER (USR_ID,USR_LOGIN,USR_NAME,PAR_ID) VALUES (ETX_WEB_USRSEQ.nextval,'uid00083','UID83', 1)
/
INSERT INTO ETX_WEB_USER (USR_ID,USR_LOGIN,USR_NAME,PAR_ID) VALUES (ETX_WEB_USRSEQ.nextval,'uid00084','UID84', 1)
/
INSERT INTO ETX_WEB_USER (USR_ID,USR_LOGIN,USR_NAME,PAR_ID) VALUES (ETX_WEB_USRSEQ.nextval,'uid00085','UID85', 1)
/
INSERT INTO ETX_WEB_USER (USR_ID,USR_LOGIN,USR_NAME,PAR_ID) VALUES (ETX_WEB_USRSEQ.nextval,'uid00086','UID86',3)
/
INSERT INTO ETX_WEB_USER (USR_ID,USR_LOGIN,USR_NAME,PAR_ID) VALUES (ETX_WEB_USRSEQ.nextval,'uid00087','UID87',2)
/
INSERT INTO ETX_WEB_USER (USR_ID,USR_LOGIN,USR_NAME,PAR_ID) VALUES (ETX_WEB_USRSEQ.nextval,'uid00088','UID88', 1)
/
INSERT INTO ETX_WEB_USER (USR_ID,USR_LOGIN,USR_NAME,PAR_ID) VALUES (ETX_WEB_USRSEQ.nextval,'uid00089','UID89',2)
/
INSERT INTO ETX_WEB_USER (USR_ID,USR_LOGIN,USR_NAME,PAR_ID) VALUES (ETX_WEB_USRSEQ.nextval,'uid00090','UID90', 1)
/
INSERT INTO ETX_WEB_USER (USR_ID,USR_LOGIN,USR_NAME,PAR_ID) VALUES (ETX_WEB_USRSEQ.nextval,'uid00091','UID91',4)
/
INSERT INTO ETX_WEB_USER (USR_ID,USR_LOGIN,USR_NAME,PAR_ID) VALUES (ETX_WEB_USRSEQ.nextval,'uid00092','UID92', 1)
/
INSERT INTO ETX_WEB_USER (USR_ID,USR_LOGIN,USR_NAME,PAR_ID) VALUES (ETX_WEB_USRSEQ.nextval,'uid00093','UID93',3)
/
INSERT INTO ETX_WEB_USER (USR_ID,USR_LOGIN,USR_NAME,PAR_ID) VALUES (ETX_WEB_USRSEQ.nextval,'uid00094','UID94',5)
/
INSERT INTO ETX_WEB_USER (USR_ID,USR_LOGIN,USR_NAME,PAR_ID) VALUES (ETX_WEB_USRSEQ.nextval,'uid00095','UID95', 1)
/
INSERT INTO ETX_WEB_USER (USR_ID,USR_LOGIN,USR_NAME,PAR_ID) VALUES (ETX_WEB_USRSEQ.nextval,'uid00096','UID96',2)
/
INSERT INTO ETX_WEB_USER (USR_ID,USR_LOGIN,USR_NAME,PAR_ID) VALUES (ETX_WEB_USRSEQ.nextval,'uid00097','UID97', 1)
/
INSERT INTO ETX_WEB_USER (USR_ID,USR_LOGIN,USR_NAME,PAR_ID) VALUES (ETX_WEB_USRSEQ.nextval,'uid00098','UID98',4)
/
INSERT INTO ETX_WEB_USER (USR_ID,USR_LOGIN,USR_NAME,PAR_ID) VALUES (ETX_WEB_USRSEQ.nextval,'uid00099','UID99',5)
/
INSERT INTO ETX_WEB_USER (USR_ID,USR_LOGIN,USR_NAME,PAR_ID) VALUES (ETX_WEB_USRSEQ.nextval,'uid00100','UID100',2)
/
INSERT INTO ETX_WEB_USER (USR_ID,USR_LOGIN,USR_NAME,PAR_ID) VALUES (ETX_WEB_USRSEQ.nextval,'uid00101','UID101',2)
/
INSERT INTO ETX_WEB_USER (USR_ID,USR_LOGIN,USR_NAME,PAR_ID) VALUES (ETX_WEB_USRSEQ.nextval,'uid00102','UID102',3)
/
INSERT INTO ETX_WEB_USER (USR_ID,USR_LOGIN,USR_NAME,PAR_ID) VALUES (ETX_WEB_USRSEQ.nextval,'uid00103','UID103',4)
/
INSERT INTO ETX_WEB_USER (USR_ID,USR_LOGIN,USR_NAME,PAR_ID) VALUES (ETX_WEB_USRSEQ.nextval,'uid00104','UID104',4)
/
INSERT INTO ETX_WEB_USER (USR_ID,USR_LOGIN,USR_NAME,PAR_ID) VALUES (ETX_WEB_USRSEQ.nextval,'uid00105','UID105',5)
/
INSERT INTO ETX_WEB_USER (USR_ID,USR_LOGIN,USR_NAME,PAR_ID) VALUES (ETX_WEB_USRSEQ.nextval,'uid00106','UID106',4)
/
INSERT INTO ETX_WEB_USER (USR_ID,USR_LOGIN,USR_NAME,PAR_ID) VALUES (ETX_WEB_USRSEQ.nextval,'uid00107','UID107',4)
/
INSERT INTO ETX_WEB_USER (USR_ID,USR_LOGIN,USR_NAME,PAR_ID) VALUES (ETX_WEB_USRSEQ.nextval,'uid00108','UID108',2)
/
INSERT INTO ETX_WEB_USER (USR_ID,USR_LOGIN,USR_NAME,PAR_ID) VALUES (ETX_WEB_USRSEQ.nextval,'uid00109','UID109',5)
/
INSERT INTO ETX_WEB_USER (USR_ID,USR_LOGIN,USR_NAME,PAR_ID) VALUES (ETX_WEB_USRSEQ.nextval,'uid00110','UID110',4)
/
INSERT INTO ETX_WEB_USER (USR_ID,USR_LOGIN,USR_NAME,PAR_ID) VALUES (ETX_WEB_USRSEQ.nextval,'uid00111','UID111', 1)
/
INSERT INTO ETX_WEB_USER (USR_ID,USR_LOGIN,USR_NAME,PAR_ID) VALUES (ETX_WEB_USRSEQ.nextval,'uid00112','UID112',5)
/
INSERT INTO ETX_WEB_USER (USR_ID,USR_LOGIN,USR_NAME,PAR_ID) VALUES (ETX_WEB_USRSEQ.nextval,'uid00113','UID113',3)
/
INSERT INTO ETX_WEB_USER (USR_ID,USR_LOGIN,USR_NAME,PAR_ID) VALUES (ETX_WEB_USRSEQ.nextval,'uid00114','UID114',3)
/
INSERT INTO ETX_WEB_USER (USR_ID,USR_LOGIN,USR_NAME,PAR_ID) VALUES (ETX_WEB_USRSEQ.nextval,'uid00115','UID115',2)
/
INSERT INTO ETX_WEB_USER (USR_ID,USR_LOGIN,USR_NAME,PAR_ID) VALUES (ETX_WEB_USRSEQ.nextval,'uid00116','UID116',3)
/
INSERT INTO ETX_WEB_USER (USR_ID,USR_LOGIN,USR_NAME,PAR_ID) VALUES (ETX_WEB_USRSEQ.nextval,'uid00117','UID117', 1)
/
INSERT INTO ETX_WEB_USER (USR_ID,USR_LOGIN,USR_NAME,PAR_ID) VALUES (ETX_WEB_USRSEQ.nextval,'uid00118','UID118', 1)
/
INSERT INTO ETX_WEB_USER (USR_ID,USR_LOGIN,USR_NAME,PAR_ID) VALUES (ETX_WEB_USRSEQ.nextval,'uid00119','UID119',5)
/
INSERT INTO ETX_WEB_USER (USR_ID,USR_LOGIN,USR_NAME,PAR_ID) VALUES (ETX_WEB_USRSEQ.nextval,'uid00120','UID120', 1)
/
INSERT INTO ETX_WEB_USER (USR_ID,USR_LOGIN,USR_NAME,PAR_ID) VALUES (ETX_WEB_USRSEQ.nextval,'uid00121','UID121',2)
/
INSERT INTO ETX_WEB_USER (USR_ID,USR_LOGIN,USR_NAME,PAR_ID) VALUES (ETX_WEB_USRSEQ.nextval,'uid00122','UID122',2)
/
INSERT INTO ETX_WEB_USER (USR_ID,USR_LOGIN,USR_NAME,PAR_ID) VALUES (ETX_WEB_USRSEQ.nextval,'uid00123','UID123',3)
/
INSERT INTO ETX_WEB_USER (USR_ID,USR_LOGIN,USR_NAME,PAR_ID) VALUES (ETX_WEB_USRSEQ.nextval,'uid00124','UID124',2)
/
INSERT INTO ETX_WEB_USER (USR_ID,USR_LOGIN,USR_NAME,PAR_ID) VALUES (ETX_WEB_USRSEQ.nextval,'uid00125','UID125',3)
/
INSERT INTO ETX_WEB_USER (USR_ID,USR_LOGIN,USR_NAME,PAR_ID) VALUES (ETX_WEB_USRSEQ.nextval,'uid00126','UID126',3)
/
INSERT INTO ETX_WEB_USER (USR_ID,USR_LOGIN,USR_NAME,PAR_ID) VALUES (ETX_WEB_USRSEQ.nextval,'uid00127','UID127',5)
/
INSERT INTO ETX_WEB_USER (USR_ID,USR_LOGIN,USR_NAME,PAR_ID) VALUES (ETX_WEB_USRSEQ.nextval,'uid00128','UID128',3)
/
INSERT INTO ETX_WEB_USER (USR_ID,USR_LOGIN,USR_NAME,PAR_ID) VALUES (ETX_WEB_USRSEQ.nextval,'uid00129','UID129',3)
/
INSERT INTO ETX_WEB_USER (USR_ID,USR_LOGIN,USR_NAME,PAR_ID) VALUES (ETX_WEB_USRSEQ.nextval,'uid00130','UID130',2)
/
INSERT INTO ETX_WEB_USER (USR_ID,USR_LOGIN,USR_NAME,PAR_ID) VALUES (ETX_WEB_USRSEQ.nextval,'uid00131','UID131', 1)
/
INSERT INTO ETX_WEB_USER (USR_ID,USR_LOGIN,USR_NAME,PAR_ID) VALUES (ETX_WEB_USRSEQ.nextval,'uid00132','UID132',2)
/
INSERT INTO ETX_WEB_USER (USR_ID,USR_LOGIN,USR_NAME,PAR_ID) VALUES (ETX_WEB_USRSEQ.nextval,'uid00133','UID133',4)
/
INSERT INTO ETX_WEB_USER (USR_ID,USR_LOGIN,USR_NAME,PAR_ID) VALUES (ETX_WEB_USRSEQ.nextval,'uid00134','UID134',4)
/
INSERT INTO ETX_WEB_USER (USR_ID,USR_LOGIN,USR_NAME,PAR_ID) VALUES (ETX_WEB_USRSEQ.nextval,'uid00135','UID135',4)
/
INSERT INTO ETX_WEB_USER (USR_ID,USR_LOGIN,USR_NAME,PAR_ID) VALUES (ETX_WEB_USRSEQ.nextval,'uid00136','UID136',2)
/
INSERT INTO ETX_WEB_USER (USR_ID,USR_LOGIN,USR_NAME,PAR_ID) VALUES (ETX_WEB_USRSEQ.nextval,'uid00137','UID137',4)
/
INSERT INTO ETX_WEB_USER (USR_ID,USR_LOGIN,USR_NAME,PAR_ID) VALUES (ETX_WEB_USRSEQ.nextval,'uid00138','UID138', 1)
/
INSERT INTO ETX_WEB_USER (USR_ID,USR_LOGIN,USR_NAME,PAR_ID) VALUES (ETX_WEB_USRSEQ.nextval,'uid00139','UID139',2)
/
INSERT INTO ETX_WEB_USER (USR_ID,USR_LOGIN,USR_NAME,PAR_ID) VALUES (ETX_WEB_USRSEQ.nextval,'uid00140','UID140',3)
/
INSERT INTO ETX_WEB_USER (USR_ID,USR_LOGIN,USR_NAME,PAR_ID) VALUES (ETX_WEB_USRSEQ.nextval,'uid00141','UID141',4)
/
INSERT INTO ETX_WEB_USER (USR_ID,USR_LOGIN,USR_NAME,PAR_ID) VALUES (ETX_WEB_USRSEQ.nextval,'uid00142','UID142',2)
/
INSERT INTO ETX_WEB_USER (USR_ID,USR_LOGIN,USR_NAME,PAR_ID) VALUES (ETX_WEB_USRSEQ.nextval,'uid00143','UID143',3)
/
INSERT INTO ETX_WEB_USER (USR_ID,USR_LOGIN,USR_NAME,PAR_ID) VALUES (ETX_WEB_USRSEQ.nextval,'uid00144','UID144',4)
/
INSERT INTO ETX_WEB_USER (USR_ID,USR_LOGIN,USR_NAME,PAR_ID) VALUES (ETX_WEB_USRSEQ.nextval,'uid00145','UID145', 1)
/
INSERT INTO ETX_WEB_USER (USR_ID,USR_LOGIN,USR_NAME,PAR_ID) VALUES (ETX_WEB_USRSEQ.nextval,'uid00146','UID146', 1)
/
INSERT INTO ETX_WEB_USER (USR_ID,USR_LOGIN,USR_NAME,PAR_ID) VALUES (ETX_WEB_USRSEQ.nextval,'uid00147','UID147',2)
/
INSERT INTO ETX_WEB_USER (USR_ID,USR_LOGIN,USR_NAME,PAR_ID) VALUES (ETX_WEB_USRSEQ.nextval,'uid00148','UID148', 1)
/
INSERT INTO ETX_WEB_USER (USR_ID,USR_LOGIN,USR_NAME,PAR_ID) VALUES (ETX_WEB_USRSEQ.nextval,'uid00149','UID149',5)
/
INSERT INTO ETX_WEB_USER (USR_ID,USR_LOGIN,USR_NAME,PAR_ID) VALUES (ETX_WEB_USRSEQ.nextval,'uid00150','UID150', 1)
/
INSERT INTO ETX_WEB_USER (USR_ID,USR_LOGIN,USR_NAME,PAR_ID) VALUES (ETX_WEB_USRSEQ.nextval,'uid00151','UID151',2)
/
INSERT INTO ETX_WEB_USER (USR_ID,USR_LOGIN,USR_NAME,PAR_ID) VALUES (ETX_WEB_USRSEQ.nextval,'uid00152','UID152',3)
/
INSERT INTO ETX_WEB_USER (USR_ID,USR_LOGIN,USR_NAME,PAR_ID) VALUES (ETX_WEB_USRSEQ.nextval,'uid00153','UID153', 1)
/
INSERT INTO ETX_WEB_USER (USR_ID,USR_LOGIN,USR_NAME,PAR_ID) VALUES (ETX_WEB_USRSEQ.nextval,'uid00154','UID154',2)
/
INSERT INTO ETX_WEB_USER (USR_ID,USR_LOGIN,USR_NAME,PAR_ID) VALUES (ETX_WEB_USRSEQ.nextval,'uid00155','UID155',5)
/
INSERT INTO ETX_WEB_USER (USR_ID,USR_LOGIN,USR_NAME,PAR_ID) VALUES (ETX_WEB_USRSEQ.nextval,'uid00156','UID156',5)
/
INSERT INTO ETX_WEB_USER (USR_ID,USR_LOGIN,USR_NAME,PAR_ID) VALUES (ETX_WEB_USRSEQ.nextval,'uid00157','UID157',3)
/
INSERT INTO ETX_WEB_USER (USR_ID,USR_LOGIN,USR_NAME,PAR_ID) VALUES (ETX_WEB_USRSEQ.nextval,'uid00158','UID158',2)
/
INSERT INTO ETX_WEB_USER (USR_ID,USR_LOGIN,USR_NAME,PAR_ID) VALUES (ETX_WEB_USRSEQ.nextval,'uid00159','UID159',4)
/
INSERT INTO ETX_WEB_USER (USR_ID,USR_LOGIN,USR_NAME,PAR_ID) VALUES (ETX_WEB_USRSEQ.nextval,'uid00160','UID160',3)
/
INSERT INTO ETX_WEB_USER (USR_ID,USR_LOGIN,USR_NAME,PAR_ID) VALUES (ETX_WEB_USRSEQ.nextval,'uid00161','UID161',5)
/
INSERT INTO ETX_WEB_USER (USR_ID,USR_LOGIN,USR_NAME,PAR_ID) VALUES (ETX_WEB_USRSEQ.nextval,'uid00162','UID162',3)
/
INSERT INTO ETX_WEB_USER (USR_ID,USR_LOGIN,USR_NAME,PAR_ID) VALUES (ETX_WEB_USRSEQ.nextval,'uid00163','UID163', 1)
/
INSERT INTO ETX_WEB_USER (USR_ID,USR_LOGIN,USR_NAME,PAR_ID) VALUES (ETX_WEB_USRSEQ.nextval,'uid00164','UID164',3)
/
INSERT INTO ETX_WEB_USER (USR_ID,USR_LOGIN,USR_NAME,PAR_ID) VALUES (ETX_WEB_USRSEQ.nextval,'uid00165','UID165',2)
/
INSERT INTO ETX_WEB_USER (USR_ID,USR_LOGIN,USR_NAME,PAR_ID) VALUES (ETX_WEB_USRSEQ.nextval,'uid00166','UID166',5)
/
INSERT INTO ETX_WEB_USER (USR_ID,USR_LOGIN,USR_NAME,PAR_ID) VALUES (ETX_WEB_USRSEQ.nextval,'uid00167','UID167',3)
/
INSERT INTO ETX_WEB_USER (USR_ID,USR_LOGIN,USR_NAME,PAR_ID) VALUES (ETX_WEB_USRSEQ.nextval,'uid00168','UID168',4)
/
INSERT INTO ETX_WEB_USER (USR_ID,USR_LOGIN,USR_NAME,PAR_ID) VALUES (ETX_WEB_USRSEQ.nextval,'uid00169','UID169',4)
/
INSERT INTO ETX_WEB_USER (USR_ID,USR_LOGIN,USR_NAME,PAR_ID) VALUES (ETX_WEB_USRSEQ.nextval,'uid00170','UID170',5)
/
INSERT INTO ETX_WEB_USER (USR_ID,USR_LOGIN,USR_NAME,PAR_ID) VALUES (ETX_WEB_USRSEQ.nextval,'uid00171','UID171',4)
/
INSERT INTO ETX_WEB_USER (USR_ID,USR_LOGIN,USR_NAME,PAR_ID) VALUES (ETX_WEB_USRSEQ.nextval,'uid00172','UID172',5)
/
INSERT INTO ETX_WEB_USER (USR_ID,USR_LOGIN,USR_NAME,PAR_ID) VALUES (ETX_WEB_USRSEQ.nextval,'uid00173','UID173',4)
/
INSERT INTO ETX_WEB_USER (USR_ID,USR_LOGIN,USR_NAME,PAR_ID) VALUES (ETX_WEB_USRSEQ.nextval,'uid00174','UID174',4)
/
INSERT INTO ETX_WEB_USER (USR_ID,USR_LOGIN,USR_NAME,PAR_ID) VALUES (ETX_WEB_USRSEQ.nextval,'uid00175','UID175',3)
/
INSERT INTO ETX_WEB_USER (USR_ID,USR_LOGIN,USR_NAME,PAR_ID) VALUES (ETX_WEB_USRSEQ.nextval,'uid00176','UID176',5)
/
INSERT INTO ETX_WEB_USER (USR_ID,USR_LOGIN,USR_NAME,PAR_ID) VALUES (ETX_WEB_USRSEQ.nextval,'uid00177','UID177',5)
/
INSERT INTO ETX_WEB_USER (USR_ID,USR_LOGIN,USR_NAME,PAR_ID) VALUES (ETX_WEB_USRSEQ.nextval,'uid00178','UID178',2)
/
INSERT INTO ETX_WEB_USER (USR_ID,USR_LOGIN,USR_NAME,PAR_ID) VALUES (ETX_WEB_USRSEQ.nextval,'uid00179','UID179',2)
/
INSERT INTO ETX_WEB_USER (USR_ID,USR_LOGIN,USR_NAME,PAR_ID) VALUES (ETX_WEB_USRSEQ.nextval,'uid00180','UID180',5)
/
INSERT INTO ETX_WEB_USER (USR_ID,USR_LOGIN,USR_NAME,PAR_ID) VALUES (ETX_WEB_USRSEQ.nextval,'uid00181','UID181',4)
/
INSERT INTO ETX_WEB_USER (USR_ID,USR_LOGIN,USR_NAME,PAR_ID) VALUES (ETX_WEB_USRSEQ.nextval,'uid00182','UID182',3)
/
INSERT INTO ETX_WEB_USER (USR_ID,USR_LOGIN,USR_NAME,PAR_ID) VALUES (ETX_WEB_USRSEQ.nextval,'uid00183','UID183',4)
/
INSERT INTO ETX_WEB_USER (USR_ID,USR_LOGIN,USR_NAME,PAR_ID) VALUES (ETX_WEB_USRSEQ.nextval,'uid00184','UID184',4)
/
INSERT INTO ETX_WEB_USER (USR_ID,USR_LOGIN,USR_NAME,PAR_ID) VALUES (ETX_WEB_USRSEQ.nextval,'uid00185','UID185', 1)
/
INSERT INTO ETX_WEB_USER (USR_ID,USR_LOGIN,USR_NAME,PAR_ID) VALUES (ETX_WEB_USRSEQ.nextval,'uid00186','UID186',3)
/
INSERT INTO ETX_WEB_USER (USR_ID,USR_LOGIN,USR_NAME,PAR_ID) VALUES (ETX_WEB_USRSEQ.nextval,'uid00187','UID187',2)
/
INSERT INTO ETX_WEB_USER (USR_ID,USR_LOGIN,USR_NAME,PAR_ID) VALUES (ETX_WEB_USRSEQ.nextval,'uid00188','UID188',2)
/
INSERT INTO ETX_WEB_USER (USR_ID,USR_LOGIN,USR_NAME,PAR_ID) VALUES (ETX_WEB_USRSEQ.nextval,'uid00189','UID189', 1)
/
INSERT INTO ETX_WEB_USER (USR_ID,USR_LOGIN,USR_NAME,PAR_ID) VALUES (ETX_WEB_USRSEQ.nextval,'uid00190','UID190',5)
/
INSERT INTO ETX_WEB_USER (USR_ID,USR_LOGIN,USR_NAME,PAR_ID) VALUES (ETX_WEB_USRSEQ.nextval,'uid00191','UID191',4)
/
INSERT INTO ETX_WEB_USER (USR_ID,USR_LOGIN,USR_NAME,PAR_ID) VALUES (ETX_WEB_USRSEQ.nextval,'uid00192','UID192',3)
/
INSERT INTO ETX_WEB_USER (USR_ID,USR_LOGIN,USR_NAME,PAR_ID) VALUES (ETX_WEB_USRSEQ.nextval,'uid00193','UID193', 1)
/
INSERT INTO ETX_WEB_USER (USR_ID,USR_LOGIN,USR_NAME,PAR_ID) VALUES (ETX_WEB_USRSEQ.nextval,'uid00194','UID194',3)
/
INSERT INTO ETX_WEB_USER (USR_ID,USR_LOGIN,USR_NAME,PAR_ID) VALUES (ETX_WEB_USRSEQ.nextval,'uid00195','UID195',4)
/
INSERT INTO ETX_WEB_USER (USR_ID,USR_LOGIN,USR_NAME,PAR_ID) VALUES (ETX_WEB_USRSEQ.nextval,'uid00196','UID196',4)
/
INSERT INTO ETX_WEB_USER (USR_ID,USR_LOGIN,USR_NAME,PAR_ID) VALUES (ETX_WEB_USRSEQ.nextval,'uid00197','UID197', 1)
/
INSERT INTO ETX_WEB_USER (USR_ID,USR_LOGIN,USR_NAME,PAR_ID) VALUES (ETX_WEB_USRSEQ.nextval,'uid00198','UID198',3)
/
INSERT INTO ETX_WEB_USER (USR_ID,USR_LOGIN,USR_NAME,PAR_ID) VALUES (ETX_WEB_USRSEQ.nextval,'uid00199','UID199', 1)
/
INSERT INTO ETX_WEB_USER (USR_ID,USR_LOGIN,USR_NAME,PAR_ID) VALUES (ETX_WEB_USRSEQ.nextval,'uid00200','UID200',3)
/
INSERT INTO ETX_WEB_USER (USR_ID,USR_LOGIN,USR_NAME,PAR_ID) VALUES (ETX_WEB_USRSEQ.nextval,'uid00201','UID201',3)
/
INSERT INTO ETX_WEB_USER (USR_ID,USR_LOGIN,USR_NAME,PAR_ID) VALUES (ETX_WEB_USRSEQ.nextval,'uid00202','UID202',5)
/
INSERT INTO ETX_WEB_USER (USR_ID,USR_LOGIN,USR_NAME,PAR_ID) VALUES (ETX_WEB_USRSEQ.nextval,'uid00203','UID203',4)
/
INSERT INTO ETX_WEB_USER (USR_ID,USR_LOGIN,USR_NAME,PAR_ID) VALUES (ETX_WEB_USRSEQ.nextval,'uid00204','UID204',5)
/
INSERT INTO ETX_WEB_USER (USR_ID,USR_LOGIN,USR_NAME,PAR_ID) VALUES (ETX_WEB_USRSEQ.nextval,'uid00205','UID205',3)
/
INSERT INTO ETX_WEB_USER (USR_ID,USR_LOGIN,USR_NAME,PAR_ID) VALUES (ETX_WEB_USRSEQ.nextval,'uid00206','UID206',2)
/
INSERT INTO ETX_WEB_USER (USR_ID,USR_LOGIN,USR_NAME,PAR_ID) VALUES (ETX_WEB_USRSEQ.nextval,'uid00207','UID207',2)
/
INSERT INTO ETX_WEB_USER (USR_ID,USR_LOGIN,USR_NAME,PAR_ID) VALUES (ETX_WEB_USRSEQ.nextval,'uid00208','UID208', 1)
/
INSERT INTO ETX_WEB_USER (USR_ID,USR_LOGIN,USR_NAME,PAR_ID) VALUES (ETX_WEB_USRSEQ.nextval,'uid00209','UID209',2)
/
INSERT INTO ETX_WEB_USER (USR_ID,USR_LOGIN,USR_NAME,PAR_ID) VALUES (ETX_WEB_USRSEQ.nextval,'uid00210','UID210', 1)
/
INSERT INTO ETX_WEB_USER (USR_ID,USR_LOGIN,USR_NAME,PAR_ID) VALUES (ETX_WEB_USRSEQ.nextval,'uid00211','UID211',2)
/
INSERT INTO ETX_WEB_USER (USR_ID,USR_LOGIN,USR_NAME,PAR_ID) VALUES (ETX_WEB_USRSEQ.nextval,'uid00212','UID212',3)
/
INSERT INTO ETX_WEB_USER (USR_ID,USR_LOGIN,USR_NAME,PAR_ID) VALUES (ETX_WEB_USRSEQ.nextval,'uid00213','UID213',3)
/
INSERT INTO ETX_WEB_USER (USR_ID,USR_LOGIN,USR_NAME,PAR_ID) VALUES (ETX_WEB_USRSEQ.nextval,'uid00214','UID214',4)
/
INSERT INTO ETX_WEB_USER (USR_ID,USR_LOGIN,USR_NAME,PAR_ID) VALUES (ETX_WEB_USRSEQ.nextval,'uid00215','UID215',3)
/
INSERT INTO ETX_WEB_USER (USR_ID,USR_LOGIN,USR_NAME,PAR_ID) VALUES (ETX_WEB_USRSEQ.nextval,'uid00216','UID216', 1)
/
INSERT INTO ETX_WEB_USER (USR_ID,USR_LOGIN,USR_NAME,PAR_ID) VALUES (ETX_WEB_USRSEQ.nextval,'uid00217','UID217',4)
/
INSERT INTO ETX_WEB_USER (USR_ID,USR_LOGIN,USR_NAME,PAR_ID) VALUES (ETX_WEB_USRSEQ.nextval,'uid00218','UID218',5)
/
INSERT INTO ETX_WEB_USER (USR_ID,USR_LOGIN,USR_NAME,PAR_ID) VALUES (ETX_WEB_USRSEQ.nextval,'uid00219','UID219',5)
/
INSERT INTO ETX_WEB_USER (USR_ID,USR_LOGIN,USR_NAME,PAR_ID) VALUES (ETX_WEB_USRSEQ.nextval,'uid00220','UID220',3)
/
INSERT INTO ETX_WEB_USER (USR_ID,USR_LOGIN,USR_NAME,PAR_ID) VALUES (ETX_WEB_USRSEQ.nextval,'uid00221','UID221',4)
/
INSERT INTO ETX_WEB_USER (USR_ID,USR_LOGIN,USR_NAME,PAR_ID) VALUES (ETX_WEB_USRSEQ.nextval,'uid00222','UID222',4)
/
INSERT INTO ETX_WEB_USER (USR_ID,USR_LOGIN,USR_NAME,PAR_ID) VALUES (ETX_WEB_USRSEQ.nextval,'uid00223','UID223', 1)
/
INSERT INTO ETX_WEB_USER (USR_ID,USR_LOGIN,USR_NAME,PAR_ID) VALUES (ETX_WEB_USRSEQ.nextval,'uid00224','UID224',4)
/
INSERT INTO ETX_WEB_USER (USR_ID,USR_LOGIN,USR_NAME,PAR_ID) VALUES (ETX_WEB_USRSEQ.nextval,'uid00225','UID225',5)
/
INSERT INTO ETX_WEB_USER (USR_ID,USR_LOGIN,USR_NAME,PAR_ID) VALUES (ETX_WEB_USRSEQ.nextval,'uid00226','UID226',2)
/
INSERT INTO ETX_WEB_USER (USR_ID,USR_LOGIN,USR_NAME,PAR_ID) VALUES (ETX_WEB_USRSEQ.nextval,'uid00227','UID227',5)
/
INSERT INTO ETX_WEB_USER (USR_ID,USR_LOGIN,USR_NAME,PAR_ID) VALUES (ETX_WEB_USRSEQ.nextval,'uid00228','UID228',2)
/
INSERT INTO ETX_WEB_USER (USR_ID,USR_LOGIN,USR_NAME,PAR_ID) VALUES (ETX_WEB_USRSEQ.nextval,'uid00229','UID229', 1)
/
INSERT INTO ETX_WEB_USER (USR_ID,USR_LOGIN,USR_NAME,PAR_ID) VALUES (ETX_WEB_USRSEQ.nextval,'uid00230','UID230',5)
/
INSERT INTO ETX_WEB_USER (USR_ID,USR_LOGIN,USR_NAME,PAR_ID) VALUES (ETX_WEB_USRSEQ.nextval,'uid00231','UID231',4)
/
INSERT INTO ETX_WEB_USER (USR_ID,USR_LOGIN,USR_NAME,PAR_ID) VALUES (ETX_WEB_USRSEQ.nextval,'uid00232','UID232',2)
/
INSERT INTO ETX_WEB_USER (USR_ID,USR_LOGIN,USR_NAME,PAR_ID) VALUES (ETX_WEB_USRSEQ.nextval,'uid00233','UID233',3)
/
INSERT INTO ETX_WEB_USER (USR_ID,USR_LOGIN,USR_NAME,PAR_ID) VALUES (ETX_WEB_USRSEQ.nextval,'uid00234','UID234',3)
/
INSERT INTO ETX_WEB_USER (USR_ID,USR_LOGIN,USR_NAME,PAR_ID) VALUES (ETX_WEB_USRSEQ.nextval,'uid00235','UID235',2)
/
INSERT INTO ETX_WEB_USER (USR_ID,USR_LOGIN,USR_NAME,PAR_ID) VALUES (ETX_WEB_USRSEQ.nextval,'uid00236','UID236',5)
/
INSERT INTO ETX_WEB_USER (USR_ID,USR_LOGIN,USR_NAME,PAR_ID) VALUES (ETX_WEB_USRSEQ.nextval,'uid00237','UID237',3)
/
INSERT INTO ETX_WEB_USER (USR_ID,USR_LOGIN,USR_NAME,PAR_ID) VALUES (ETX_WEB_USRSEQ.nextval,'uid00238','UID238',2)
/
INSERT INTO ETX_WEB_USER (USR_ID,USR_LOGIN,USR_NAME,PAR_ID) VALUES (ETX_WEB_USRSEQ.nextval,'uid00239','UID239',2)
/
INSERT INTO ETX_WEB_USER (USR_ID,USR_LOGIN,USR_NAME,PAR_ID) VALUES (ETX_WEB_USRSEQ.nextval,'uid00240','UID240',5)
/
INSERT INTO ETX_WEB_USER (USR_ID,USR_LOGIN,USR_NAME,PAR_ID) VALUES (ETX_WEB_USRSEQ.nextval,'uid00241','UID241',3)
/
INSERT INTO ETX_WEB_USER (USR_ID,USR_LOGIN,USR_NAME,PAR_ID) VALUES (ETX_WEB_USRSEQ.nextval,'uid00242','UID242', 1)
/
INSERT INTO ETX_WEB_USER (USR_ID,USR_LOGIN,USR_NAME,PAR_ID) VALUES (ETX_WEB_USRSEQ.nextval,'uid00243','UID243',2)
/
INSERT INTO ETX_WEB_USER (USR_ID,USR_LOGIN,USR_NAME,PAR_ID) VALUES (ETX_WEB_USRSEQ.nextval,'uid00244','UID244',3)
/
INSERT INTO ETX_WEB_USER (USR_ID,USR_LOGIN,USR_NAME,PAR_ID) VALUES (ETX_WEB_USRSEQ.nextval,'uid00245','UID245', 1)
/
INSERT INTO ETX_WEB_USER (USR_ID,USR_LOGIN,USR_NAME,PAR_ID) VALUES (ETX_WEB_USRSEQ.nextval,'uid00246','UID246',4)
/
INSERT INTO ETX_WEB_USER (USR_ID,USR_LOGIN,USR_NAME,PAR_ID) VALUES (ETX_WEB_USRSEQ.nextval,'uid00247','UID247',2)
/
INSERT INTO ETX_WEB_USER (USR_ID,USR_LOGIN,USR_NAME,PAR_ID) VALUES (ETX_WEB_USRSEQ.nextval,'uid00248','UID248',3)
/
INSERT INTO ETX_WEB_USER (USR_ID,USR_LOGIN,USR_NAME,PAR_ID) VALUES (ETX_WEB_USRSEQ.nextval,'uid00249','UID249',2)
/
INSERT INTO ETX_WEB_USER (USR_ID,USR_LOGIN,USR_NAME,PAR_ID) VALUES (ETX_WEB_USRSEQ.nextval,'uid00250','UID250',3)
/
INSERT INTO ETX_WEB_USER (USR_ID,USR_LOGIN,USR_NAME,PAR_ID) VALUES (ETX_WEB_USRSEQ.nextval,'uid00251','UID251',2)
/
INSERT INTO ETX_WEB_USER (USR_ID,USR_LOGIN,USR_NAME,PAR_ID) VALUES (ETX_WEB_USRSEQ.nextval,'uid00252','UID252',2)
/
INSERT INTO ETX_WEB_USER (USR_ID,USR_LOGIN,USR_NAME,PAR_ID) VALUES (ETX_WEB_USRSEQ.nextval,'uid00253','UID253', 1)
/
INSERT INTO ETX_WEB_USER (USR_ID,USR_LOGIN,USR_NAME,PAR_ID) VALUES (ETX_WEB_USRSEQ.nextval,'uid00254','UID254',3)
/
INSERT INTO ETX_WEB_USER (USR_ID,USR_LOGIN,USR_NAME,PAR_ID) VALUES (ETX_WEB_USRSEQ.nextval,'uid00255','UID255',5)
/
INSERT INTO ETX_WEB_USER (USR_ID,USR_LOGIN,USR_NAME,PAR_ID) VALUES (ETX_WEB_USRSEQ.nextval,'uid00256','UID256',5)
/
INSERT INTO ETX_WEB_USER (USR_ID,USR_LOGIN,USR_NAME,PAR_ID) VALUES (ETX_WEB_USRSEQ.nextval,'uid00257','UID257', 1)
/
INSERT INTO ETX_WEB_USER (USR_ID,USR_LOGIN,USR_NAME,PAR_ID) VALUES (ETX_WEB_USRSEQ.nextval,'uid00258','UID258',3)
/
INSERT INTO ETX_WEB_USER (USR_ID,USR_LOGIN,USR_NAME,PAR_ID) VALUES (ETX_WEB_USRSEQ.nextval,'uid00259','UID259',3)
/
INSERT INTO ETX_WEB_USER (USR_ID,USR_LOGIN,USR_NAME,PAR_ID) VALUES (ETX_WEB_USRSEQ.nextval,'uid00260','UID260',5)
/
INSERT INTO ETX_WEB_USER (USR_ID,USR_LOGIN,USR_NAME,PAR_ID) VALUES (ETX_WEB_USRSEQ.nextval,'uid00261','UID261',2)
/
INSERT INTO ETX_WEB_USER (USR_ID,USR_LOGIN,USR_NAME,PAR_ID) VALUES (ETX_WEB_USRSEQ.nextval,'uid00262','UID262',3)
/
INSERT INTO ETX_WEB_USER (USR_ID,USR_LOGIN,USR_NAME,PAR_ID) VALUES (ETX_WEB_USRSEQ.nextval,'uid00263','UID263',2)
/
INSERT INTO ETX_WEB_USER (USR_ID,USR_LOGIN,USR_NAME,PAR_ID) VALUES (ETX_WEB_USRSEQ.nextval,'uid00264','UID264', 1)
/
INSERT INTO ETX_WEB_USER (USR_ID,USR_LOGIN,USR_NAME,PAR_ID) VALUES (ETX_WEB_USRSEQ.nextval,'uid00265','UID265', 1)
/
INSERT INTO ETX_WEB_USER (USR_ID,USR_LOGIN,USR_NAME,PAR_ID) VALUES (ETX_WEB_USRSEQ.nextval,'uid00266','UID266',5)
/
INSERT INTO ETX_WEB_USER (USR_ID,USR_LOGIN,USR_NAME,PAR_ID) VALUES (ETX_WEB_USRSEQ.nextval,'uid00267','UID267',5)
/
INSERT INTO ETX_WEB_USER (USR_ID,USR_LOGIN,USR_NAME,PAR_ID) VALUES (ETX_WEB_USRSEQ.nextval,'uid00268','UID268',2)
/
INSERT INTO ETX_WEB_USER (USR_ID,USR_LOGIN,USR_NAME,PAR_ID) VALUES (ETX_WEB_USRSEQ.nextval,'uid00269','UID269',2)
/
INSERT INTO ETX_WEB_USER (USR_ID,USR_LOGIN,USR_NAME,PAR_ID) VALUES (ETX_WEB_USRSEQ.nextval,'uid00270','UID270',3)
/
INSERT INTO ETX_WEB_USER (USR_ID,USR_LOGIN,USR_NAME,PAR_ID) VALUES (ETX_WEB_USRSEQ.nextval,'uid00271','UID271', 1)
/
INSERT INTO ETX_WEB_USER (USR_ID,USR_LOGIN,USR_NAME,PAR_ID) VALUES (ETX_WEB_USRSEQ.nextval,'uid00272','UID272', 1)
/
INSERT INTO ETX_WEB_USER (USR_ID,USR_LOGIN,USR_NAME,PAR_ID) VALUES (ETX_WEB_USRSEQ.nextval,'uid00273','UID273',2)
/
INSERT INTO ETX_WEB_USER (USR_ID,USR_LOGIN,USR_NAME,PAR_ID) VALUES (ETX_WEB_USRSEQ.nextval,'uid00274','UID274', 1)
/
INSERT INTO ETX_WEB_USER (USR_ID,USR_LOGIN,USR_NAME,PAR_ID) VALUES (ETX_WEB_USRSEQ.nextval,'uid00275','UID275',3)
/
INSERT INTO ETX_WEB_USER (USR_ID,USR_LOGIN,USR_NAME,PAR_ID) VALUES (ETX_WEB_USRSEQ.nextval,'uid00276','UID276',5)
/
INSERT INTO ETX_WEB_USER (USR_ID,USR_LOGIN,USR_NAME,PAR_ID) VALUES (ETX_WEB_USRSEQ.nextval,'uid00277','UID277',4)
/
INSERT INTO ETX_WEB_USER (USR_ID,USR_LOGIN,USR_NAME,PAR_ID) VALUES (ETX_WEB_USRSEQ.nextval,'uid00278','UID278',3)
/
INSERT INTO ETX_WEB_USER (USR_ID,USR_LOGIN,USR_NAME,PAR_ID) VALUES (ETX_WEB_USRSEQ.nextval,'uid00279','UID279', 1)
/
INSERT INTO ETX_WEB_USER (USR_ID,USR_LOGIN,USR_NAME,PAR_ID) VALUES (ETX_WEB_USRSEQ.nextval,'uid00280','UID280',3)
/
INSERT INTO ETX_WEB_USER (USR_ID,USR_LOGIN,USR_NAME,PAR_ID) VALUES (ETX_WEB_USRSEQ.nextval,'uid00281','UID281',2)
/
INSERT INTO ETX_WEB_USER (USR_ID,USR_LOGIN,USR_NAME,PAR_ID) VALUES (ETX_WEB_USRSEQ.nextval,'uid00282','UID282',5)
/
INSERT INTO ETX_WEB_USER (USR_ID,USR_LOGIN,USR_NAME,PAR_ID) VALUES (ETX_WEB_USRSEQ.nextval,'uid00283','UID283',4)
/
INSERT INTO ETX_WEB_USER (USR_ID,USR_LOGIN,USR_NAME,PAR_ID) VALUES (ETX_WEB_USRSEQ.nextval,'uid00284','UID284', 1)
/
INSERT INTO ETX_WEB_USER (USR_ID,USR_LOGIN,USR_NAME,PAR_ID) VALUES (ETX_WEB_USRSEQ.nextval,'uid00285','UID285',4)
/
INSERT INTO ETX_WEB_USER (USR_ID,USR_LOGIN,USR_NAME,PAR_ID) VALUES (ETX_WEB_USRSEQ.nextval,'uid00286','UID286',5)
/
INSERT INTO ETX_WEB_USER (USR_ID,USR_LOGIN,USR_NAME,PAR_ID) VALUES (ETX_WEB_USRSEQ.nextval,'uid00287','UID287',2)
/
INSERT INTO ETX_WEB_USER (USR_ID,USR_LOGIN,USR_NAME,PAR_ID) VALUES (ETX_WEB_USRSEQ.nextval,'uid00288','UID288',2)
/
INSERT INTO ETX_WEB_USER (USR_ID,USR_LOGIN,USR_NAME,PAR_ID) VALUES (ETX_WEB_USRSEQ.nextval,'uid00289','UID289',5)
/
INSERT INTO ETX_WEB_USER (USR_ID,USR_LOGIN,USR_NAME,PAR_ID) VALUES (ETX_WEB_USRSEQ.nextval,'uid00290','UID290',5)
/
INSERT INTO ETX_WEB_USER (USR_ID,USR_LOGIN,USR_NAME,PAR_ID) VALUES (ETX_WEB_USRSEQ.nextval,'uid00291','UID291',2)
/
INSERT INTO ETX_WEB_USER (USR_ID,USR_LOGIN,USR_NAME,PAR_ID) VALUES (ETX_WEB_USRSEQ.nextval,'uid00292','UID292', 1)
/
INSERT INTO ETX_WEB_USER (USR_ID,USR_LOGIN,USR_NAME,PAR_ID) VALUES (ETX_WEB_USRSEQ.nextval,'uid00293','UID293',2)
/
INSERT INTO ETX_WEB_USER (USR_ID,USR_LOGIN,USR_NAME,PAR_ID) VALUES (ETX_WEB_USRSEQ.nextval,'uid00294','UID294',5)
/
INSERT INTO ETX_WEB_USER (USR_ID,USR_LOGIN,USR_NAME,PAR_ID) VALUES (ETX_WEB_USRSEQ.nextval,'uid00295','UID295', 1)
/
INSERT INTO ETX_WEB_USER (USR_ID,USR_LOGIN,USR_NAME,PAR_ID) VALUES (ETX_WEB_USRSEQ.nextval,'uid00296','UID296',2)
/
INSERT INTO ETX_WEB_USER (USR_ID,USR_LOGIN,USR_NAME,PAR_ID) VALUES (ETX_WEB_USRSEQ.nextval,'uid00297','UID297',3)
/
INSERT INTO ETX_WEB_USER (USR_ID,USR_LOGIN,USR_NAME,PAR_ID) VALUES (ETX_WEB_USRSEQ.nextval,'uid00298','UID298', 1)
/
INSERT INTO ETX_WEB_USER (USR_ID,USR_LOGIN,USR_NAME,PAR_ID) VALUES (ETX_WEB_USRSEQ.nextval,'uid00299','UID299',5)
/
INSERT INTO ETX_WEB_USER (USR_ID,USR_LOGIN,USR_NAME,PAR_ID) VALUES (ETX_WEB_USRSEQ.nextval,'uid00300','UID300',2)
/
INSERT INTO ETX_WEB_USER (USR_ID,USR_LOGIN,USR_NAME,PAR_ID) VALUES (ETX_WEB_USRSEQ.nextval,'uid00301','UID301',3)
/
INSERT INTO ETX_WEB_USER (USR_ID,USR_LOGIN,USR_NAME,PAR_ID) VALUES (ETX_WEB_USRSEQ.nextval,'uid00302','UID302',4)
/
INSERT INTO ETX_WEB_USER (USR_ID,USR_LOGIN,USR_NAME,PAR_ID) VALUES (ETX_WEB_USRSEQ.nextval,'uid00303','UID303',5)
/
INSERT INTO ETX_WEB_USER (USR_ID,USR_LOGIN,USR_NAME,PAR_ID) VALUES (ETX_WEB_USRSEQ.nextval,'uid00304','UID304',2)
/
INSERT INTO ETX_WEB_USER (USR_ID,USR_LOGIN,USR_NAME,PAR_ID) VALUES (ETX_WEB_USRSEQ.nextval,'uid00305','UID305',3)
/
INSERT INTO ETX_WEB_USER (USR_ID,USR_LOGIN,USR_NAME,PAR_ID) VALUES (ETX_WEB_USRSEQ.nextval,'uid00306','UID306',5)
/
INSERT INTO ETX_WEB_USER (USR_ID,USR_LOGIN,USR_NAME,PAR_ID) VALUES (ETX_WEB_USRSEQ.nextval,'uid00307','UID307',5)
/
INSERT INTO ETX_WEB_USER (USR_ID,USR_LOGIN,USR_NAME,PAR_ID) VALUES (ETX_WEB_USRSEQ.nextval,'uid00308','UID308',2)
/
INSERT INTO ETX_WEB_USER (USR_ID,USR_LOGIN,USR_NAME,PAR_ID) VALUES (ETX_WEB_USRSEQ.nextval,'uid00309','UID309',3)
/
INSERT INTO ETX_WEB_USER (USR_ID,USR_LOGIN,USR_NAME,PAR_ID) VALUES (ETX_WEB_USRSEQ.nextval,'uid00310','UID310',4)
/
INSERT INTO ETX_WEB_USER (USR_ID,USR_LOGIN,USR_NAME,PAR_ID) VALUES (ETX_WEB_USRSEQ.nextval,'uid00311','UID311',3)
/
INSERT INTO ETX_WEB_USER (USR_ID,USR_LOGIN,USR_NAME,PAR_ID) VALUES (ETX_WEB_USRSEQ.nextval,'uid00312','UID312',2)
/
INSERT INTO ETX_WEB_USER (USR_ID,USR_LOGIN,USR_NAME,PAR_ID) VALUES (ETX_WEB_USRSEQ.nextval,'uid00313','UID313',4)
/
INSERT INTO ETX_WEB_USER (USR_ID,USR_LOGIN,USR_NAME,PAR_ID) VALUES (ETX_WEB_USRSEQ.nextval,'uid00314','UID314',3)
/
INSERT INTO ETX_WEB_USER (USR_ID,USR_LOGIN,USR_NAME,PAR_ID) VALUES (ETX_WEB_USRSEQ.nextval,'uid00315','UID315',5)
/
INSERT INTO ETX_WEB_USER (USR_ID,USR_LOGIN,USR_NAME,PAR_ID) VALUES (ETX_WEB_USRSEQ.nextval,'uid00316','UID316',2)
/
INSERT INTO ETX_WEB_USER (USR_ID,USR_LOGIN,USR_NAME,PAR_ID) VALUES (ETX_WEB_USRSEQ.nextval,'uid00317','UID317', 1)
/
INSERT INTO ETX_WEB_USER (USR_ID,USR_LOGIN,USR_NAME,PAR_ID) VALUES (ETX_WEB_USRSEQ.nextval,'uid00318','UID318',3)
/
INSERT INTO ETX_WEB_USER (USR_ID,USR_LOGIN,USR_NAME,PAR_ID) VALUES (ETX_WEB_USRSEQ.nextval,'uid00319','UID319',4)
/
INSERT INTO ETX_WEB_USER (USR_ID,USR_LOGIN,USR_NAME,PAR_ID) VALUES (ETX_WEB_USRSEQ.nextval,'uid00320','UID320', 1)
/
INSERT INTO ETX_WEB_USER (USR_ID,USR_LOGIN,USR_NAME,PAR_ID) VALUES (ETX_WEB_USRSEQ.nextval,'uid00321','UID321',3)
/
INSERT INTO ETX_WEB_USER (USR_ID,USR_LOGIN,USR_NAME,PAR_ID) VALUES (ETX_WEB_USRSEQ.nextval,'uid00322','UID322', 1)
/
INSERT INTO ETX_WEB_USER (USR_ID,USR_LOGIN,USR_NAME,PAR_ID) VALUES (ETX_WEB_USRSEQ.nextval,'uid00323','UID323', 1)
/
INSERT INTO ETX_WEB_USER (USR_ID,USR_LOGIN,USR_NAME,PAR_ID) VALUES (ETX_WEB_USRSEQ.nextval,'uid00324','UID324',3)
/
INSERT INTO ETX_WEB_USER (USR_ID,USR_LOGIN,USR_NAME,PAR_ID) VALUES (ETX_WEB_USRSEQ.nextval,'uid00325','UID325', 1)
/
INSERT INTO ETX_WEB_USER (USR_ID,USR_LOGIN,USR_NAME,PAR_ID) VALUES (ETX_WEB_USRSEQ.nextval,'uid00326','UID326',5)
/
INSERT INTO ETX_WEB_USER (USR_ID,USR_LOGIN,USR_NAME,PAR_ID) VALUES (ETX_WEB_USRSEQ.nextval,'uid00327','UID327',4)
/
INSERT INTO ETX_WEB_USER (USR_ID,USR_LOGIN,USR_NAME,PAR_ID) VALUES (ETX_WEB_USRSEQ.nextval,'uid00328','UID328', 1)
/
INSERT INTO ETX_WEB_USER (USR_ID,USR_LOGIN,USR_NAME,PAR_ID) VALUES (ETX_WEB_USRSEQ.nextval,'uid00329','UID329', 1)
/
INSERT INTO ETX_WEB_USER (USR_ID,USR_LOGIN,USR_NAME,PAR_ID) VALUES (ETX_WEB_USRSEQ.nextval,'uid00330','UID330', 1)
/
INSERT INTO ETX_WEB_USER (USR_ID,USR_LOGIN,USR_NAME,PAR_ID) VALUES (ETX_WEB_USRSEQ.nextval,'uid00331','UID331',2)
/
INSERT INTO ETX_WEB_USER (USR_ID,USR_LOGIN,USR_NAME,PAR_ID) VALUES (ETX_WEB_USRSEQ.nextval,'uid00332','UID332',2)
/
INSERT INTO ETX_WEB_USER (USR_ID,USR_LOGIN,USR_NAME,PAR_ID) VALUES (ETX_WEB_USRSEQ.nextval,'uid00333','UID333',4)
/
INSERT INTO ETX_WEB_USER (USR_ID,USR_LOGIN,USR_NAME,PAR_ID) VALUES (ETX_WEB_USRSEQ.nextval,'uid00334','UID334',3)
/
INSERT INTO ETX_WEB_USER (USR_ID,USR_LOGIN,USR_NAME,PAR_ID) VALUES (ETX_WEB_USRSEQ.nextval,'uid00335','UID335', 1)
/
INSERT INTO ETX_WEB_USER (USR_ID,USR_LOGIN,USR_NAME,PAR_ID) VALUES (ETX_WEB_USRSEQ.nextval,'uid00336','UID336',3)
/
INSERT INTO ETX_WEB_USER (USR_ID,USR_LOGIN,USR_NAME,PAR_ID) VALUES (ETX_WEB_USRSEQ.nextval,'uid00337','UID337',3)
/
INSERT INTO ETX_WEB_USER (USR_ID,USR_LOGIN,USR_NAME,PAR_ID) VALUES (ETX_WEB_USRSEQ.nextval,'uid00338','UID338',2)
/
INSERT INTO ETX_WEB_USER (USR_ID,USR_LOGIN,USR_NAME,PAR_ID) VALUES (ETX_WEB_USRSEQ.nextval,'uid00339','UID339', 1)
/
INSERT INTO ETX_WEB_USER (USR_ID,USR_LOGIN,USR_NAME,PAR_ID) VALUES (ETX_WEB_USRSEQ.nextval,'uid00340','UID340',5)
/
INSERT INTO ETX_WEB_USER (USR_ID,USR_LOGIN,USR_NAME,PAR_ID) VALUES (ETX_WEB_USRSEQ.nextval,'uid00341','UID341',3)
/
INSERT INTO ETX_WEB_USER (USR_ID,USR_LOGIN,USR_NAME,PAR_ID) VALUES (ETX_WEB_USRSEQ.nextval,'uid00342','UID342',2)
/
INSERT INTO ETX_WEB_USER (USR_ID,USR_LOGIN,USR_NAME,PAR_ID) VALUES (ETX_WEB_USRSEQ.nextval,'uid00343','UID343',3)
/
INSERT INTO ETX_WEB_USER (USR_ID,USR_LOGIN,USR_NAME,PAR_ID) VALUES (ETX_WEB_USRSEQ.nextval,'uid00344','UID344',2)
/
INSERT INTO ETX_WEB_USER (USR_ID,USR_LOGIN,USR_NAME,PAR_ID) VALUES (ETX_WEB_USRSEQ.nextval,'uid00345','UID345',3)
/
INSERT INTO ETX_WEB_USER (USR_ID,USR_LOGIN,USR_NAME,PAR_ID) VALUES (ETX_WEB_USRSEQ.nextval,'uid00346','UID346',4)
/
INSERT INTO ETX_WEB_USER (USR_ID,USR_LOGIN,USR_NAME,PAR_ID) VALUES (ETX_WEB_USRSEQ.nextval,'uid00347','UID347',4)
/
INSERT INTO ETX_WEB_USER (USR_ID,USR_LOGIN,USR_NAME,PAR_ID) VALUES (ETX_WEB_USRSEQ.nextval,'uid00348','UID348',3)
/
INSERT INTO ETX_WEB_USER (USR_ID,USR_LOGIN,USR_NAME,PAR_ID) VALUES (ETX_WEB_USRSEQ.nextval,'uid00349','UID349',4)
/
INSERT INTO ETX_WEB_USER (USR_ID,USR_LOGIN,USR_NAME,PAR_ID) VALUES (ETX_WEB_USRSEQ.nextval,'uid00350','UID350',4)
/
INSERT INTO ETX_WEB_USER (USR_ID,USR_LOGIN,USR_NAME,PAR_ID) VALUES (ETX_WEB_USRSEQ.nextval,'uid00351','UID351',4)
/
INSERT INTO ETX_WEB_USER (USR_ID,USR_LOGIN,USR_NAME,PAR_ID) VALUES (ETX_WEB_USRSEQ.nextval,'uid00352','UID352',2)
/
INSERT INTO ETX_WEB_USER (USR_ID,USR_LOGIN,USR_NAME,PAR_ID) VALUES (ETX_WEB_USRSEQ.nextval,'uid00353','UID353',2)
/
INSERT INTO ETX_WEB_USER (USR_ID,USR_LOGIN,USR_NAME,PAR_ID) VALUES (ETX_WEB_USRSEQ.nextval,'uid00354','UID354',5)
/
INSERT INTO ETX_WEB_USER (USR_ID,USR_LOGIN,USR_NAME,PAR_ID) VALUES (ETX_WEB_USRSEQ.nextval,'uid00355','UID355',4)
/
INSERT INTO ETX_WEB_USER (USR_ID,USR_LOGIN,USR_NAME,PAR_ID) VALUES (ETX_WEB_USRSEQ.nextval,'uid00356','UID356',3)
/
INSERT INTO ETX_WEB_USER (USR_ID,USR_LOGIN,USR_NAME,PAR_ID) VALUES (ETX_WEB_USRSEQ.nextval,'uid00357','UID357',2)
/
INSERT INTO ETX_WEB_USER (USR_ID,USR_LOGIN,USR_NAME,PAR_ID) VALUES (ETX_WEB_USRSEQ.nextval,'uid00358','UID358',2)
/
INSERT INTO ETX_WEB_USER (USR_ID,USR_LOGIN,USR_NAME,PAR_ID) VALUES (ETX_WEB_USRSEQ.nextval,'uid00359','UID359',3)
/
INSERT INTO ETX_WEB_USER (USR_ID,USR_LOGIN,USR_NAME,PAR_ID) VALUES (ETX_WEB_USRSEQ.nextval,'uid00360','UID360',3)
/
INSERT INTO ETX_WEB_USER (USR_ID,USR_LOGIN,USR_NAME,PAR_ID) VALUES (ETX_WEB_USRSEQ.nextval,'uid00361','UID361', 1)
/
INSERT INTO ETX_WEB_USER (USR_ID,USR_LOGIN,USR_NAME,PAR_ID) VALUES (ETX_WEB_USRSEQ.nextval,'uid00362','UID362',4)
/
INSERT INTO ETX_WEB_USER (USR_ID,USR_LOGIN,USR_NAME,PAR_ID) VALUES (ETX_WEB_USRSEQ.nextval,'uid00363','UID363', 1)
/
INSERT INTO ETX_WEB_USER (USR_ID,USR_LOGIN,USR_NAME,PAR_ID) VALUES (ETX_WEB_USRSEQ.nextval,'uid00364','UID364',3)
/
INSERT INTO ETX_WEB_USER (USR_ID,USR_LOGIN,USR_NAME,PAR_ID) VALUES (ETX_WEB_USRSEQ.nextval,'uid00365','UID365',4)
/
INSERT INTO ETX_WEB_USER (USR_ID,USR_LOGIN,USR_NAME,PAR_ID) VALUES (ETX_WEB_USRSEQ.nextval,'uid00366','UID366',3)
/
INSERT INTO ETX_WEB_USER (USR_ID,USR_LOGIN,USR_NAME,PAR_ID) VALUES (ETX_WEB_USRSEQ.nextval,'uid00367','UID367',2)
/
INSERT INTO ETX_WEB_USER (USR_ID,USR_LOGIN,USR_NAME,PAR_ID) VALUES (ETX_WEB_USRSEQ.nextval,'uid00368','UID368',4)
/
INSERT INTO ETX_WEB_USER (USR_ID,USR_LOGIN,USR_NAME,PAR_ID) VALUES (ETX_WEB_USRSEQ.nextval,'uid00369','UID369',5)
/
INSERT INTO ETX_WEB_USER (USR_ID,USR_LOGIN,USR_NAME,PAR_ID) VALUES (ETX_WEB_USRSEQ.nextval,'uid00370','UID370',5)
/
INSERT INTO ETX_WEB_USER (USR_ID,USR_LOGIN,USR_NAME,PAR_ID) VALUES (ETX_WEB_USRSEQ.nextval,'uid00371','UID371',3)
/
INSERT INTO ETX_WEB_USER (USR_ID,USR_LOGIN,USR_NAME,PAR_ID) VALUES (ETX_WEB_USRSEQ.nextval,'uid00372','UID372', 1)
/
INSERT INTO ETX_WEB_USER (USR_ID,USR_LOGIN,USR_NAME,PAR_ID) VALUES (ETX_WEB_USRSEQ.nextval,'uid00373','UID373',2)
/
INSERT INTO ETX_WEB_USER (USR_ID,USR_LOGIN,USR_NAME,PAR_ID) VALUES (ETX_WEB_USRSEQ.nextval,'uid00374','UID374',5)
/
INSERT INTO ETX_WEB_USER (USR_ID,USR_LOGIN,USR_NAME,PAR_ID) VALUES (ETX_WEB_USRSEQ.nextval,'uid00375','UID375',3)
/
INSERT INTO ETX_WEB_USER (USR_ID,USR_LOGIN,USR_NAME,PAR_ID) VALUES (ETX_WEB_USRSEQ.nextval,'uid00376','UID376', 1)
/
INSERT INTO ETX_WEB_USER (USR_ID,USR_LOGIN,USR_NAME,PAR_ID) VALUES (ETX_WEB_USRSEQ.nextval,'uid00377','UID377',3)
/
INSERT INTO ETX_WEB_USER (USR_ID,USR_LOGIN,USR_NAME,PAR_ID) VALUES (ETX_WEB_USRSEQ.nextval,'uid00378','UID378',4)
/
INSERT INTO ETX_WEB_USER (USR_ID,USR_LOGIN,USR_NAME,PAR_ID) VALUES (ETX_WEB_USRSEQ.nextval,'uid00379','UID379', 1)
/
INSERT INTO ETX_WEB_USER (USR_ID,USR_LOGIN,USR_NAME,PAR_ID) VALUES (ETX_WEB_USRSEQ.nextval,'uid00380','UID380',3)
/
INSERT INTO ETX_WEB_USER (USR_ID,USR_LOGIN,USR_NAME,PAR_ID) VALUES (ETX_WEB_USRSEQ.nextval,'uid00381','UID381', 1)
/
INSERT INTO ETX_WEB_USER (USR_ID,USR_LOGIN,USR_NAME,PAR_ID) VALUES (ETX_WEB_USRSEQ.nextval,'uid00382','UID382',3)
/
INSERT INTO ETX_WEB_USER (USR_ID,USR_LOGIN,USR_NAME,PAR_ID) VALUES (ETX_WEB_USRSEQ.nextval,'uid00383','UID383', 1)
/
INSERT INTO ETX_WEB_USER (USR_ID,USR_LOGIN,USR_NAME,PAR_ID) VALUES (ETX_WEB_USRSEQ.nextval,'uid00384','UID384', 1)
/
INSERT INTO ETX_WEB_USER (USR_ID,USR_LOGIN,USR_NAME,PAR_ID) VALUES (ETX_WEB_USRSEQ.nextval,'uid00385','UID385',3)
/
INSERT INTO ETX_WEB_USER (USR_ID,USR_LOGIN,USR_NAME,PAR_ID) VALUES (ETX_WEB_USRSEQ.nextval,'uid00386','UID386',5)
/
INSERT INTO ETX_WEB_USER (USR_ID,USR_LOGIN,USR_NAME,PAR_ID) VALUES (ETX_WEB_USRSEQ.nextval,'uid00387','UID387',2)
/
INSERT INTO ETX_WEB_USER (USR_ID,USR_LOGIN,USR_NAME,PAR_ID) VALUES (ETX_WEB_USRSEQ.nextval,'uid00388','UID388',4)
/
INSERT INTO ETX_WEB_USER (USR_ID,USR_LOGIN,USR_NAME,PAR_ID) VALUES (ETX_WEB_USRSEQ.nextval,'uid00389','UID389',2)
/
INSERT INTO ETX_WEB_USER (USR_ID,USR_LOGIN,USR_NAME,PAR_ID) VALUES (ETX_WEB_USRSEQ.nextval,'uid00390','UID390',3)
/
INSERT INTO ETX_WEB_USER (USR_ID,USR_LOGIN,USR_NAME,PAR_ID) VALUES (ETX_WEB_USRSEQ.nextval,'uid00391','UID391',3)
/
INSERT INTO ETX_WEB_USER (USR_ID,USR_LOGIN,USR_NAME,PAR_ID) VALUES (ETX_WEB_USRSEQ.nextval,'uid00392','UID392',2)
/
INSERT INTO ETX_WEB_USER (USR_ID,USR_LOGIN,USR_NAME,PAR_ID) VALUES (ETX_WEB_USRSEQ.nextval,'uid00393','UID393',5)
/
INSERT INTO ETX_WEB_USER (USR_ID,USR_LOGIN,USR_NAME,PAR_ID) VALUES (ETX_WEB_USRSEQ.nextval,'uid00394','UID394',2)
/
INSERT INTO ETX_WEB_USER (USR_ID,USR_LOGIN,USR_NAME,PAR_ID) VALUES (ETX_WEB_USRSEQ.nextval,'uid00395','UID395',2)
/
INSERT INTO ETX_WEB_USER (USR_ID,USR_LOGIN,USR_NAME,PAR_ID) VALUES (ETX_WEB_USRSEQ.nextval,'uid00396','UID396',4)
/
INSERT INTO ETX_WEB_USER (USR_ID,USR_LOGIN,USR_NAME,PAR_ID) VALUES (ETX_WEB_USRSEQ.nextval,'uid00397','UID397',5)
/
INSERT INTO ETX_WEB_USER (USR_ID,USR_LOGIN,USR_NAME,PAR_ID) VALUES (ETX_WEB_USRSEQ.nextval,'uid00398','UID398',2)
/
INSERT INTO ETX_WEB_USER (USR_ID,USR_LOGIN,USR_NAME,PAR_ID) VALUES (ETX_WEB_USRSEQ.nextval,'uid00399','UID399',4)
/
INSERT INTO ETX_WEB_USER (USR_ID,USR_LOGIN,USR_NAME,PAR_ID) VALUES (ETX_WEB_USRSEQ.nextval,'uid00400','UID400',2)
/
INSERT INTO ETX_WEB_USER (USR_ID,USR_LOGIN,USR_NAME,PAR_ID) VALUES (ETX_WEB_USRSEQ.nextval,'uid00401','UID401',5)
/
INSERT INTO ETX_WEB_USER (USR_ID,USR_LOGIN,USR_NAME,PAR_ID) VALUES (ETX_WEB_USRSEQ.nextval,'uid00402','UID402',4)
/
INSERT INTO ETX_WEB_USER (USR_ID,USR_LOGIN,USR_NAME,PAR_ID) VALUES (ETX_WEB_USRSEQ.nextval,'uid00403','UID403',4)
/
INSERT INTO ETX_WEB_USER (USR_ID,USR_LOGIN,USR_NAME,PAR_ID) VALUES (ETX_WEB_USRSEQ.nextval,'uid00404','UID404',5)
/
INSERT INTO ETX_WEB_USER (USR_ID,USR_LOGIN,USR_NAME,PAR_ID) VALUES (ETX_WEB_USRSEQ.nextval,'uid00405','UID405',3)
/
INSERT INTO ETX_WEB_USER (USR_ID,USR_LOGIN,USR_NAME,PAR_ID) VALUES (ETX_WEB_USRSEQ.nextval,'uid00406','UID406', 1)
/
INSERT INTO ETX_WEB_USER (USR_ID,USR_LOGIN,USR_NAME,PAR_ID) VALUES (ETX_WEB_USRSEQ.nextval,'uid00407','UID407',4)
/
INSERT INTO ETX_WEB_USER (USR_ID,USR_LOGIN,USR_NAME,PAR_ID) VALUES (ETX_WEB_USRSEQ.nextval,'uid00408','UID408',3)
/
INSERT INTO ETX_WEB_USER (USR_ID,USR_LOGIN,USR_NAME,PAR_ID) VALUES (ETX_WEB_USRSEQ.nextval,'uid00409','UID409',4)
/
INSERT INTO ETX_WEB_USER (USR_ID,USR_LOGIN,USR_NAME,PAR_ID) VALUES (ETX_WEB_USRSEQ.nextval,'uid00410','UID410', 1)
/
INSERT INTO ETX_WEB_USER (USR_ID,USR_LOGIN,USR_NAME,PAR_ID) VALUES (ETX_WEB_USRSEQ.nextval,'uid00411','UID411',4)
/
INSERT INTO ETX_WEB_USER (USR_ID,USR_LOGIN,USR_NAME,PAR_ID) VALUES (ETX_WEB_USRSEQ.nextval,'uid00412','UID412',4)
/
INSERT INTO ETX_WEB_USER (USR_ID,USR_LOGIN,USR_NAME,PAR_ID) VALUES (ETX_WEB_USRSEQ.nextval,'uid00413','UID413',5)
/
INSERT INTO ETX_WEB_USER (USR_ID,USR_LOGIN,USR_NAME,PAR_ID) VALUES (ETX_WEB_USRSEQ.nextval,'uid00414','UID414', 1)
/
INSERT INTO ETX_WEB_USER (USR_ID,USR_LOGIN,USR_NAME,PAR_ID) VALUES (ETX_WEB_USRSEQ.nextval,'uid00415','UID415',3)
/
INSERT INTO ETX_WEB_USER (USR_ID,USR_LOGIN,USR_NAME,PAR_ID) VALUES (ETX_WEB_USRSEQ.nextval,'uid00416','UID416',5)
/
INSERT INTO ETX_WEB_USER (USR_ID,USR_LOGIN,USR_NAME,PAR_ID) VALUES (ETX_WEB_USRSEQ.nextval,'uid00417','UID417',4)
/
INSERT INTO ETX_WEB_USER (USR_ID,USR_LOGIN,USR_NAME,PAR_ID) VALUES (ETX_WEB_USRSEQ.nextval,'uid00418','UID418',4)
/
INSERT INTO ETX_WEB_USER (USR_ID,USR_LOGIN,USR_NAME,PAR_ID) VALUES (ETX_WEB_USRSEQ.nextval,'uid00419','UID419',5)
/
INSERT INTO ETX_WEB_USER (USR_ID,USR_LOGIN,USR_NAME,PAR_ID) VALUES (ETX_WEB_USRSEQ.nextval,'uid00420','UID420',2)
/
INSERT INTO ETX_WEB_USER (USR_ID,USR_LOGIN,USR_NAME,PAR_ID) VALUES (ETX_WEB_USRSEQ.nextval,'uid00421','UID421',3)
/
INSERT INTO ETX_WEB_USER (USR_ID,USR_LOGIN,USR_NAME,PAR_ID) VALUES (ETX_WEB_USRSEQ.nextval,'uid00422','UID422', 1)
/
INSERT INTO ETX_WEB_USER (USR_ID,USR_LOGIN,USR_NAME,PAR_ID) VALUES (ETX_WEB_USRSEQ.nextval,'uid00423','UID423',5)
/
INSERT INTO ETX_WEB_USER (USR_ID,USR_LOGIN,USR_NAME,PAR_ID) VALUES (ETX_WEB_USRSEQ.nextval,'uid00424','UID424',4)
/
INSERT INTO ETX_WEB_USER (USR_ID,USR_LOGIN,USR_NAME,PAR_ID) VALUES (ETX_WEB_USRSEQ.nextval,'uid00425','UID425', 1)
/
INSERT INTO ETX_WEB_USER (USR_ID,USR_LOGIN,USR_NAME,PAR_ID) VALUES (ETX_WEB_USRSEQ.nextval,'uid00426','UID426',4)
/
INSERT INTO ETX_WEB_USER (USR_ID,USR_LOGIN,USR_NAME,PAR_ID) VALUES (ETX_WEB_USRSEQ.nextval,'uid00427','UID427',4)
/
INSERT INTO ETX_WEB_USER (USR_ID,USR_LOGIN,USR_NAME,PAR_ID) VALUES (ETX_WEB_USRSEQ.nextval,'uid00428','UID428',2)
/
INSERT INTO ETX_WEB_USER (USR_ID,USR_LOGIN,USR_NAME,PAR_ID) VALUES (ETX_WEB_USRSEQ.nextval,'uid00429','UID429', 1)
/
INSERT INTO ETX_WEB_USER (USR_ID,USR_LOGIN,USR_NAME,PAR_ID) VALUES (ETX_WEB_USRSEQ.nextval,'uid00430','UID430', 1)
/
INSERT INTO ETX_WEB_USER (USR_ID,USR_LOGIN,USR_NAME,PAR_ID) VALUES (ETX_WEB_USRSEQ.nextval,'uid00431','UID431',3)
/
INSERT INTO ETX_WEB_USER (USR_ID,USR_LOGIN,USR_NAME,PAR_ID) VALUES (ETX_WEB_USRSEQ.nextval,'uid00432','UID432',2)
/
INSERT INTO ETX_WEB_USER (USR_ID,USR_LOGIN,USR_NAME,PAR_ID) VALUES (ETX_WEB_USRSEQ.nextval,'uid00433','UID433',4)
/
INSERT INTO ETX_WEB_USER (USR_ID,USR_LOGIN,USR_NAME,PAR_ID) VALUES (ETX_WEB_USRSEQ.nextval,'uid00434','UID434',5)
/
INSERT INTO ETX_WEB_USER (USR_ID,USR_LOGIN,USR_NAME,PAR_ID) VALUES (ETX_WEB_USRSEQ.nextval,'uid00435','UID435',2)
/
INSERT INTO ETX_WEB_USER (USR_ID,USR_LOGIN,USR_NAME,PAR_ID) VALUES (ETX_WEB_USRSEQ.nextval,'uid00436','UID436',4)
/
INSERT INTO ETX_WEB_USER (USR_ID,USR_LOGIN,USR_NAME,PAR_ID) VALUES (ETX_WEB_USRSEQ.nextval,'uid00437','UID437',5)
/
INSERT INTO ETX_WEB_USER (USR_ID,USR_LOGIN,USR_NAME,PAR_ID) VALUES (ETX_WEB_USRSEQ.nextval,'uid00438','UID438',4)
/
INSERT INTO ETX_WEB_USER (USR_ID,USR_LOGIN,USR_NAME,PAR_ID) VALUES (ETX_WEB_USRSEQ.nextval,'uid00439','UID439',3)
/
INSERT INTO ETX_WEB_USER (USR_ID,USR_LOGIN,USR_NAME,PAR_ID) VALUES (ETX_WEB_USRSEQ.nextval,'uid00440','UID440',4)
/
INSERT INTO ETX_WEB_USER (USR_ID,USR_LOGIN,USR_NAME,PAR_ID) VALUES (ETX_WEB_USRSEQ.nextval,'uid00441','UID441',5)
/
INSERT INTO ETX_WEB_USER (USR_ID,USR_LOGIN,USR_NAME,PAR_ID) VALUES (ETX_WEB_USRSEQ.nextval,'uid00442','UID442',4)
/
INSERT INTO ETX_WEB_USER (USR_ID,USR_LOGIN,USR_NAME,PAR_ID) VALUES (ETX_WEB_USRSEQ.nextval,'uid00443','UID443',5)
/
INSERT INTO ETX_WEB_USER (USR_ID,USR_LOGIN,USR_NAME,PAR_ID) VALUES (ETX_WEB_USRSEQ.nextval,'uid00444','UID444',3)
/
INSERT INTO ETX_WEB_USER (USR_ID,USR_LOGIN,USR_NAME,PAR_ID) VALUES (ETX_WEB_USRSEQ.nextval,'uid00445','UID445',3)
/
INSERT INTO ETX_WEB_USER (USR_ID,USR_LOGIN,USR_NAME,PAR_ID) VALUES (ETX_WEB_USRSEQ.nextval,'uid00446','UID446',2)
/
INSERT INTO ETX_WEB_USER (USR_ID,USR_LOGIN,USR_NAME,PAR_ID) VALUES (ETX_WEB_USRSEQ.nextval,'uid00447','UID447',3)
/
INSERT INTO ETX_WEB_USER (USR_ID,USR_LOGIN,USR_NAME,PAR_ID) VALUES (ETX_WEB_USRSEQ.nextval,'uid00448','UID448', 1)
/
INSERT INTO ETX_WEB_USER (USR_ID,USR_LOGIN,USR_NAME,PAR_ID) VALUES (ETX_WEB_USRSEQ.nextval,'uid00449','UID449', 1)
/
INSERT INTO ETX_WEB_USER (USR_ID,USR_LOGIN,USR_NAME,PAR_ID) VALUES (ETX_WEB_USRSEQ.nextval,'uid00450','UID450',3)
/
INSERT INTO ETX_WEB_USER (USR_ID,USR_LOGIN,USR_NAME,PAR_ID) VALUES (ETX_WEB_USRSEQ.nextval,'uid00451','UID451',2)
/
INSERT INTO ETX_WEB_USER (USR_ID,USR_LOGIN,USR_NAME,PAR_ID) VALUES (ETX_WEB_USRSEQ.nextval,'uid00452','UID452',4)
/
INSERT INTO ETX_WEB_USER (USR_ID,USR_LOGIN,USR_NAME,PAR_ID) VALUES (ETX_WEB_USRSEQ.nextval,'uid00453','UID453',2)
/
INSERT INTO ETX_WEB_USER (USR_ID,USR_LOGIN,USR_NAME,PAR_ID) VALUES (ETX_WEB_USRSEQ.nextval,'uid00454','UID454',4)
/
INSERT INTO ETX_WEB_USER (USR_ID,USR_LOGIN,USR_NAME,PAR_ID) VALUES (ETX_WEB_USRSEQ.nextval,'uid00455','UID455',5)
/
INSERT INTO ETX_WEB_USER (USR_ID,USR_LOGIN,USR_NAME,PAR_ID) VALUES (ETX_WEB_USRSEQ.nextval,'uid00456','UID456',2)
/
INSERT INTO ETX_WEB_USER (USR_ID,USR_LOGIN,USR_NAME,PAR_ID) VALUES (ETX_WEB_USRSEQ.nextval,'uid00457','UID457',2)
/
INSERT INTO ETX_WEB_USER (USR_ID,USR_LOGIN,USR_NAME,PAR_ID) VALUES (ETX_WEB_USRSEQ.nextval,'uid00458','UID458', 1)
/
INSERT INTO ETX_WEB_USER (USR_ID,USR_LOGIN,USR_NAME,PAR_ID) VALUES (ETX_WEB_USRSEQ.nextval,'uid00459','UID459',5)
/
INSERT INTO ETX_WEB_USER (USR_ID,USR_LOGIN,USR_NAME,PAR_ID) VALUES (ETX_WEB_USRSEQ.nextval,'uid00460','UID460',3)
/
INSERT INTO ETX_WEB_USER (USR_ID,USR_LOGIN,USR_NAME,PAR_ID) VALUES (ETX_WEB_USRSEQ.nextval,'uid00461','UID461',2)
/
INSERT INTO ETX_WEB_USER (USR_ID,USR_LOGIN,USR_NAME,PAR_ID) VALUES (ETX_WEB_USRSEQ.nextval,'uid00462','UID462',3)
/
INSERT INTO ETX_WEB_USER (USR_ID,USR_LOGIN,USR_NAME,PAR_ID) VALUES (ETX_WEB_USRSEQ.nextval,'uid00463','UID463',5)
/
INSERT INTO ETX_WEB_USER (USR_ID,USR_LOGIN,USR_NAME,PAR_ID) VALUES (ETX_WEB_USRSEQ.nextval,'uid00464','UID464',3)
/
INSERT INTO ETX_WEB_USER (USR_ID,USR_LOGIN,USR_NAME,PAR_ID) VALUES (ETX_WEB_USRSEQ.nextval,'uid00465','UID465',4)
/
INSERT INTO ETX_WEB_USER (USR_ID,USR_LOGIN,USR_NAME,PAR_ID) VALUES (ETX_WEB_USRSEQ.nextval,'uid00466','UID466',3)
/
INSERT INTO ETX_WEB_USER (USR_ID,USR_LOGIN,USR_NAME,PAR_ID) VALUES (ETX_WEB_USRSEQ.nextval,'uid00467','UID467',5)
/
INSERT INTO ETX_WEB_USER (USR_ID,USR_LOGIN,USR_NAME,PAR_ID) VALUES (ETX_WEB_USRSEQ.nextval,'uid00468','UID468', 1)
/
INSERT INTO ETX_WEB_USER (USR_ID,USR_LOGIN,USR_NAME,PAR_ID) VALUES (ETX_WEB_USRSEQ.nextval,'uid00469','UID469',3)
/
INSERT INTO ETX_WEB_USER (USR_ID,USR_LOGIN,USR_NAME,PAR_ID) VALUES (ETX_WEB_USRSEQ.nextval,'uid00470','UID470',2)
/
INSERT INTO ETX_WEB_USER (USR_ID,USR_LOGIN,USR_NAME,PAR_ID) VALUES (ETX_WEB_USRSEQ.nextval,'uid00471','UID471',2)
/
INSERT INTO ETX_WEB_USER (USR_ID,USR_LOGIN,USR_NAME,PAR_ID) VALUES (ETX_WEB_USRSEQ.nextval,'uid00472','UID472',4)
/
INSERT INTO ETX_WEB_USER (USR_ID,USR_LOGIN,USR_NAME,PAR_ID) VALUES (ETX_WEB_USRSEQ.nextval,'uid00473','UID473',4)
/
INSERT INTO ETX_WEB_USER (USR_ID,USR_LOGIN,USR_NAME,PAR_ID) VALUES (ETX_WEB_USRSEQ.nextval,'uid00474','UID474',3)
/
INSERT INTO ETX_WEB_USER (USR_ID,USR_LOGIN,USR_NAME,PAR_ID) VALUES (ETX_WEB_USRSEQ.nextval,'uid00475','UID475',2)
/
INSERT INTO ETX_WEB_USER (USR_ID,USR_LOGIN,USR_NAME,PAR_ID) VALUES (ETX_WEB_USRSEQ.nextval,'uid00476','UID476',4)
/
INSERT INTO ETX_WEB_USER (USR_ID,USR_LOGIN,USR_NAME,PAR_ID) VALUES (ETX_WEB_USRSEQ.nextval,'uid00477','UID477',3)
/
INSERT INTO ETX_WEB_USER (USR_ID,USR_LOGIN,USR_NAME,PAR_ID) VALUES (ETX_WEB_USRSEQ.nextval,'uid00478','UID478',4)
/
INSERT INTO ETX_WEB_USER (USR_ID,USR_LOGIN,USR_NAME,PAR_ID) VALUES (ETX_WEB_USRSEQ.nextval,'uid00479','UID479',4)
/
INSERT INTO ETX_WEB_USER (USR_ID,USR_LOGIN,USR_NAME,PAR_ID) VALUES (ETX_WEB_USRSEQ.nextval,'uid00480','UID480',5)
/
INSERT INTO ETX_WEB_USER (USR_ID,USR_LOGIN,USR_NAME,PAR_ID) VALUES (ETX_WEB_USRSEQ.nextval,'uid00481','UID481', 1)
/
INSERT INTO ETX_WEB_USER (USR_ID,USR_LOGIN,USR_NAME,PAR_ID) VALUES (ETX_WEB_USRSEQ.nextval,'uid00482','UID482',4)
/
INSERT INTO ETX_WEB_USER (USR_ID,USR_LOGIN,USR_NAME,PAR_ID) VALUES (ETX_WEB_USRSEQ.nextval,'uid00483','UID483', 1)
/
INSERT INTO ETX_WEB_USER (USR_ID,USR_LOGIN,USR_NAME,PAR_ID) VALUES (ETX_WEB_USRSEQ.nextval,'uid00484','UID484',4)
/
INSERT INTO ETX_WEB_USER (USR_ID,USR_LOGIN,USR_NAME,PAR_ID) VALUES (ETX_WEB_USRSEQ.nextval,'uid00485','UID485',5)
/
INSERT INTO ETX_WEB_USER (USR_ID,USR_LOGIN,USR_NAME,PAR_ID) VALUES (ETX_WEB_USRSEQ.nextval,'uid00486','UID486',4)
/
INSERT INTO ETX_WEB_USER (USR_ID,USR_LOGIN,USR_NAME,PAR_ID) VALUES (ETX_WEB_USRSEQ.nextval,'uid00487','UID487',3)
/
INSERT INTO ETX_WEB_USER (USR_ID,USR_LOGIN,USR_NAME,PAR_ID) VALUES (ETX_WEB_USRSEQ.nextval,'uid00488','UID488',2)
/
INSERT INTO ETX_WEB_USER (USR_ID,USR_LOGIN,USR_NAME,PAR_ID) VALUES (ETX_WEB_USRSEQ.nextval,'uid00489','UID489',3)
/
INSERT INTO ETX_WEB_USER (USR_ID,USR_LOGIN,USR_NAME,PAR_ID) VALUES (ETX_WEB_USRSEQ.nextval,'uid00490','UID490',5)
/
INSERT INTO ETX_WEB_USER (USR_ID,USR_LOGIN,USR_NAME,PAR_ID) VALUES (ETX_WEB_USRSEQ.nextval,'uid00491','UID491',5)
/
INSERT INTO ETX_WEB_USER (USR_ID,USR_LOGIN,USR_NAME,PAR_ID) VALUES (ETX_WEB_USRSEQ.nextval,'uid00492','UID492', 1)
/
INSERT INTO ETX_WEB_USER (USR_ID,USR_LOGIN,USR_NAME,PAR_ID) VALUES (ETX_WEB_USRSEQ.nextval,'uid00493','UID493',2)
/
INSERT INTO ETX_WEB_USER (USR_ID,USR_LOGIN,USR_NAME,PAR_ID) VALUES (ETX_WEB_USRSEQ.nextval,'uid00494','UID494', 1)
/
INSERT INTO ETX_WEB_USER (USR_ID,USR_LOGIN,USR_NAME,PAR_ID) VALUES (ETX_WEB_USRSEQ.nextval,'uid00495','UID495',2)
/
INSERT INTO ETX_WEB_USER (USR_ID,USR_LOGIN,USR_NAME,PAR_ID) VALUES (ETX_WEB_USRSEQ.nextval,'uid00496','UID496',3)
/
INSERT INTO ETX_WEB_USER (USR_ID,USR_LOGIN,USR_NAME,PAR_ID) VALUES (ETX_WEB_USRSEQ.nextval,'uid00497','UID497', 1)
/
INSERT INTO ETX_WEB_USER (USR_ID,USR_LOGIN,USR_NAME,PAR_ID) VALUES (ETX_WEB_USRSEQ.nextval,'uid00498','UID498', 1)
/
INSERT INTO ETX_WEB_USER (USR_ID,USR_LOGIN,USR_NAME,PAR_ID) VALUES (ETX_WEB_USRSEQ.nextval,'uid00499','UID499',5)
/
INSERT INTO ETX_WEB_USER (USR_ID,USR_LOGIN,USR_NAME,PAR_ID) VALUES (ETX_WEB_USRSEQ.nextval,'uid00500','UID500',2)
/

-- CONFIG
-- Maybe using the acceptance's NODE services for stress test has to be reconsidered 
INSERT INTO ETX_WEB_CONFIG (CFG_ID,CFG_PROP_NAME,CFG_PROP_VALUE) values (1,'application_url','https://webgate.stress.ec.europa.eu/e-trustex/')
/
INSERT INTO ETX_WEB_CONFIG (CFG_ID,CFG_PROP_NAME,CFG_PROP_VALUE) values (2,'etrustex.doc.wrapper.service.uri','https://webgate.acceptance.ec.europa.eu/e-trustexnode/DocumentWrapper-2.0')
/
INSERT INTO ETX_WEB_CONFIG (CFG_ID,CFG_PROP_NAME,CFG_PROP_VALUE) values (3,'etrustex.doc.bundle.service.uri','https://webgate.acceptance.ec.europa.eu/e-trustexnode/DocumentBundle-2.0')
/
INSERT INTO ETX_WEB_CONFIG (CFG_ID,CFG_PROP_NAME,CFG_PROP_VALUE) values (4,'etrustex.doc.agreement.service.uri','https://webgate.acceptance.ec.europa.eu/e-trustexnode/RetrieveInterchangeAgreementsRequest-2.0')
/
INSERT INTO ETX_WEB_CONFIG (CFG_ID,CFG_PROP_NAME,CFG_PROP_VALUE) values (5,'edma.app.party','EDMA-APP-PARTY')
/
INSERT INTO ETX_WEB_CONFIG (CFG_ID,CFG_PROP_NAME,CFG_PROP_VALUE) values (6,'etrustex.doc.wrapper.service.internal.uri','https://wladig01.cc.cec.eu.int:1122/etrustex/external/DocumentWrapper-2.0')
/

